fecha,combustible,precio,tipo_cambio
2013-02-08,Búnker,22.72,7.87695
2013-02-08,Diésel,31.71,7.87695
2013-02-08,GLP,99.0,7.87695
2013-02-08,Regular,32.67,7.87695
2013-02-08,Superior,34.08,7.87695
2013-02-11,Búnker,22.85,7.87651
2013-02-11,Diésel,31.71,7.87651
2013-02-11,GLP,99.0,7.87651
2013-02-11,Regular,32.67,7.87651
2013-02-11,Superior,34.08,7.87651
2013-02-12,Búnker,22.85,7.8432
2013-02-12,Diésel,31.71,7.8432
2013-02-12,GLP,99.0,7.8432
2013-02-12,Regular,32.67,7.8432
2013-02-12,Superior,34.08,7.8432
2013-02-13,Búnker,22.85,7.82537
2013-02-13,Diésel,31.71,7.82537
2013-02-13,GLP,99.0,7.82537
2013-02-13,Regular,32.67,7.82537
2013-02-13,Superior,34.08,7.82537
2013-02-14,Búnker,22.85,7.82847
2013-02-14,Diésel,31.71,7.82847
2013-02-14,GLP,99.0,7.82847
2013-02-14,Regular,32.67,7.82847
2013-02-14,Superior,34.08,7.82847
2013-02-15,Búnker,22.85,7.85718
2013-02-15,Diésel,32.58,7.85718
2013-02-15,GLP,99.0,7.85718
2013-02-15,Regular,33.61,7.85718
2013-02-15,Superior,35.0,7.85718
2013-02-19,Búnker,22.85,7.8147
2013-02-19,Diésel,32.77,7.8147
2013-02-19,GLP,99.0,7.8147
2013-02-19,Regular,33.81,7.8147
2013-02-19,Superior,35.3,7.8147
2013-02-20,Búnker,22.85,7.82213
2013-02-20,Diésel,32.77,7.82213
2013-02-20,GLP,99.0,7.82213
2013-02-20,Regular,33.81,7.82213
2013-02-20,Superior,35.3,7.82213
2013-02-21,Búnker,22.85,7.81524
2013-02-21,Diésel,32.77,7.81524
2013-02-21,GLP,99.0,7.81524
2013-02-21,Regular,33.81,7.81524
2013-02-21,Superior,35.3,7.81524
2013-02-22,Búnker,22.85,7.80269
2013-02-22,Diésel,32.77,7.80269
2013-02-22,GLP,99.0,7.80269
2013-02-22,Regular,33.81,7.80269
2013-02-22,Superior,35.3,7.80269
2013-02-25,Búnker,22.85,7.78788
2013-02-25,Diésel,33.09,7.78788
2013-02-25,GLP,99.0,7.78788
2013-02-25,Regular,34.25,7.78788
2013-02-25,Superior,35.72,7.78788
2013-02-26,Búnker,22.85,7.78912
2013-02-26,Diésel,33.09,7.78912
2013-02-26,GLP,99.0,7.78912
2013-02-26,Regular,34.25,7.78912
2013-02-26,Superior,35.72,7.78912
2013-02-27,Búnker,22.85,7.82737
2013-02-27,Diésel,33.09,7.82737
2013-02-27,GLP,99.0,7.82737
2013-02-27,Regular,34.25,7.82737
2013-02-27,Superior,35.72,7.82737
2013-02-28,Búnker,22.85,7.83436
2013-02-28,Diésel,33.09,7.83436
2013-02-28,GLP,99.0,7.83436
2013-02-28,Regular,34.25,7.83436
2013-02-28,Superior,35.72,7.83436
2013-03-01,Búnker,22.85,7.84107
2013-03-01,Diésel,33.09,7.84107
2013-03-01,GLP,99.0,7.84107
2013-03-01,Regular,34.25,7.84107
2013-03-01,Superior,35.72,7.84107
2013-03-04,Búnker,22.85,7.8375
2013-03-04,Diésel,33.09,7.8375
2013-03-04,GLP,99.0,7.8375
2013-03-04,Regular,34.25,7.8375
2013-03-04,Superior,35.72,7.8375
2013-03-05,Búnker,22.85,7.83145
2013-03-05,Diésel,33.09,7.83145
2013-03-05,GLP,99.0,7.83145
2013-03-05,Regular,34.25,7.83145
2013-03-05,Superior,35.72,7.83145
2013-03-06,Búnker,22.85,7.82034
2013-03-06,Diésel,33.09,7.82034
2013-03-06,GLP,99.0,7.82034
2013-03-06,Regular,34.25,7.82034
2013-03-06,Superior,35.72,7.82034
2013-03-07,Búnker,22.85,7.79946
2013-03-07,Diésel,33.09,7.79946
2013-03-07,GLP,99.0,7.79946
2013-03-07,Regular,34.25,7.79946
2013-03-07,Superior,35.72,7.79946
2013-03-08,Búnker,22.85,7.79491
2013-03-08,Diésel,33.09,7.79491
2013-03-08,GLP,109.00000000000001,7.79491
2013-03-08,Regular,34.25,7.79491
2013-03-08,Superior,35.72,7.79491
2013-03-11,Búnker,22.42,7.80799
2013-03-11,Diésel,31.69,7.80799
2013-03-11,GLP,109.00000000000001,7.80799
2013-03-11,Regular,33.23,7.80799
2013-03-11,Superior,34.69,7.80799
2013-03-12,Búnker,22.42,7.80167
2013-03-12,Diésel,31.69,7.80167
2013-03-12,GLP,109.00000000000001,7.80167
2013-03-12,Regular,33.23,7.80167
2013-03-12,Superior,34.69,7.80167
2013-03-13,Búnker,22.42,7.80106
2013-03-13,Diésel,31.69,7.80106
2013-03-13,GLP,109.00000000000001,7.80106
2013-03-13,Regular,33.23,7.80106
2013-03-13,Superior,34.69,7.80106
2013-03-14,Búnker,22.42,7.80312
2013-03-14,Diésel,31.69,7.80312
2013-03-14,GLP,109.00000000000001,7.80312
2013-03-14,Regular,33.23,7.80312
2013-03-14,Superior,34.69,7.80312
2013-03-15,Búnker,22.42,7.80909
2013-03-15,Diésel,31.69,7.80909
2013-03-15,GLP,109.00000000000001,7.80909
2013-03-15,Regular,33.23,7.80909
2013-03-15,Superior,34.69,7.80909
2013-03-18,Búnker,22.4,7.80829
2013-03-18,Diésel,31.69,7.80829
2013-03-18,GLP,109.00000000000001,7.80829
2013-03-18,Regular,33.23,7.80829
2013-03-18,Superior,34.69,7.80829
2013-03-19,Búnker,22.4,7.81449
2013-03-19,Diésel,31.69,7.81449
2013-03-19,GLP,109.00000000000001,7.81449
2013-03-19,Regular,33.23,7.81449
2013-03-19,Superior,34.69,7.81449
2013-03-20,Búnker,22.4,7.83731
2013-03-20,Diésel,31.69,7.83731
2013-03-20,GLP,109.00000000000001,7.83731
2013-03-20,Regular,33.23,7.83731
2013-03-20,Superior,34.69,7.83731
2013-03-21,Búnker,22.4,7.82669
2013-03-21,Diésel,31.69,7.82669
2013-03-21,GLP,109.00000000000001,7.82669
2013-03-21,Regular,33.23,7.82669
2013-03-21,Superior,34.69,7.82669
2013-03-22,Búnker,22.4,7.81888
2013-03-22,Diésel,31.69,7.81888
2013-03-22,GLP,109.00000000000001,7.81888
2013-03-22,Regular,33.23,7.81888
2013-03-22,Superior,34.69,7.81888
2013-03-25,Búnker,22.4,7.80133
2013-03-25,Diésel,30.67,7.80133
2013-03-25,GLP,109.00000000000001,7.80133
2013-03-25,Regular,33.23,7.80133
2013-03-25,Superior,34.69,7.80133
2013-03-26,Búnker,22.4,7.78541
2013-03-26,Diésel,30.67,7.78541
2013-03-26,GLP,109.00000000000001,7.78541
2013-03-26,Regular,33.23,7.78541
2013-03-26,Superior,34.69,7.78541
2013-03-27,Búnker,22.4,7.77744
2013-03-27,Diésel,30.67,7.77744
2013-03-27,GLP,109.00000000000001,7.77744
2013-03-27,Regular,33.23,7.77744
2013-03-27,Superior,34.69,7.77744
2013-03-28,Búnker,22.4,7.77744
2013-03-28,Diésel,30.67,7.77744
2013-03-28,GLP,109.00000000000001,7.77744
2013-03-28,Regular,33.23,7.77744
2013-03-28,Superior,34.69,7.77744
2013-04-01,Búnker,22.39,7.77201
2013-04-01,Diésel,30.67,7.77201
2013-04-01,GLP,109.00000000000001,7.77201
2013-04-01,Regular,33.23,7.77201
2013-04-01,Superior,34.69,7.77201
2013-04-02,Búnker,22.39,7.7712
2013-04-02,Diésel,30.67,7.7712
2013-04-02,GLP,109.00000000000001,7.7712
2013-04-02,Regular,33.23,7.7712
2013-04-02,Superior,34.69,7.7712
2013-04-03,Búnker,22.39,7.7873
2013-04-03,Diésel,30.67,7.7873
2013-04-03,GLP,109.00000000000001,7.7873
2013-04-03,Regular,33.23,7.7873
2013-04-03,Superior,34.69,7.7873
2013-04-04,Búnker,22.39,7.80479
2013-04-04,Diésel,30.67,7.80479
2013-04-04,GLP,109.00000000000001,7.80479
2013-04-04,Regular,33.23,7.80479
2013-04-04,Superior,34.69,7.80479
2013-04-05,Búnker,22.39,7.82186
2013-04-05,Diésel,30.67,7.82186
2013-04-05,GLP,109.00000000000001,7.82186
2013-04-05,Regular,33.23,7.82186
2013-04-05,Superior,34.69,7.82186
2013-04-08,Búnker,22.4,7.81795
2013-04-08,Diésel,30.67,7.81795
2013-04-08,GLP,109.00000000000001,7.81795
2013-04-08,Regular,33.23,7.81795
2013-04-08,Superior,34.69,7.81795
2013-04-09,Búnker,22.4,7.80612
2013-04-09,Diésel,30.67,7.80612
2013-04-09,GLP,109.00000000000001,7.80612
2013-04-09,Regular,33.23,7.80612
2013-04-09,Superior,34.69,7.80612
2013-04-10,Búnker,22.4,7.79465
2013-04-10,Diésel,30.67,7.79465
2013-04-10,GLP,109.00000000000001,7.79465
2013-04-10,Regular,33.23,7.79465
2013-04-10,Superior,34.69,7.79465
2013-04-11,Búnker,22.4,7.79804
2013-04-11,Diésel,30.67,7.79804
2013-04-11,GLP,109.00000000000001,7.79804
2013-04-11,Regular,33.23,7.79804
2013-04-11,Superior,34.69,7.79804
2013-04-12,Búnker,22.4,7.80291
2013-04-12,Diésel,30.67,7.80291
2013-04-12,GLP,109.00000000000001,7.80291
2013-04-12,Regular,33.23,7.80291
2013-04-12,Superior,34.69,7.80291
2013-04-15,Búnker,22.3,7.79161
2013-04-15,Diésel,30.67,7.79161
2013-04-15,GLP,109.00000000000001,7.79161
2013-04-15,Regular,33.23,7.79161
2013-04-15,Superior,34.69,7.79161
2013-04-16,Búnker,22.3,7.78783
2013-04-16,Diésel,30.67,7.78783
2013-04-16,GLP,109.00000000000001,7.78783
2013-04-16,Regular,33.23,7.78783
2013-04-16,Superior,34.69,7.78783
2013-04-17,Búnker,22.3,7.79104
2013-04-17,Diésel,30.67,7.79104
2013-04-17,GLP,109.00000000000001,7.79104
2013-04-17,Regular,33.23,7.79104
2013-04-17,Superior,34.69,7.79104
2013-04-18,Búnker,22.3,7.7969
2013-04-18,Diésel,30.67,7.7969
2013-04-18,GLP,109.00000000000001,7.7969
2013-04-18,Regular,33.23,7.7969
2013-04-18,Superior,34.69,7.7969
2013-04-19,Búnker,22.3,7.80243
2013-04-19,Diésel,30.67,7.80243
2013-04-19,GLP,109.00000000000001,7.80243
2013-04-19,Regular,33.23,7.80243
2013-04-19,Superior,34.69,7.80243
2013-04-22,Búnker,22.4,7.7996
2013-04-22,Diésel,28.54,7.7996
2013-04-22,GLP,109.00000000000001,7.7996
2013-04-22,Regular,31.51,7.7996
2013-04-22,Superior,32.94,7.7996
2013-04-23,Búnker,22.4,7.79945
2013-04-23,Diésel,28.54,7.79945
2013-04-23,GLP,109.00000000000001,7.79945
2013-04-23,Regular,31.51,7.79945
2013-04-23,Superior,32.94,7.79945
2013-04-24,Búnker,22.4,7.80221
2013-04-24,Diésel,28.54,7.80221
2013-04-24,GLP,109.00000000000001,7.80221
2013-04-24,Regular,31.51,7.80221
2013-04-24,Superior,32.94,7.80221
2013-04-25,Búnker,22.4,7.8024
2013-04-25,Diésel,28.54,7.8024
2013-04-25,GLP,109.00000000000001,7.8024
2013-04-25,Regular,31.51,7.8024
2013-04-25,Superior,32.94,7.8024
2013-04-26,Búnker,22.4,7.79046
2013-04-26,Diésel,28.54,7.79046
2013-04-26,GLP,109.00000000000001,7.79046
2013-04-26,Regular,31.51,7.79046
2013-04-26,Superior,32.94,7.79046
2013-04-29,Búnker,21.66,7.78637
2013-04-29,Diésel,28.39,7.78637
2013-04-29,GLP,109.00000000000001,7.78637
2013-04-29,Regular,31.33,7.78637
2013-04-29,Superior,32.77,7.78637
2013-04-30,Búnker,21.66,7.78443
2013-04-30,Diésel,28.39,7.78443
2013-04-30,GLP,109.00000000000001,7.78443
2013-04-30,Regular,31.33,7.78443
2013-04-30,Superior,32.77,7.78443
2013-05-01,Búnker,21.66,7.78443
2013-05-01,Diésel,28.39,7.78443
2013-05-01,GLP,109.00000000000001,7.78443
2013-05-01,Regular,31.33,7.78443
2013-05-01,Superior,32.77,7.78443
2013-05-02,Búnker,21.66,7.7811
2013-05-02,Diésel,28.39,7.7811
2013-05-02,GLP,109.00000000000001,7.7811
2013-05-02,Regular,31.33,7.7811
2013-05-02,Superior,32.77,7.7811
2013-05-03,Búnker,21.66,7.78097
2013-05-03,Diésel,28.39,7.78097
2013-05-03,GLP,109.00000000000001,7.78097
2013-05-03,Regular,31.33,7.78097
2013-05-03,Superior,32.77,7.78097
2013-05-06,Búnker,21.68,7.78196
2013-05-06,Diésel,28.24,7.78196
2013-05-06,GLP,109.00000000000001,7.78196
2013-05-06,Regular,31.22,7.78196
2013-05-06,Superior,32.63,7.78196
2013-05-07,Búnker,21.68,7.78021
2013-05-07,Diésel,28.24,7.78021
2013-05-07,GLP,109.00000000000001,7.78021
2013-05-07,Regular,31.22,7.78021
2013-05-07,Superior,32.63,7.78021
2013-05-08,Búnker,21.68,7.77743
2013-05-08,Diésel,28.24,7.77743
2013-05-08,GLP,109.00000000000001,7.77743
2013-05-08,Regular,31.22,7.77743
2013-05-08,Superior,32.63,7.77743
2013-05-09,Búnker,21.68,7.77586
2013-05-09,Diésel,28.24,7.77586
2013-05-09,GLP,109.00000000000001,7.77586
2013-05-09,Regular,31.22,7.77586
2013-05-09,Superior,32.63,7.77586
2013-05-10,Búnker,21.68,7.78322
2013-05-10,Diésel,28.24,7.78322
2013-05-10,GLP,109.00000000000001,7.78322
2013-05-10,Regular,31.22,7.78322
2013-05-10,Superior,32.63,7.78322
2013-05-13,Búnker,22.39,7.77611
2013-05-13,Diésel,29.17,7.77611
2013-05-13,GLP,109.00000000000001,7.77611
2013-05-13,Regular,32.19,7.77611
2013-05-13,Superior,33.65,7.77611
2013-05-14,Búnker,22.39,7.7752
2013-05-14,Diésel,29.17,7.7752
2013-05-14,GLP,109.00000000000001,7.7752
2013-05-14,Regular,32.19,7.7752
2013-05-14,Superior,33.65,7.7752
2013-05-15,Búnker,22.39,7.78677
2013-05-15,Diésel,29.17,7.78677
2013-05-15,GLP,109.00000000000001,7.78677
2013-05-15,Regular,32.19,7.78677
2013-05-15,Superior,33.65,7.78677
2013-05-16,Búnker,22.39,7.79604
2013-05-16,Diésel,29.17,7.79604
2013-05-16,GLP,109.00000000000001,7.79604
2013-05-16,Regular,32.19,7.79604
2013-05-16,Superior,33.65,7.79604
2013-05-17,Búnker,22.39,7.79649
2013-05-17,Diésel,29.17,7.79649
2013-05-17,GLP,109.00000000000001,7.79649
2013-05-17,Regular,32.19,7.79649
2013-05-17,Superior,33.65,7.79649
2013-05-20,Búnker,22.44,7.78602
2013-05-20,Diésel,29.44,7.78602
2013-05-20,GLP,109.00000000000001,7.78602
2013-05-20,Regular,33.87,7.78602
2013-05-20,Superior,35.39,7.78602
2013-05-21,Búnker,22.44,7.78724
2013-05-21,Diésel,29.44,7.78724
2013-05-21,GLP,109.00000000000001,7.78724
2013-05-21,Regular,33.87,7.78724
2013-05-21,Superior,35.39,7.78724
2013-05-22,Búnker,22.44,7.78975
2013-05-22,Diésel,29.44,7.78975
2013-05-22,GLP,109.00000000000001,7.78975
2013-05-22,Regular,33.87,7.78975
2013-05-22,Superior,35.39,7.78975
2013-05-23,Búnker,22.44,7.79868
2013-05-23,Diésel,29.44,7.79868
2013-05-23,GLP,109.00000000000001,7.79868
2013-05-23,Regular,33.87,7.79868
2013-05-23,Superior,35.39,7.79868
2013-05-24,Búnker,22.44,7.79545
2013-05-24,Diésel,29.44,7.79545
2013-05-24,GLP,109.00000000000001,7.79545
2013-05-24,Regular,33.87,7.79545
2013-05-24,Superior,35.39,7.79545
2013-05-28,Búnker,22.44,7.78919
2013-05-28,Diésel,27.86,7.78919
2013-05-28,GLP,109.00000000000001,7.78919
2013-05-28,Regular,32.37,7.78919
2013-05-28,Superior,33.88,7.78919
2013-05-29,Búnker,22.44,7.79165
2013-05-29,Diésel,27.86,7.79165
2013-05-29,GLP,109.00000000000001,7.79165
2013-05-29,Regular,32.37,7.79165
2013-05-29,Superior,33.88,7.79165
2013-05-30,Búnker,22.44,7.79659
2013-05-30,Diésel,27.86,7.79659
2013-05-30,GLP,109.00000000000001,7.79659
2013-05-30,Regular,32.37,7.79659
2013-05-30,Superior,33.88,7.79659
2013-05-31,Búnker,22.44,7.79449
2013-05-31,Diésel,27.86,7.79449
2013-05-31,GLP,109.00000000000001,7.79449
2013-05-31,Regular,32.37,7.79449
2013-05-31,Superior,33.88,7.79449
2013-06-03,Búnker,22.14,7.79455
2013-06-03,Diésel,27.6,7.79455
2013-06-03,GLP,109.00000000000001,7.79455
2013-06-03,Regular,32.09,7.79455
2013-06-03,Superior,33.58,7.79455
2013-06-04,Búnker,22.14,7.7907
2013-06-04,Diésel,27.6,7.7907
2013-06-04,GLP,109.00000000000001,7.7907
2013-06-04,Regular,32.09,7.7907
2013-06-04,Superior,33.58,7.7907
2013-06-05,Búnker,22.14,7.79147
2013-06-05,Diésel,27.6,7.79147
2013-06-05,GLP,109.00000000000001,7.79147
2013-06-05,Regular,32.09,7.79147
2013-06-05,Superior,33.58,7.79147
2013-06-06,Búnker,22.14,7.80251
2013-06-06,Diésel,27.6,7.80251
2013-06-06,GLP,109.00000000000001,7.80251
2013-06-06,Regular,32.09,7.80251
2013-06-06,Superior,33.58,7.80251
2013-06-07,Búnker,22.14,7.80759
2013-06-07,Diésel,27.6,7.80759
2013-06-07,GLP,109.00000000000001,7.80759
2013-06-07,Regular,32.09,7.80759
2013-06-07,Superior,33.58,7.80759
2013-06-10,Búnker,21.54,7.81078
2013-06-10,Diésel,27.03,7.81078
2013-06-10,GLP,120.0,7.81078
2013-06-10,Regular,31.51,7.81078
2013-06-10,Superior,33.0,7.81078
2013-06-11,Búnker,21.54,7.82221
2013-06-11,Diésel,27.03,7.82221
2013-06-11,GLP,120.0,7.82221
2013-06-11,Regular,31.51,7.82221
2013-06-11,Superior,33.0,7.82221
2013-06-12,Búnker,21.54,7.83966
2013-06-12,Diésel,27.03,7.83966
2013-06-12,GLP,120.0,7.83966
2013-06-12,Regular,31.51,7.83966
2013-06-12,Superior,33.0,7.83966
2013-06-13,Búnker,21.54,7.83625
2013-06-13,Diésel,27.03,7.83625
2013-06-13,GLP,120.0,7.83625
2013-06-13,Regular,31.51,7.83625
2013-06-13,Superior,33.0,7.83625
2013-06-14,Búnker,21.54,7.82029
2013-06-14,Diésel,27.03,7.82029
2013-06-14,GLP,120.0,7.82029
2013-06-14,Regular,31.51,7.82029
2013-06-14,Superior,33.0,7.82029
2013-06-17,Búnker,21.56,7.80572
2013-06-17,Diésel,28.94,7.80572
2013-06-17,GLP,120.0,7.80572
2013-06-17,Regular,32.45,7.80572
2013-06-17,Superior,33.92,7.80572
2013-06-18,Búnker,21.56,7.80884
2013-06-18,Diésel,28.94,7.80884
2013-06-18,GLP,120.0,7.80884
2013-06-18,Regular,32.45,7.80884
2013-06-18,Superior,33.92,7.80884
2013-06-19,Búnker,21.56,7.81707
2013-06-19,Diésel,28.94,7.81707
2013-06-19,GLP,120.0,7.81707
2013-06-19,Regular,32.45,7.81707
2013-06-19,Superior,33.92,7.81707
2013-06-20,Búnker,21.56,7.81761
2013-06-20,Diésel,28.94,7.81761
2013-06-20,GLP,120.0,7.81761
2013-06-20,Regular,32.45,7.81761
2013-06-20,Superior,33.92,7.81761
2013-06-21,Búnker,21.56,7.81729
2013-06-21,Diésel,28.94,7.81729
2013-06-21,GLP,120.0,7.81729
2013-06-21,Regular,32.45,7.81729
2013-06-21,Superior,33.92,7.81729
2013-06-24,Búnker,21.48,7.82058
2013-06-24,Diésel,28.51,7.82058
2013-06-24,GLP,120.0,7.82058
2013-06-24,Regular,32.01,7.82058
2013-06-24,Superior,33.5,7.82058
2013-06-25,Búnker,21.48,7.82548
2013-06-25,Diésel,28.51,7.82548
2013-06-25,GLP,120.0,7.82548
2013-06-25,Regular,32.01,7.82548
2013-06-25,Superior,33.5,7.82548
2013-06-26,Búnker,21.48,7.83063
2013-06-26,Diésel,28.51,7.83063
2013-06-26,GLP,120.0,7.83063
2013-06-26,Regular,32.01,7.83063
2013-06-26,Superior,33.5,7.83063
2013-06-27,Búnker,21.48,7.83298
2013-06-27,Diésel,28.51,7.83298
2013-06-27,GLP,120.0,7.83298
2013-06-27,Regular,32.01,7.83298
2013-06-27,Superior,33.5,7.83298
2013-06-28,Búnker,21.48,7.83298
2013-06-28,Diésel,28.51,7.83298
2013-06-28,GLP,120.0,7.83298
2013-06-28,Regular,32.01,7.83298
2013-06-28,Superior,33.5,7.83298
2013-07-01,Búnker,21.47,7.83298
2013-07-01,Diésel,28.51,7.83298
2013-07-01,GLP,120.0,7.83298
2013-07-01,Regular,32.01,7.83298
2013-07-01,Superior,33.5,7.83298
2013-07-02,Búnker,21.47,7.83596
2013-07-02,Diésel,29.4,7.83596
2013-07-02,GLP,120.0,7.83596
2013-07-02,Regular,32.1,7.83596
2013-07-02,Superior,33.59,7.83596
2013-07-03,Búnker,21.47,7.82985
2013-07-03,Diésel,29.4,7.82985
2013-07-03,GLP,120.0,7.82985
2013-07-03,Regular,32.1,7.82985
2013-07-03,Superior,33.59,7.82985
2013-07-05,Búnker,21.47,7.81349
2013-07-05,Diésel,29.4,7.81349
2013-07-05,GLP,120.0,7.81349
2013-07-05,Regular,32.1,7.81349
2013-07-05,Superior,33.59,7.81349
2013-07-08,Búnker,21.15,7.81498
2013-07-08,Diésel,30.18,7.81498
2013-07-08,GLP,120.0,7.81498
2013-07-08,Regular,32.46,7.81498
2013-07-08,Superior,33.91,7.81498
2013-07-09,Búnker,21.15,7.82045
2013-07-09,Diésel,30.18,7.82045
2013-07-09,GLP,120.0,7.82045
2013-07-09,Regular,32.46,7.82045
2013-07-09,Superior,33.91,7.82045
2013-07-10,Búnker,21.15,7.82299
2013-07-10,Diésel,30.18,7.82299
2013-07-10,GLP,120.0,7.82299
2013-07-10,Regular,32.46,7.82299
2013-07-10,Superior,33.91,7.82299
2013-07-11,Búnker,21.15,7.82498
2013-07-11,Diésel,30.18,7.82498
2013-07-11,GLP,120.0,7.82498
2013-07-11,Regular,32.46,7.82498
2013-07-11,Superior,33.91,7.82498
2013-07-12,Búnker,21.15,7.82757
2013-07-12,Diésel,30.18,7.82757
2013-07-12,GLP,120.0,7.82757
2013-07-12,Regular,32.46,7.82757
2013-07-12,Superior,33.91,7.82757
2013-07-15,Búnker,22.26,7.82275
2013-07-15,Diésel,30.18,7.82275
2013-07-15,GLP,120.0,7.82275
2013-07-15,Regular,33.31,7.82275
2013-07-15,Superior,34.85,7.82275
2013-07-16,Búnker,22.26,7.81162
2013-07-16,Diésel,30.18,7.81162
2013-07-16,GLP,120.0,7.81162
2013-07-16,Regular,33.31,7.81162
2013-07-16,Superior,34.85,7.81162
2013-07-17,Búnker,22.26,7.81008
2013-07-17,Diésel,30.18,7.81008
2013-07-17,GLP,120.0,7.81008
2013-07-17,Regular,33.31,7.81008
2013-07-17,Superior,34.85,7.81008
2013-07-18,Búnker,22.26,7.81542
2013-07-18,Diésel,30.18,7.81542
2013-07-18,GLP,120.0,7.81542
2013-07-18,Regular,33.31,7.81542
2013-07-18,Superior,34.85,7.81542
2013-07-19,Búnker,22.26,7.8139
2013-07-19,Diésel,30.18,7.8139
2013-07-19,GLP,120.0,7.8139
2013-07-19,Regular,33.31,7.8139
2013-07-19,Superior,34.85,7.8139
2013-07-22,Búnker,22.26,7.81122
2013-07-22,Diésel,30.93,7.81122
2013-07-22,GLP,120.0,7.81122
2013-07-22,Regular,34.7,7.81122
2013-07-22,Superior,36.22,7.81122
2013-07-23,Búnker,22.26,7.81621
2013-07-23,Diésel,30.93,7.81621
2013-07-23,GLP,120.0,7.81621
2013-07-23,Regular,34.7,7.81621
2013-07-23,Superior,36.22,7.81621
2013-07-24,Búnker,22.26,7.81964
2013-07-24,Diésel,30.93,7.81964
2013-07-24,GLP,120.0,7.81964
2013-07-24,Regular,34.7,7.81964
2013-07-24,Superior,36.22,7.81964
2013-07-25,Búnker,22.26,7.82223
2013-07-25,Diésel,30.93,7.82223
2013-07-25,GLP,120.0,7.82223
2013-07-25,Regular,34.7,7.82223
2013-07-25,Superior,36.22,7.82223
2013-07-26,Búnker,22.26,7.87733
2013-07-26,Diésel,30.93,7.87733
2013-07-26,GLP,120.0,7.87733
2013-07-26,Regular,34.7,7.87733
2013-07-26,Superior,36.22,7.87733
2013-07-29,Búnker,21.94,7.83604
2013-07-29,Diésel,30.52,7.83604
2013-07-29,GLP,120.0,7.83604
2013-07-29,Regular,34.31,7.83604
2013-07-29,Superior,35.8,7.83604
2013-07-30,Búnker,21.94,7.83584
2013-07-30,Diésel,30.52,7.83584
2013-07-30,GLP,120.0,7.83584
2013-07-30,Regular,34.31,7.83584
2013-07-30,Superior,35.8,7.83584
2013-07-31,Búnker,21.94,7.84368
2013-07-31,Diésel,30.52,7.84368
2013-07-31,GLP,120.0,7.84368
2013-07-31,Regular,34.31,7.84368
2013-07-31,Superior,35.8,7.84368
2013-08-01,Búnker,21.94,7.83953
2013-08-01,Diésel,30.52,7.83953
2013-08-01,GLP,120.0,7.83953
2013-08-01,Regular,34.31,7.83953
2013-08-01,Superior,35.8,7.83953
2013-08-02,Búnker,21.94,7.83687
2013-08-02,Diésel,30.52,7.83687
2013-08-02,GLP,120.0,7.83687
2013-08-02,Regular,34.31,7.83687
2013-08-02,Superior,35.8,7.83687
2013-08-05,Búnker,21.74,7.83532
2013-08-05,Diésel,30.52,7.83532
2013-08-05,GLP,120.0,7.83532
2013-08-05,Regular,34.31,7.83532
2013-08-05,Superior,35.8,7.83532
2013-08-06,Búnker,21.74,7.83861
2013-08-06,Diésel,30.52,7.83861
2013-08-06,GLP,120.0,7.83861
2013-08-06,Regular,34.31,7.83861
2013-08-06,Superior,35.8,7.83861
2013-08-07,Búnker,21.74,7.84558
2013-08-07,Diésel,30.52,7.84558
2013-08-07,GLP,120.0,7.84558
2013-08-07,Regular,34.31,7.84558
2013-08-07,Superior,35.8,7.84558
2013-08-08,Búnker,21.74,7.84783
2013-08-08,Diésel,30.52,7.84783
2013-08-08,GLP,120.0,7.84783
2013-08-08,Regular,34.31,7.84783
2013-08-08,Superior,35.8,7.84783
2013-08-09,Búnker,21.74,7.85536
2013-08-09,Diésel,30.52,7.85536
2013-08-09,GLP,120.0,7.85536
2013-08-09,Regular,34.31,7.85536
2013-08-09,Superior,35.8,7.85536
2013-08-12,Búnker,21.4,7.85731
2013-08-12,Diésel,30.15,7.85731
2013-08-12,GLP,120.0,7.85731
2013-08-12,Regular,33.95,7.85731
2013-08-12,Superior,35.45,7.85731
2013-08-13,Búnker,21.4,7.86643
2013-08-13,Diésel,30.15,7.86643
2013-08-13,GLP,120.0,7.86643
2013-08-13,Regular,33.95,7.86643
2013-08-13,Superior,35.45,7.86643
2013-08-14,Búnker,21.4,7.87527
2013-08-14,Diésel,30.15,7.87527
2013-08-14,GLP,120.0,7.87527
2013-08-14,Regular,33.95,7.87527
2013-08-14,Superior,35.45,7.87527
2013-08-15,Búnker,21.4,7.87527
2013-08-15,Diésel,30.15,7.87527
2013-08-15,GLP,120.0,7.87527
2013-08-15,Regular,33.95,7.87527
2013-08-15,Superior,35.45,7.87527
2013-08-16,Búnker,21.4,7.88434
2013-08-16,Diésel,30.15,7.88434
2013-08-16,GLP,120.0,7.88434
2013-08-16,Regular,33.95,7.88434
2013-08-16,Superior,35.45,7.88434
2013-08-19,Búnker,21.21,7.88969
2013-08-19,Diésel,30.43,7.88969
2013-08-19,GLP,120.0,7.88969
2013-08-19,Regular,33.8,7.88969
2013-08-19,Superior,35.3,7.88969
2013-08-20,Búnker,21.21,7.89312
2013-08-20,Diésel,30.43,7.89312
2013-08-20,GLP,120.0,7.89312
2013-08-20,Regular,33.8,7.89312
2013-08-20,Superior,35.3,7.89312
2013-08-21,Búnker,21.21,7.89841
2013-08-21,Diésel,30.43,7.89841
2013-08-21,GLP,120.0,7.89841
2013-08-21,Regular,33.8,7.89841
2013-08-21,Superior,35.3,7.89841
2013-08-22,Búnker,21.21,7.91417
2013-08-22,Diésel,30.43,7.91417
2013-08-22,GLP,120.0,7.91417
2013-08-22,Regular,33.8,7.91417
2013-08-22,Superior,35.3,7.91417
2013-08-23,Búnker,21.21,7.92937
2013-08-23,Diésel,30.43,7.92937
2013-08-23,GLP,120.0,7.92937
2013-08-23,Regular,33.8,7.92937
2013-08-23,Superior,35.3,7.92937
2013-08-26,Búnker,21.62,7.94023
2013-08-26,Diésel,30.43,7.94023
2013-08-26,GLP,120.0,7.94023
2013-08-26,Regular,33.8,7.94023
2013-08-26,Superior,35.3,7.94023
2013-08-27,Búnker,21.62,7.95721
2013-08-27,Diésel,31.66,7.95721
2013-08-27,GLP,120.0,7.95721
2013-08-27,Regular,34.27,7.95721
2013-08-27,Superior,35.76,7.95721
2013-08-28,Búnker,21.62,7.96551
2013-08-28,Diésel,31.66,7.96551
2013-08-28,GLP,120.0,7.96551
2013-08-28,Regular,34.27,7.96551
2013-08-28,Superior,35.76,7.96551
2013-08-29,Búnker,21.62,7.97381
2013-08-29,Diésel,31.66,7.97381
2013-08-29,GLP,120.0,7.97381
2013-08-29,Regular,34.27,7.97381
2013-08-29,Superior,35.76,7.97381
2013-08-30,Búnker,21.62,7.96343
2013-08-30,Diésel,31.66,7.96343
2013-08-30,GLP,120.0,7.96343
2013-08-30,Regular,34.27,7.96343
2013-08-30,Superior,35.76,7.96343
2013-09-03,Búnker,21.62,7.96579
2013-09-03,Diésel,32.44,7.96579
2013-09-03,GLP,120.0,7.96579
2013-09-03,Regular,34.91,7.96579
2013-09-03,Superior,36.45,7.96579
2013-09-04,Búnker,21.62,7.98649
2013-09-04,Diésel,32.44,7.98649
2013-09-04,GLP,120.0,7.98649
2013-09-04,Regular,34.91,7.98649
2013-09-04,Superior,36.45,7.98649
2013-09-05,Búnker,21.62,7.99801
2013-09-05,Diésel,32.44,7.99801
2013-09-05,GLP,130.0,7.99801
2013-09-05,Regular,34.91,7.99801
2013-09-05,Superior,36.45,7.99801
2013-09-06,Búnker,21.62,7.98724
2013-09-06,Diésel,32.44,7.98724
2013-09-06,GLP,130.0,7.98724
2013-09-06,Regular,34.91,7.98724
2013-09-06,Superior,36.45,7.98724
2013-09-09,Búnker,21.33,7.97289
2013-09-09,Diésel,32.03,7.97289
2013-09-09,GLP,130.0,7.97289
2013-09-09,Regular,34.55,7.97289
2013-09-09,Superior,36.05,7.97289
2013-09-10,Búnker,21.33,7.96133
2013-09-10,Diésel,32.03,7.96133
2013-09-10,GLP,130.0,7.96133
2013-09-10,Regular,34.55,7.96133
2013-09-10,Superior,36.05,7.96133
2013-09-11,Búnker,21.33,7.94027
2013-09-11,Diésel,32.03,7.94027
2013-09-11,GLP,130.0,7.94027
2013-09-11,Regular,34.55,7.94027
2013-09-11,Superior,36.05,7.94027
2013-09-12,Búnker,21.33,7.92068
2013-09-12,Diésel,32.03,7.92068
2013-09-12,GLP,130.0,7.92068
2013-09-12,Regular,34.55,7.92068
2013-09-12,Superior,36.05,7.92068
2013-09-13,Búnker,21.33,7.90718
2013-09-13,Diésel,32.03,7.90718
2013-09-13,GLP,130.0,7.90718
2013-09-13,Regular,34.55,7.90718
2013-09-13,Superior,36.05,7.90718
2013-09-16,Búnker,21.33,7.90778
2013-09-16,Diésel,32.03,7.90778
2013-09-16,GLP,130.0,7.90778
2013-09-16,Regular,34.55,7.90778
2013-09-16,Superior,36.05,7.90778
2013-09-17,Búnker,21.36,7.90601
2013-09-17,Diésel,31.8,7.90601
2013-09-17,GLP,130.0,7.90601
2013-09-17,Regular,33.59,7.90601
2013-09-17,Superior,35.07,7.90601
2013-09-18,Búnker,21.36,7.91282
2013-09-18,Diésel,31.8,7.91282
2013-09-18,GLP,130.0,7.91282
2013-09-18,Regular,33.59,7.91282
2013-09-18,Superior,35.07,7.91282
2013-09-19,Búnker,21.36,7.91548
2013-09-19,Diésel,31.8,7.91548
2013-09-19,GLP,130.0,7.91548
2013-09-19,Regular,33.59,7.91548
2013-09-19,Superior,35.07,7.91548
2013-09-20,Búnker,21.36,7.92884
2013-09-20,Diésel,31.8,7.92884
2013-09-20,GLP,130.0,7.92884
2013-09-20,Regular,33.59,7.92884
2013-09-20,Superior,35.07,7.92884
2013-09-23,Búnker,21.28,7.93968
2013-09-23,Diésel,31.57,7.93968
2013-09-23,GLP,130.0,7.93968
2013-09-23,Regular,33.22,7.93968
2013-09-23,Superior,34.73,7.93968
2013-09-24,Búnker,21.28,7.94065
2013-09-24,Diésel,31.57,7.94065
2013-09-24,GLP,130.0,7.94065
2013-09-24,Regular,33.22,7.94065
2013-09-24,Superior,34.73,7.94065
2013-09-25,Búnker,21.28,7.93445
2013-09-25,Diésel,31.57,7.93445
2013-09-25,GLP,130.0,7.93445
2013-09-25,Regular,33.22,7.93445
2013-09-25,Superior,34.73,7.93445
2013-09-26,Búnker,21.28,7.93037
2013-09-26,Diésel,31.57,7.93037
2013-09-26,GLP,130.0,7.93037
2013-09-26,Regular,33.22,7.93037
2013-09-26,Superior,34.73,7.93037
2013-09-27,Búnker,21.28,7.93301
2013-09-27,Diésel,31.57,7.93301
2013-09-27,GLP,130.0,7.93301
2013-09-27,Regular,33.22,7.93301
2013-09-27,Superior,34.73,7.93301
2013-09-30,Búnker,21.16,7.93365
2013-09-30,Diésel,31.0,7.93365
2013-09-30,GLP,130.0,7.93365
2013-09-30,Regular,32.54,7.93365
2013-09-30,Superior,34.04,7.93365
2013-10-01,Búnker,21.16,7.94484
2013-10-01,Diésel,31.0,7.94484
2013-10-01,GLP,130.0,7.94484
2013-10-01,Regular,32.54,7.94484
2013-10-01,Superior,34.04,7.94484
2013-10-02,Búnker,21.16,7.96231
2013-10-02,Diésel,31.0,7.96231
2013-10-02,GLP,130.0,7.96231
2013-10-02,Regular,32.54,7.96231
2013-10-02,Superior,34.04,7.96231
2013-10-03,Búnker,21.16,7.95922
2013-10-03,Diésel,31.0,7.95922
2013-10-03,GLP,130.0,7.95922
2013-10-03,Regular,32.54,7.95922
2013-10-03,Superior,34.04,7.95922
2013-10-04,Búnker,21.16,7.96096
2013-10-04,Diésel,31.0,7.96096
2013-10-04,GLP,130.0,7.96096
2013-10-04,Regular,32.54,7.96096
2013-10-04,Superior,34.04,7.96096
2013-10-07,Búnker,21.16,7.9657
2013-10-07,Diésel,30.29,7.9657
2013-10-07,GLP,130.0,7.9657
2013-10-07,Regular,32.0,7.9657
2013-10-07,Superior,33.5,7.9657
2013-10-08,Búnker,21.16,7.97553
2013-10-08,Diésel,30.29,7.97553
2013-10-08,GLP,130.0,7.97553
2013-10-08,Regular,32.0,7.97553
2013-10-08,Superior,33.5,7.97553
2013-10-09,Búnker,21.16,7.97726
2013-10-09,Diésel,30.29,7.97726
2013-10-09,GLP,130.0,7.97726
2013-10-09,Regular,32.0,7.97726
2013-10-09,Superior,33.5,7.97726
2013-10-10,Búnker,21.16,7.97053
2013-10-10,Diésel,30.29,7.97053
2013-10-10,GLP,130.0,7.97053
2013-10-10,Regular,32.0,7.97053
2013-10-10,Superior,33.5,7.97053
2013-10-11,Búnker,21.16,7.96659
2013-10-11,Diésel,30.29,7.96659
2013-10-11,GLP,130.0,7.96659
2013-10-11,Regular,32.0,7.96659
2013-10-11,Superior,33.5,7.96659
2013-10-14,Búnker,21.53,7.96659
2013-10-14,Diésel,31.21,7.96659
2013-10-14,GLP,130.0,7.96659
2013-10-14,Regular,32.42,7.96659
2013-10-14,Superior,33.93,7.96659
2013-10-15,Búnker,21.53,7.95765
2013-10-15,Diésel,31.21,7.95765
2013-10-15,GLP,130.0,7.95765
2013-10-15,Regular,32.42,7.95765
2013-10-15,Superior,33.93,7.95765
2013-10-16,Búnker,21.53,7.94715
2013-10-16,Diésel,31.21,7.94715
2013-10-16,GLP,130.0,7.94715
2013-10-16,Regular,32.42,7.94715
2013-10-16,Superior,33.93,7.94715
2013-10-17,Búnker,21.53,7.9497
2013-10-17,Diésel,31.21,7.9497
2013-10-17,GLP,130.0,7.9497
2013-10-17,Regular,32.42,7.9497
2013-10-17,Superior,33.93,7.9497
2013-10-18,Búnker,21.53,7.96161
2013-10-18,Diésel,31.21,7.96161
2013-10-18,GLP,130.0,7.96161
2013-10-18,Regular,32.42,7.96161
2013-10-18,Superior,33.93,7.96161
2013-10-21,Búnker,21.48,7.96161
2013-10-21,Diésel,31.21,7.96161
2013-10-21,GLP,130.0,7.96161
2013-10-21,Regular,32.42,7.96161
2013-10-21,Superior,33.93,7.96161
2013-10-22,Búnker,21.48,7.97531
2013-10-22,Diésel,30.63,7.97531
2013-10-22,GLP,130.0,7.97531
2013-10-22,Regular,31.86,7.97531
2013-10-22,Superior,33.37,7.97531
2013-10-23,Búnker,21.48,7.9787
2013-10-23,Diésel,30.63,7.9787
2013-10-23,GLP,130.0,7.9787
2013-10-23,Regular,31.86,7.9787
2013-10-23,Superior,33.37,7.9787
2013-10-24,Búnker,21.48,7.981
2013-10-24,Diésel,30.63,7.981
2013-10-24,GLP,130.0,7.981
2013-10-24,Regular,31.86,7.981
2013-10-24,Superior,33.37,7.981
2013-10-25,Búnker,21.48,7.9704
2013-10-25,Diésel,30.63,7.9704
2013-10-25,GLP,130.0,7.9704
2013-10-25,Regular,31.86,7.9704
2013-10-25,Superior,33.37,7.9704
2013-10-28,Búnker,21.37,7.9619
2013-10-28,Diésel,30.14,7.9619
2013-10-28,GLP,130.0,7.9619
2013-10-28,Regular,31.11,7.9619
2013-10-28,Superior,32.6,7.9619
2013-10-29,Búnker,21.37,7.9499
2013-10-29,Diésel,30.14,7.9499
2013-10-29,GLP,130.0,7.9499
2013-10-29,Regular,31.11,7.9499
2013-10-29,Superior,32.6,7.9499
2013-10-30,Búnker,21.37,7.93868
2013-10-30,Diésel,30.14,7.93868
2013-10-30,GLP,130.0,7.93868
2013-10-30,Regular,31.11,7.93868
2013-10-30,Superior,32.6,7.93868
2013-10-31,Búnker,21.37,7.92268
2013-10-31,Diésel,30.14,7.92268
2013-10-31,GLP,130.0,7.92268
2013-10-31,Regular,31.11,7.92268
2013-10-31,Superior,32.6,7.92268
2013-11-01,Búnker,21.37,7.92268
2013-11-01,Diésel,30.14,7.92268
2013-11-01,GLP,130.0,7.92268
2013-11-01,Regular,31.11,7.92268
2013-11-01,Superior,32.6,7.92268
2013-11-04,Búnker,21.37,7.91607
2013-11-04,Diésel,30.42,7.91607
2013-11-04,GLP,130.0,7.91607
2013-11-04,Regular,30.39,7.91607
2013-11-04,Superior,31.86,7.91607
2013-11-05,Búnker,21.37,7.90803
2013-11-05,Diésel,30.42,7.90803
2013-11-05,GLP,130.0,7.90803
2013-11-05,Regular,30.39,7.90803
2013-11-05,Superior,31.86,7.90803
2013-11-06,Búnker,21.37,7.89867
2013-11-06,Diésel,30.42,7.89867
2013-11-06,GLP,130.0,7.89867
2013-11-06,Regular,30.39,7.89867
2013-11-06,Superior,31.86,7.89867
2013-11-07,Búnker,21.37,7.88944
2013-11-07,Diésel,30.42,7.88944
2013-11-07,GLP,130.0,7.88944
2013-11-07,Regular,30.39,7.88944
2013-11-07,Superior,31.86,7.88944
2013-11-08,Búnker,21.37,7.87041
2013-11-08,Diésel,30.42,7.87041
2013-11-08,GLP,130.0,7.87041
2013-11-08,Regular,30.39,7.87041
2013-11-08,Superior,31.86,7.87041
2013-11-11,Búnker,21.18,7.86206
2013-11-11,Diésel,29.86,7.86206
2013-11-11,GLP,130.0,7.86206
2013-11-11,Regular,29.34,7.86206
2013-11-11,Superior,30.77,7.86206
2013-11-12,Búnker,21.18,7.87194
2013-11-12,Diésel,29.86,7.87194
2013-11-12,GLP,130.0,7.87194
2013-11-12,Regular,29.34,7.87194
2013-11-12,Superior,30.77,7.87194
2013-11-13,Búnker,21.18,7.87941
2013-11-13,Diésel,29.86,7.87941
2013-11-13,GLP,130.0,7.87941
2013-11-13,Regular,29.34,7.87941
2013-11-13,Superior,30.77,7.87941
2013-11-14,Búnker,21.18,7.91141
2013-11-14,Diésel,29.86,7.91141
2013-11-14,GLP,130.0,7.91141
2013-11-14,Regular,29.34,7.91141
2013-11-14,Superior,30.77,7.91141
2013-11-15,Búnker,21.18,7.9144
2013-11-15,Diésel,29.86,7.9144
2013-11-15,GLP,130.0,7.9144
2013-11-15,Regular,29.34,7.9144
2013-11-15,Superior,30.77,7.9144
2013-11-18,Búnker,21.18,7.90038
2013-11-18,Diésel,30.34,7.90038
2013-11-18,GLP,130.0,7.90038
2013-11-18,Regular,30.68,7.90038
2013-11-18,Superior,32.19,7.90038
2013-11-19,Búnker,21.18,7.90476
2013-11-19,Diésel,30.34,7.90476
2013-11-19,GLP,130.0,7.90476
2013-11-19,Regular,30.68,7.90476
2013-11-19,Superior,32.19,7.90476
2013-11-20,Búnker,21.18,7.91874
2013-11-20,Diésel,30.34,7.91874
2013-11-20,GLP,130.0,7.91874
2013-11-20,Regular,30.68,7.91874
2013-11-20,Superior,32.19,7.91874
2013-11-21,Búnker,21.18,7.91907
2013-11-21,Diésel,30.34,7.91907
2013-11-21,GLP,130.0,7.91907
2013-11-21,Regular,30.68,7.91907
2013-11-21,Superior,32.19,7.91907
2013-11-22,Búnker,21.18,7.90322
2013-11-22,Diésel,30.34,7.90322
2013-11-22,GLP,130.0,7.90322
2013-11-22,Regular,30.68,7.90322
2013-11-22,Superior,32.19,7.90322
2013-11-25,Búnker,21.18,7.88381
2013-11-25,Diésel,31.29,7.88381
2013-11-25,GLP,130.0,7.88381
2013-11-25,Regular,32.43,7.88381
2013-11-25,Superior,33.9,7.88381
2013-11-26,Búnker,21.18,7.88636
2013-11-26,Diésel,31.29,7.88636
2013-11-26,GLP,130.0,7.88636
2013-11-26,Regular,32.43,7.88636
2013-11-26,Superior,33.9,7.88636
2013-11-27,Búnker,21.18,7.88371
2013-11-27,Diésel,31.29,7.88371
2013-11-27,GLP,130.0,7.88371
2013-11-27,Regular,32.43,7.88371
2013-11-27,Superior,33.9,7.88371
2013-12-02,Búnker,21.25,7.89456
2013-12-02,Diésel,31.24,7.89456
2013-12-02,GLP,130.0,7.89456
2013-12-02,Regular,32.42,7.89456
2013-12-02,Superior,33.9,7.89456
2013-12-03,Búnker,21.25,7.88589
2013-12-03,Diésel,31.24,7.88589
2013-12-03,GLP,130.0,7.88589
2013-12-03,Regular,32.42,7.88589
2013-12-03,Superior,33.9,7.88589
2013-12-04,Búnker,21.25,7.87218
2013-12-04,Diésel,31.24,7.87218
2013-12-04,GLP,130.0,7.87218
2013-12-04,Regular,32.42,7.87218
2013-12-04,Superior,33.9,7.87218
2013-12-05,Búnker,21.25,7.86004
2013-12-05,Diésel,31.24,7.86004
2013-12-05,GLP,130.0,7.86004
2013-12-05,Regular,32.42,7.86004
2013-12-05,Superior,33.9,7.86004
2013-12-06,Búnker,21.25,7.85954
2013-12-06,Diésel,31.24,7.85954
2013-12-06,GLP,130.0,7.85954
2013-12-06,Regular,32.42,7.85954
2013-12-06,Superior,33.9,7.85954
2013-12-09,Búnker,21.2,7.86089
2013-12-09,Diésel,31.76,7.86089
2013-12-09,GLP,130.0,7.86089
2013-12-09,Regular,32.95,7.86089
2013-12-09,Superior,34.49,7.86089
2013-12-10,Búnker,21.2,7.85288
2013-12-10,Diésel,31.76,7.85288
2013-12-10,GLP,130.0,7.85288
2013-12-10,Regular,32.95,7.85288
2013-12-10,Superior,34.49,7.85288
2013-12-11,Búnker,21.2,7.85589
2013-12-11,Diésel,31.76,7.85589
2013-12-11,GLP,130.0,7.85589
2013-12-11,Regular,32.95,7.85589
2013-12-11,Superior,34.49,7.85589
2013-12-12,Búnker,21.2,7.87151
2013-12-12,Diésel,31.76,7.87151
2013-12-12,GLP,130.0,7.87151
2013-12-12,Regular,32.95,7.87151
2013-12-12,Superior,34.49,7.87151
2013-12-13,Búnker,21.2,7.8729
2013-12-13,Diésel,31.76,7.8729
2013-12-13,GLP,130.0,7.8729
2013-12-13,Regular,32.95,7.8729
2013-12-13,Superior,34.49,7.8729
2013-12-16,Búnker,21.32,7.87791
2013-12-16,Diésel,31.62,7.87791
2013-12-16,GLP,130.0,7.87791
2013-12-16,Regular,32.88,7.87791
2013-12-16,Superior,34.3,7.87791
2013-12-17,Búnker,21.32,7.87292
2013-12-17,Diésel,31.62,7.87292
2013-12-17,GLP,130.0,7.87292
2013-12-17,Regular,32.88,7.87292
2013-12-17,Superior,34.3,7.87292
2013-12-18,Búnker,21.32,7.87675
2013-12-18,Diésel,31.62,7.87675
2013-12-18,GLP,130.0,7.87675
2013-12-18,Regular,32.88,7.87675
2013-12-18,Superior,34.3,7.87675
2013-12-19,Búnker,21.32,7.87939
2013-12-19,Diésel,31.62,7.87939
2013-12-19,GLP,130.0,7.87939
2013-12-19,Regular,32.88,7.87939
2013-12-19,Superior,34.3,7.87939
2013-12-20,Búnker,21.32,7.87256
2013-12-20,Diésel,31.62,7.87256
2013-12-20,GLP,130.0,7.87256
2013-12-20,Regular,32.88,7.87256
2013-12-20,Superior,34.3,7.87256
2013-12-23,Búnker,21.35,7.85228
2013-12-23,Diésel,31.69,7.85228
2013-12-23,GLP,130.0,7.85228
2013-12-23,Regular,32.48,7.85228
2013-12-23,Superior,33.97,7.85228
2013-12-24,Búnker,21.35,7.84394
2013-12-24,Diésel,31.69,7.84394
2013-12-24,GLP,130.0,7.84394
2013-12-24,Regular,32.48,7.84394
2013-12-24,Superior,33.97,7.84394
2013-12-26,Búnker,21.35,7.84707
2013-12-26,Diésel,31.69,7.84707
2013-12-26,GLP,140.0,7.84707
2013-12-26,Regular,32.48,7.84707
2013-12-26,Superior,33.97,7.84707
2013-12-27,Búnker,21.35,7.83401
2013-12-27,Diésel,31.69,7.83401
2013-12-27,GLP,135.0,7.83401
2013-12-27,Regular,32.48,7.83401
2013-12-27,Superior,33.97,7.83401
2013-12-30,Búnker,21.35,7.84137
2013-12-30,Diésel,31.69,7.84137
2013-12-30,GLP,135.0,7.84137
2013-12-30,Regular,33.43,7.84137
2013-12-30,Superior,34.9,7.84137
2013-12-31,Búnker,21.35,7.84137
2013-12-31,Diésel,31.69,7.84137
2013-12-31,GLP,135.0,7.84137
2013-12-31,Regular,33.43,7.84137
2013-12-31,Superior,34.9,7.84137
2014-01-02,Búnker,21.35,7.85738
2014-01-02,Diésel,31.69,7.85738
2014-01-02,GLP,135.0,7.85738
2014-01-02,Regular,33.43,7.85738
2014-01-02,Superior,34.9,7.85738
2014-01-03,Búnker,21.35,7.86073
2014-01-03,Diésel,31.69,7.86073
2014-01-03,GLP,135.0,7.86073
2014-01-03,Regular,33.43,7.86073
2014-01-03,Superior,34.9,7.86073
2014-01-06,Búnker,21.35,7.86451
2014-01-06,Diésel,31.69,7.86451
2014-01-06,GLP,135.0,7.86451
2014-01-06,Regular,33.43,7.86451
2014-01-06,Superior,34.9,7.86451
2014-01-07,Búnker,21.35,7.88116
2014-01-07,Diésel,31.69,7.88116
2014-01-07,GLP,135.0,7.88116
2014-01-07,Regular,33.43,7.88116
2014-01-07,Superior,34.9,7.88116
2014-01-08,Búnker,21.35,7.88673
2014-01-08,Diésel,31.69,7.88673
2014-01-08,GLP,135.0,7.88673
2014-01-08,Regular,33.43,7.88673
2014-01-08,Superior,34.9,7.88673
2014-01-09,Búnker,21.35,7.88808
2014-01-09,Diésel,31.69,7.88808
2014-01-09,GLP,135.0,7.88808
2014-01-09,Regular,33.43,7.88808
2014-01-09,Superior,34.9,7.88808
2014-01-10,Búnker,21.35,7.87985
2014-01-10,Diésel,31.69,7.87985
2014-01-10,GLP,135.0,7.87985
2014-01-10,Regular,33.43,7.87985
2014-01-10,Superior,34.9,7.87985
2014-01-13,Búnker,21.28,7.85968
2014-01-13,Diésel,31.56,7.85968
2014-01-13,GLP,135.0,7.85968
2014-01-13,Regular,32.87,7.85968
2014-01-13,Superior,34.33,7.85968
2014-01-14,Búnker,21.28,7.83971
2014-01-14,Diésel,31.56,7.83971
2014-01-14,GLP,135.0,7.83971
2014-01-14,Regular,32.87,7.83971
2014-01-14,Superior,34.33,7.83971
2014-01-15,Búnker,21.28,7.82857
2014-01-15,Diésel,31.56,7.82857
2014-01-15,GLP,135.0,7.82857
2014-01-15,Regular,32.87,7.82857
2014-01-15,Superior,34.33,7.82857
2014-01-16,Búnker,21.28,7.83054
2014-01-16,Diésel,31.56,7.83054
2014-01-16,GLP,135.0,7.83054
2014-01-16,Regular,32.87,7.83054
2014-01-16,Superior,34.33,7.83054
2014-01-17,Búnker,21.28,7.83127
2014-01-17,Diésel,31.56,7.83127
2014-01-17,GLP,135.0,7.83127
2014-01-17,Regular,32.87,7.83127
2014-01-17,Superior,34.33,7.83127
2014-01-21,Búnker,21.28,7.83159
2014-01-21,Diésel,31.12,7.83159
2014-01-21,GLP,135.0,7.83159
2014-01-21,Regular,32.14,7.83159
2014-01-21,Superior,33.65,7.83159
2014-01-22,Búnker,21.28,7.83621
2014-01-22,Diésel,31.12,7.83621
2014-01-22,GLP,135.0,7.83621
2014-01-22,Regular,32.14,7.83621
2014-01-22,Superior,33.65,7.83621
2014-01-23,Búnker,21.28,7.84648
2014-01-23,Diésel,31.12,7.84648
2014-01-23,GLP,135.0,7.84648
2014-01-23,Regular,32.14,7.84648
2014-01-23,Superior,33.65,7.84648
2014-01-24,Búnker,21.28,7.85223
2014-01-24,Diésel,31.12,7.85223
2014-01-24,GLP,135.0,7.85223
2014-01-24,Regular,32.14,7.85223
2014-01-24,Superior,33.65,7.85223
2014-01-27,Búnker,21.18,7.85098
2014-01-27,Diésel,30.83,7.85098
2014-01-27,GLP,135.0,7.85098
2014-01-27,Regular,31.9,7.85098
2014-01-27,Superior,33.4,7.85098
2014-01-28,Búnker,21.18,7.84032
2014-01-28,Diésel,30.83,7.84032
2014-01-28,GLP,135.0,7.84032
2014-01-28,Regular,31.9,7.84032
2014-01-28,Superior,33.4,7.84032
2014-01-29,Búnker,21.18,7.82835
2014-01-29,Diésel,30.83,7.82835
2014-01-29,GLP,135.0,7.82835
2014-01-29,Regular,31.9,7.82835
2014-01-29,Superior,33.4,7.82835
2014-01-30,Búnker,21.18,7.81555
2014-01-30,Diésel,30.83,7.81555
2014-01-30,GLP,135.0,7.81555
2014-01-30,Regular,31.9,7.81555
2014-01-30,Superior,33.4,7.81555
2014-01-31,Búnker,21.18,7.81093
2014-01-31,Diésel,30.83,7.81093
2014-01-31,GLP,135.0,7.81093
2014-01-31,Regular,31.9,7.81093
2014-01-31,Superior,33.4,7.81093
2014-02-03,Búnker,21.13,7.79949
2014-02-03,Diésel,30.83,7.79949
2014-02-03,GLP,135.0,7.79949
2014-02-03,Regular,31.9,7.79949
2014-02-03,Superior,33.4,7.79949
2014-02-04,Búnker,21.13,7.79349
2014-02-04,Diésel,30.83,7.79349
2014-02-04,GLP,135.0,7.79349
2014-02-04,Regular,31.9,7.79349
2014-02-04,Superior,33.4,7.79349
2014-02-05,Búnker,21.13,7.79456
2014-02-05,Diésel,30.83,7.79456
2014-02-05,GLP,135.0,7.79456
2014-02-05,Regular,31.9,7.79456
2014-02-05,Superior,33.4,7.79456
2014-02-06,Búnker,21.13,7.79456
2014-02-06,Diésel,30.83,7.79456
2014-02-06,GLP,135.0,7.79456
2014-02-06,Regular,31.9,7.79456
2014-02-06,Superior,33.4,7.79456
2014-02-07,Búnker,21.13,7.79456
2014-02-07,Diésel,30.83,7.79456
2014-02-07,GLP,135.0,7.79456
2014-02-07,Regular,31.9,7.79456
2014-02-07,Superior,33.4,7.79456
2014-02-10,Búnker,21.07,7.76766
2014-02-10,Diésel,30.34,7.76766
2014-02-10,GLP,135.0,7.76766
2014-02-10,Regular,31.37,7.76766
2014-02-10,Superior,32.88,7.76766
2014-02-11,Búnker,21.07,7.7674
2014-02-11,Diésel,30.34,7.7674
2014-02-11,GLP,135.0,7.7674
2014-02-11,Regular,31.37,7.7674
2014-02-11,Superior,32.88,7.7674
2014-02-12,Búnker,21.07,7.75407
2014-02-12,Diésel,30.34,7.75407
2014-02-12,GLP,135.0,7.75407
2014-02-12,Regular,31.37,7.75407
2014-02-12,Superior,32.88,7.75407
2014-02-13,Búnker,21.07,7.74738
2014-02-13,Diésel,30.34,7.74738
2014-02-13,GLP,135.0,7.74738
2014-02-13,Regular,31.37,7.74738
2014-02-13,Superior,32.88,7.74738
2014-02-14,Búnker,21.07,7.73881
2014-02-14,Diésel,30.34,7.73881
2014-02-14,GLP,140.0,7.73881
2014-02-14,Regular,31.37,7.73881
2014-02-14,Superior,32.88,7.73881
2014-02-18,Búnker,21.07,7.75263
2014-02-18,Diésel,30.28,7.75263
2014-02-18,GLP,140.0,7.75263
2014-02-18,Regular,31.37,7.75263
2014-02-18,Superior,32.88,7.75263
2014-02-19,Búnker,21.07,7.7563
2014-02-19,Diésel,30.28,7.7563
2014-02-19,GLP,140.0,7.7563
2014-02-19,Regular,31.37,7.7563
2014-02-19,Superior,32.88,7.7563
2014-02-20,Búnker,21.07,7.74272
2014-02-20,Diésel,30.28,7.74272
2014-02-20,GLP,140.0,7.74272
2014-02-20,Regular,31.37,7.74272
2014-02-20,Superior,32.88,7.74272
2014-02-21,Búnker,21.07,7.73567
2014-02-21,Diésel,30.28,7.73567
2014-02-21,GLP,140.0,7.73567
2014-02-21,Regular,31.37,7.73567
2014-02-21,Superior,32.88,7.73567
2014-02-24,Búnker,20.91,7.74419
2014-02-24,Diésel,30.5,7.74419
2014-02-24,GLP,140.0,7.74419
2014-02-24,Regular,31.95,7.74419
2014-02-24,Superior,33.48,7.74419
2014-02-25,Búnker,20.91,7.74437
2014-02-25,Diésel,30.5,7.74437
2014-02-25,GLP,140.0,7.74437
2014-02-25,Regular,31.95,7.74437
2014-02-25,Superior,33.48,7.74437
2014-02-26,Búnker,20.91,7.75169
2014-02-26,Diésel,30.5,7.75169
2014-02-26,GLP,140.0,7.75169
2014-02-26,Regular,31.95,7.75169
2014-02-26,Superior,33.48,7.75169
2014-02-27,Búnker,20.91,7.74427
2014-02-27,Diésel,30.5,7.74427
2014-02-27,GLP,140.0,7.74427
2014-02-27,Regular,31.95,7.74427
2014-02-27,Superior,33.48,7.74427
2014-02-28,Búnker,20.91,7.74427
2014-02-28,Diésel,30.5,7.74427
2014-02-28,GLP,140.0,7.74427
2014-02-28,Regular,31.95,7.74427
2014-02-28,Superior,33.48,7.74427
2014-03-03,Búnker,20.99,7.73249
2014-03-03,Diésel,30.5,7.73249
2014-03-03,GLP,140.0,7.73249
2014-03-03,Regular,31.95,7.73249
2014-03-03,Superior,33.48,7.73249
2014-03-04,Búnker,20.99,7.72814
2014-03-04,Diésel,30.5,7.72814
2014-03-04,GLP,140.0,7.72814
2014-03-04,Regular,31.95,7.72814
2014-03-04,Superior,33.48,7.72814
2014-03-05,Búnker,20.99,7.72901
2014-03-05,Diésel,30.5,7.72901
2014-03-05,GLP,140.0,7.72901
2014-03-05,Regular,31.95,7.72901
2014-03-05,Superior,33.48,7.72901
2014-03-06,Búnker,20.99,7.73378
2014-03-06,Diésel,30.5,7.73378
2014-03-06,GLP,140.0,7.73378
2014-03-06,Regular,31.95,7.73378
2014-03-06,Superior,33.48,7.73378
2014-03-07,Búnker,20.99,7.74218
2014-03-07,Diésel,30.5,7.74218
2014-03-07,GLP,140.0,7.74218
2014-03-07,Regular,31.95,7.74218
2014-03-07,Superior,33.48,7.74218
2014-03-10,Búnker,21.08,7.74894
2014-03-10,Diésel,30.92,7.74894
2014-03-10,GLP,140.0,7.74894
2014-03-10,Regular,32.51,7.74894
2014-03-10,Superior,33.98,7.74894
2014-03-11,Búnker,21.08,7.73801
2014-03-11,Diésel,30.92,7.73801
2014-03-11,GLP,140.0,7.73801
2014-03-11,Regular,32.51,7.73801
2014-03-11,Superior,33.98,7.73801
2014-03-12,Búnker,21.08,7.73609
2014-03-12,Diésel,30.92,7.73609
2014-03-12,GLP,140.0,7.73609
2014-03-12,Regular,32.51,7.73609
2014-03-12,Superior,33.98,7.73609
2014-03-13,Búnker,21.08,7.72831
2014-03-13,Diésel,30.92,7.72831
2014-03-13,GLP,140.0,7.72831
2014-03-13,Regular,32.51,7.72831
2014-03-13,Superior,33.98,7.72831
2014-03-14,Búnker,21.08,7.71624
2014-03-14,Diésel,30.92,7.71624
2014-03-14,GLP,140.0,7.71624
2014-03-14,Regular,32.51,7.71624
2014-03-14,Superior,33.98,7.71624
2014-03-17,Búnker,21.05,7.71399
2014-03-17,Diésel,29.9,7.71399
2014-03-17,GLP,140.0,7.71399
2014-03-17,Regular,31.89,7.71399
2014-03-17,Superior,33.37,7.71399
2014-03-18,Búnker,21.05,7.71418
2014-03-18,Diésel,29.9,7.71418
2014-03-18,GLP,140.0,7.71418
2014-03-18,Regular,31.89,7.71418
2014-03-18,Superior,33.37,7.71418
2014-03-19,Búnker,21.05,7.71711
2014-03-19,Diésel,29.9,7.71711
2014-03-19,GLP,140.0,7.71711
2014-03-19,Regular,31.89,7.71711
2014-03-19,Superior,33.37,7.71711
2014-03-20,Búnker,21.05,7.71973
2014-03-20,Diésel,29.9,7.71973
2014-03-20,GLP,140.0,7.71973
2014-03-20,Regular,31.89,7.71973
2014-03-20,Superior,33.37,7.71973
2014-03-21,Búnker,21.05,7.72518
2014-03-21,Diésel,29.9,7.72518
2014-03-21,GLP,140.0,7.72518
2014-03-21,Regular,31.89,7.72518
2014-03-21,Superior,33.37,7.72518
2014-03-24,Búnker,21.03,7.72914
2014-03-24,Diésel,29.82,7.72914
2014-03-24,GLP,140.0,7.72914
2014-03-24,Regular,31.79,7.72914
2014-03-24,Superior,33.27,7.72914
2014-03-25,Búnker,21.03,7.73417
2014-03-25,Diésel,29.82,7.73417
2014-03-25,GLP,140.0,7.73417
2014-03-25,Regular,31.79,7.73417
2014-03-25,Superior,33.27,7.73417
2014-03-26,Búnker,21.03,7.73356
2014-03-26,Diésel,29.82,7.73356
2014-03-26,GLP,140.0,7.73356
2014-03-26,Regular,31.79,7.73356
2014-03-26,Superior,33.27,7.73356
2014-03-27,Búnker,21.03,7.73121
2014-03-27,Diésel,29.82,7.73121
2014-03-27,GLP,140.0,7.73121
2014-03-27,Regular,31.79,7.73121
2014-03-27,Superior,33.27,7.73121
2014-03-28,Búnker,21.03,7.72612
2014-03-28,Diésel,29.82,7.72612
2014-03-28,GLP,140.0,7.72612
2014-03-28,Regular,31.79,7.72612
2014-03-28,Superior,33.27,7.72612
2014-03-31,Búnker,20.75,7.72782
2014-03-31,Diésel,29.82,7.72782
2014-03-31,GLP,140.0,7.72782
2014-03-31,Regular,31.79,7.72782
2014-03-31,Superior,33.27,7.72782
2014-04-01,Búnker,20.75,7.72988
2014-04-01,Diésel,29.82,7.72988
2014-04-01,GLP,140.0,7.72988
2014-04-01,Regular,31.79,7.72988
2014-04-01,Superior,33.27,7.72988
2014-04-02,Búnker,20.75,7.73974
2014-04-02,Diésel,29.82,7.73974
2014-04-02,GLP,140.0,7.73974
2014-04-02,Regular,31.79,7.73974
2014-04-02,Superior,33.27,7.73974
2014-04-03,Búnker,20.75,7.76156
2014-04-03,Diésel,29.82,7.76156
2014-04-03,GLP,140.0,7.76156
2014-04-03,Regular,31.79,7.76156
2014-04-03,Superior,33.27,7.76156
2014-04-04,Búnker,20.75,7.7716
2014-04-04,Diésel,29.82,7.7716
2014-04-04,GLP,140.0,7.7716
2014-04-04,Regular,31.79,7.7716
2014-04-04,Superior,33.27,7.7716
2014-04-07,Búnker,21.0,7.7607
2014-04-07,Diésel,30.3,7.7607
2014-04-07,GLP,140.0,7.7607
2014-04-07,Regular,32.3,7.7607
2014-04-07,Superior,33.81,7.7607
2014-04-08,Búnker,21.0,7.75605
2014-04-08,Diésel,30.3,7.75605
2014-04-08,GLP,140.0,7.75605
2014-04-08,Regular,32.3,7.75605
2014-04-08,Superior,33.81,7.75605
2014-04-09,Búnker,21.0,7.75586
2014-04-09,Diésel,30.3,7.75586
2014-04-09,GLP,140.0,7.75586
2014-04-09,Regular,32.3,7.75586
2014-04-09,Superior,33.81,7.75586
2014-04-10,Búnker,21.0,7.76542
2014-04-10,Diésel,30.3,7.76542
2014-04-10,GLP,140.0,7.76542
2014-04-10,Regular,32.3,7.76542
2014-04-10,Superior,33.81,7.76542
2014-04-11,Búnker,21.0,7.76607
2014-04-11,Diésel,30.3,7.76607
2014-04-11,GLP,140.0,7.76607
2014-04-11,Regular,32.3,7.76607
2014-04-11,Superior,33.81,7.76607
2014-04-14,Búnker,21.01,7.75817
2014-04-14,Diésel,30.28,7.75817
2014-04-14,GLP,140.0,7.75817
2014-04-14,Regular,32.99,7.75817
2014-04-14,Superior,34.48,7.75817
2014-04-15,Búnker,21.01,7.75278
2014-04-15,Diésel,30.28,7.75278
2014-04-15,GLP,140.0,7.75278
2014-04-15,Regular,32.99,7.75278
2014-04-15,Superior,34.48,7.75278
2014-04-16,Búnker,21.01,7.7494
2014-04-16,Diésel,30.28,7.7494
2014-04-16,GLP,140.0,7.7494
2014-04-16,Regular,32.99,7.7494
2014-04-16,Superior,34.48,7.7494
2014-04-17,Búnker,21.01,7.7494
2014-04-17,Diésel,30.28,7.7494
2014-04-17,GLP,140.0,7.7494
2014-04-17,Regular,32.99,7.7494
2014-04-17,Superior,34.48,7.7494
2014-04-21,Búnker,21.47,7.75216
2014-04-21,Diésel,30.28,7.75216
2014-04-21,GLP,140.0,7.75216
2014-04-21,Regular,32.99,7.75216
2014-04-21,Superior,34.48,7.75216
2014-04-22,Búnker,21.47,7.75071
2014-04-22,Diésel,30.28,7.75071
2014-04-22,GLP,140.0,7.75071
2014-04-22,Regular,32.99,7.75071
2014-04-22,Superior,34.48,7.75071
2014-04-23,Búnker,21.47,7.74862
2014-04-23,Diésel,30.28,7.74862
2014-04-23,GLP,140.0,7.74862
2014-04-23,Regular,32.99,7.74862
2014-04-23,Superior,34.48,7.74862
2014-04-24,Búnker,21.47,7.74256
2014-04-24,Diésel,30.28,7.74256
2014-04-24,GLP,140.0,7.74256
2014-04-24,Regular,32.99,7.74256
2014-04-24,Superior,34.48,7.74256
2014-04-25,Búnker,21.47,7.73947
2014-04-25,Diésel,30.28,7.73947
2014-04-25,GLP,140.0,7.73947
2014-04-25,Regular,32.99,7.73947
2014-04-25,Superior,34.48,7.73947
2014-04-28,Búnker,21.34,7.73465
2014-04-28,Diésel,30.9,7.73465
2014-04-28,GLP,140.0,7.73465
2014-04-28,Regular,32.99,7.73465
2014-04-28,Superior,34.48,7.73465
2014-04-29,Búnker,21.34,7.73179
2014-04-29,Diésel,30.9,7.73179
2014-04-29,GLP,140.0,7.73179
2014-04-29,Regular,32.99,7.73179
2014-04-29,Superior,34.48,7.73179
2014-04-30,Búnker,21.34,7.72494
2014-04-30,Diésel,30.9,7.72494
2014-04-30,GLP,140.0,7.72494
2014-04-30,Regular,32.99,7.72494
2014-04-30,Superior,34.48,7.72494
2014-05-01,Búnker,21.34,7.72494
2014-05-01,Diésel,30.9,7.72494
2014-05-01,GLP,140.0,7.72494
2014-05-01,Regular,32.99,7.72494
2014-05-01,Superior,34.48,7.72494
2014-05-02,Búnker,21.34,7.71998
2014-05-02,Diésel,30.9,7.71998
2014-05-02,GLP,140.0,7.71998
2014-05-02,Regular,32.99,7.71998
2014-05-02,Superior,34.48,7.71998
2014-05-05,Búnker,21.0,7.71519
2014-05-05,Diésel,30.9,7.71519
2014-05-05,GLP,140.0,7.71519
2014-05-05,Regular,32.99,7.71519
2014-05-05,Superior,34.48,7.71519
2014-05-06,Búnker,21.0,7.71249
2014-05-06,Diésel,30.9,7.71249
2014-05-06,GLP,140.0,7.71249
2014-05-06,Regular,32.99,7.71249
2014-05-06,Superior,34.48,7.71249
2014-05-07,Búnker,21.0,7.70917
2014-05-07,Diésel,30.9,7.70917
2014-05-07,GLP,140.0,7.70917
2014-05-07,Regular,32.99,7.70917
2014-05-07,Superior,34.48,7.70917
2014-05-08,Búnker,21.0,7.70729
2014-05-08,Diésel,30.9,7.70729
2014-05-08,GLP,140.0,7.70729
2014-05-08,Regular,32.99,7.70729
2014-05-08,Superior,34.48,7.70729
2014-05-09,Búnker,21.0,7.71597
2014-05-09,Diésel,30.9,7.71597
2014-05-09,GLP,140.0,7.71597
2014-05-09,Regular,32.99,7.71597
2014-05-09,Superior,34.48,7.71597
2014-05-12,Búnker,20.98,7.71677
2014-05-12,Diésel,30.48,7.71677
2014-05-12,GLP,140.0,7.71677
2014-05-12,Regular,32.52,7.71677
2014-05-12,Superior,34.01,7.71677
2014-05-13,Búnker,20.98,7.71852
2014-05-13,Diésel,30.48,7.71852
2014-05-13,GLP,140.0,7.71852
2014-05-13,Regular,32.52,7.71852
2014-05-13,Superior,34.01,7.71852
2014-05-14,Búnker,20.98,7.71677
2014-05-14,Diésel,30.48,7.71677
2014-05-14,GLP,140.0,7.71677
2014-05-14,Regular,32.52,7.71677
2014-05-14,Superior,34.01,7.71677
2014-05-15,Búnker,20.98,7.71752
2014-05-15,Diésel,30.48,7.71752
2014-05-15,GLP,140.0,7.71752
2014-05-15,Regular,32.52,7.71752
2014-05-15,Superior,34.01,7.71752
2014-05-16,Búnker,20.98,7.71473
2014-05-16,Diésel,30.48,7.71473
2014-05-16,GLP,140.0,7.71473
2014-05-16,Regular,32.52,7.71473
2014-05-16,Superior,34.01,7.71473
2014-05-19,Búnker,21.16,7.71936
2014-05-19,Diésel,29.87,7.71936
2014-05-19,GLP,140.0,7.71936
2014-05-19,Regular,31.87,7.71936
2014-05-19,Superior,33.35,7.71936
2014-05-20,Búnker,21.16,7.72409
2014-05-20,Diésel,29.87,7.72409
2014-05-20,GLP,140.0,7.72409
2014-05-20,Regular,31.87,7.72409
2014-05-20,Superior,33.35,7.72409
2014-05-21,Búnker,21.16,7.73775
2014-05-21,Diésel,29.87,7.73775
2014-05-21,GLP,140.0,7.73775
2014-05-21,Regular,31.87,7.73775
2014-05-21,Superior,33.35,7.73775
2014-05-22,Búnker,21.16,7.7475
2014-05-22,Diésel,29.87,7.7475
2014-05-22,GLP,140.0,7.7475
2014-05-22,Regular,31.87,7.7475
2014-05-22,Superior,33.35,7.7475
2014-05-23,Búnker,21.16,7.75101
2014-05-23,Diésel,29.87,7.75101
2014-05-23,GLP,140.0,7.75101
2014-05-23,Regular,31.87,7.75101
2014-05-23,Superior,33.35,7.75101
2014-05-27,Búnker,21.16,7.76141
2014-05-27,Diésel,30.27,7.76141
2014-05-27,GLP,140.0,7.76141
2014-05-27,Regular,32.3,7.76141
2014-05-27,Superior,33.82,7.76141
2014-05-28,Búnker,21.16,7.75561
2014-05-28,Diésel,30.27,7.75561
2014-05-28,GLP,140.0,7.75561
2014-05-28,Regular,32.3,7.75561
2014-05-28,Superior,33.82,7.75561
2014-05-29,Búnker,21.16,7.77644
2014-05-29,Diésel,30.27,7.77644
2014-05-29,GLP,140.0,7.77644
2014-05-29,Regular,32.3,7.77644
2014-05-29,Superior,33.82,7.77644
2014-05-30,Búnker,21.16,7.78525
2014-05-30,Diésel,30.27,7.78525
2014-05-30,GLP,140.0,7.78525
2014-05-30,Regular,32.3,7.78525
2014-05-30,Superior,33.82,7.78525
2014-06-02,Búnker,21.19,7.78374
2014-06-02,Diésel,30.27,7.78374
2014-06-02,GLP,140.0,7.78374
2014-06-02,Regular,32.3,7.78374
2014-06-02,Superior,33.82,7.78374
2014-06-03,Búnker,21.19,7.78011
2014-06-03,Diésel,30.27,7.78011
2014-06-03,GLP,140.0,7.78011
2014-06-03,Regular,32.3,7.78011
2014-06-03,Superior,33.82,7.78011
2014-06-04,Búnker,21.19,7.79334
2014-06-04,Diésel,30.27,7.79334
2014-06-04,GLP,140.0,7.79334
2014-06-04,Regular,32.3,7.79334
2014-06-04,Superior,33.82,7.79334
2014-06-05,Búnker,21.19,7.81268
2014-06-05,Diésel,30.27,7.81268
2014-06-05,GLP,140.0,7.81268
2014-06-05,Regular,32.3,7.81268
2014-06-05,Superior,33.82,7.81268
2014-06-06,Búnker,21.19,7.83643
2014-06-06,Diésel,30.27,7.83643
2014-06-06,GLP,140.0,7.83643
2014-06-06,Regular,32.3,7.83643
2014-06-06,Superior,33.82,7.83643
2014-06-09,Búnker,21.19,7.83767
2014-06-09,Diésel,30.27,7.83767
2014-06-09,GLP,140.0,7.83767
2014-06-09,Regular,33.29,7.83767
2014-06-09,Superior,34.79,7.83767
2014-06-10,Búnker,21.19,7.8305
2014-06-10,Diésel,30.27,7.8305
2014-06-10,GLP,140.0,7.8305
2014-06-10,Regular,33.29,7.8305
2014-06-10,Superior,34.79,7.8305
2014-06-11,Búnker,21.19,7.81978
2014-06-11,Diésel,30.27,7.81978
2014-06-11,GLP,140.0,7.81978
2014-06-11,Regular,33.29,7.81978
2014-06-11,Superior,34.79,7.81978
2014-06-12,Búnker,21.19,7.81342
2014-06-12,Diésel,30.27,7.81342
2014-06-12,GLP,140.0,7.81342
2014-06-12,Regular,33.29,7.81342
2014-06-12,Superior,34.79,7.81342
2014-06-13,Búnker,21.19,7.81502
2014-06-13,Diésel,30.27,7.81502
2014-06-13,GLP,140.0,7.81502
2014-06-13,Regular,33.29,7.81502
2014-06-13,Superior,34.79,7.81502
2014-06-16,Búnker,21.2,7.81222
2014-06-16,Diésel,29.92,7.81222
2014-06-16,GLP,140.0,7.81222
2014-06-16,Regular,32.98,7.81222
2014-06-16,Superior,34.47,7.81222
2014-06-17,Búnker,21.2,7.81311
2014-06-17,Diésel,29.92,7.81311
2014-06-17,GLP,140.0,7.81311
2014-06-17,Regular,32.98,7.81311
2014-06-17,Superior,34.47,7.81311
2014-06-18,Búnker,21.2,7.81619
2014-06-18,Diésel,29.92,7.81619
2014-06-18,GLP,140.0,7.81619
2014-06-18,Regular,32.98,7.81619
2014-06-18,Superior,34.47,7.81619
2014-06-19,Búnker,21.2,7.81764
2014-06-19,Diésel,29.92,7.81764
2014-06-19,GLP,140.0,7.81764
2014-06-19,Regular,32.98,7.81764
2014-06-19,Superior,34.47,7.81764
2014-06-20,Búnker,21.2,7.81372
2014-06-20,Diésel,29.92,7.81372
2014-06-20,GLP,140.0,7.81372
2014-06-20,Regular,32.98,7.81372
2014-06-20,Superior,34.47,7.81372
2014-06-23,Búnker,21.16,7.80366
2014-06-23,Diésel,30.68,7.80366
2014-06-23,GLP,140.0,7.80366
2014-06-23,Regular,33.86,7.80366
2014-06-23,Superior,35.374,7.80366
2014-06-24,Búnker,21.16,7.79537
2014-06-24,Diésel,30.68,7.79537
2014-06-24,GLP,140.0,7.79537
2014-06-24,Regular,33.86,7.79537
2014-06-24,Superior,35.374,7.79537
2014-06-25,Búnker,21.16,7.7911
2014-06-25,Diésel,30.68,7.7911
2014-06-25,GLP,140.0,7.7911
2014-06-25,Regular,33.86,7.7911
2014-06-25,Superior,35.374,7.7911
2014-06-26,Búnker,21.16,7.78548
2014-06-26,Diésel,30.68,7.78548
2014-06-26,GLP,140.0,7.78548
2014-06-26,Regular,33.86,7.78548
2014-06-26,Superior,35.374,7.78548
2014-06-27,Búnker,21.16,7.77861
2014-06-27,Diésel,30.68,7.77861
2014-06-27,GLP,140.0,7.77861
2014-06-27,Regular,33.86,7.77861
2014-06-27,Superior,35.374,7.77861
2014-06-30,Búnker,21.29,7.77861
2014-06-30,Diésel,30.68,7.77861
2014-06-30,GLP,140.0,7.77861
2014-06-30,Regular,33.86,7.77861
2014-06-30,Superior,35.374,7.77861
2014-07-01,Búnker,21.29,7.77861
2014-07-01,Diésel,30.68,7.77861
2014-07-01,GLP,140.0,7.77861
2014-07-01,Regular,33.86,7.77861
2014-07-01,Superior,35.374,7.77861
2014-07-02,Búnker,21.29,7.77273
2014-07-02,Diésel,30.68,7.77273
2014-07-02,GLP,140.0,7.77273
2014-07-02,Regular,33.86,7.77273
2014-07-02,Superior,35.374,7.77273
2014-07-03,Búnker,21.29,7.76416
2014-07-03,Diésel,30.68,7.76416
2014-07-03,GLP,140.0,7.76416
2014-07-03,Regular,33.86,7.76416
2014-07-03,Superior,35.374,7.76416
2014-07-07,Búnker,21.38,7.75057
2014-07-07,Diésel,30.43,7.75057
2014-07-07,GLP,140.0,7.75057
2014-07-07,Regular,33.63,7.75057
2014-07-07,Superior,35.08,7.75057
2014-07-08,Búnker,21.38,7.75287
2014-07-08,Diésel,30.43,7.75287
2014-07-08,GLP,140.0,7.75287
2014-07-08,Regular,33.63,7.75287
2014-07-08,Superior,35.08,7.75287
2014-07-09,Búnker,21.38,7.75243
2014-07-09,Diésel,30.43,7.75243
2014-07-09,GLP,140.0,7.75243
2014-07-09,Regular,33.63,7.75243
2014-07-09,Superior,35.08,7.75243
2014-07-10,Búnker,21.38,7.74635
2014-07-10,Diésel,30.43,7.74635
2014-07-10,GLP,140.0,7.74635
2014-07-10,Regular,33.63,7.74635
2014-07-10,Superior,35.08,7.74635
2014-07-11,Búnker,21.38,7.74947
2014-07-11,Diésel,30.43,7.74947
2014-07-11,GLP,140.0,7.74947
2014-07-11,Regular,33.63,7.74947
2014-07-11,Superior,35.08,7.74947
2014-07-14,Búnker,21.48,7.7441
2014-07-14,Diésel,30.11,7.7441
2014-07-14,GLP,140.0,7.7441
2014-07-14,Regular,33.52,7.7441
2014-07-14,Superior,34.99,7.7441
2014-07-15,Búnker,21.48,7.74376
2014-07-15,Diésel,30.11,7.74376
2014-07-15,GLP,140.0,7.74376
2014-07-15,Regular,33.52,7.74376
2014-07-15,Superior,34.99,7.74376
2014-07-16,Búnker,21.48,7.74453
2014-07-16,Diésel,30.11,7.74453
2014-07-16,GLP,140.0,7.74453
2014-07-16,Regular,33.52,7.74453
2014-07-16,Superior,34.99,7.74453
2014-07-17,Búnker,21.48,7.74642
2014-07-17,Diésel,30.11,7.74642
2014-07-17,GLP,140.0,7.74642
2014-07-17,Regular,33.52,7.74642
2014-07-17,Superior,34.99,7.74642
2014-07-18,Búnker,21.48,7.75709
2014-07-18,Diésel,30.11,7.75709
2014-07-18,GLP,140.0,7.75709
2014-07-18,Regular,33.52,7.75709
2014-07-18,Superior,34.99,7.75709
2014-07-21,Búnker,21.92,7.76724
2014-07-21,Diésel,29.94,7.76724
2014-07-21,GLP,140.0,7.76724
2014-07-21,Regular,33.05,7.76724
2014-07-21,Superior,34.56,7.76724
2014-07-22,Búnker,21.92,7.77591
2014-07-22,Diésel,29.94,7.77591
2014-07-22,GLP,140.0,7.77591
2014-07-22,Regular,33.05,7.77591
2014-07-22,Superior,34.56,7.77591
2014-07-23,Búnker,21.92,7.79609
2014-07-23,Diésel,29.94,7.79609
2014-07-23,GLP,140.0,7.79609
2014-07-23,Regular,33.05,7.79609
2014-07-23,Superior,34.56,7.79609
2014-07-24,Búnker,21.92,7.7967
2014-07-24,Diésel,29.94,7.7967
2014-07-24,GLP,140.0,7.7967
2014-07-24,Regular,33.05,7.7967
2014-07-24,Superior,34.56,7.7967
2014-07-25,Búnker,21.92,7.7992
2014-07-25,Diésel,29.94,7.7992
2014-07-25,GLP,140.0,7.7992
2014-07-25,Regular,33.05,7.7992
2014-07-25,Superior,34.56,7.7992
2014-07-28,Búnker,24.0,7.79939
2014-07-28,Diésel,29.59,7.79939
2014-07-28,GLP,140.0,7.79939
2014-07-28,Regular,32.56,7.79939
2014-07-28,Superior,34.05,7.79939
2014-07-29,Búnker,24.0,7.81455
2014-07-29,Diésel,29.59,7.81455
2014-07-29,GLP,140.0,7.81455
2014-07-29,Regular,32.56,7.81455
2014-07-29,Superior,34.05,7.81455
2014-07-30,Búnker,24.0,7.82252
2014-07-30,Diésel,29.59,7.82252
2014-07-30,GLP,140.0,7.82252
2014-07-30,Regular,32.56,7.82252
2014-07-30,Superior,34.05,7.82252
2014-07-31,Búnker,24.0,7.81606
2014-07-31,Diésel,29.59,7.81606
2014-07-31,GLP,140.0,7.81606
2014-07-31,Regular,32.56,7.81606
2014-07-31,Superior,34.05,7.81606
2014-08-01,Búnker,24.0,7.80096
2014-08-01,Diésel,29.59,7.80096
2014-08-01,GLP,140.0,7.80096
2014-08-01,Regular,32.56,7.80096
2014-08-01,Superior,34.05,7.80096
2014-08-04,Búnker,24.0,7.79968
2014-08-04,Diésel,29.44,7.79968
2014-08-04,GLP,140.0,7.79968
2014-08-04,Regular,32.14,7.79968
2014-08-04,Superior,33.64,7.79968
2014-08-05,Búnker,24.0,7.80787
2014-08-05,Diésel,29.44,7.80787
2014-08-05,GLP,140.0,7.80787
2014-08-05,Regular,32.14,7.80787
2014-08-05,Superior,33.64,7.80787
2014-08-06,Búnker,24.0,7.80965
2014-08-06,Diésel,29.44,7.80965
2014-08-06,GLP,140.0,7.80965
2014-08-06,Regular,32.14,7.80965
2014-08-06,Superior,33.64,7.80965
2014-08-07,Búnker,24.0,7.81531
2014-08-07,Diésel,29.44,7.81531
2014-08-07,GLP,140.0,7.81531
2014-08-07,Regular,32.14,7.81531
2014-08-07,Superior,33.64,7.81531
2014-08-08,Búnker,24.0,7.82708
2014-08-08,Diésel,29.44,7.82708
2014-08-08,GLP,140.0,7.82708
2014-08-08,Regular,32.14,7.82708
2014-08-08,Superior,33.64,7.82708
2014-08-11,Búnker,24.8,7.83327
2014-08-11,Diésel,29.08,7.83327
2014-08-11,GLP,140.0,7.83327
2014-08-11,Regular,31.62,7.83327
2014-08-11,Superior,33.09,7.83327
2014-08-12,Búnker,24.8,7.83944
2014-08-12,Diésel,29.08,7.83944
2014-08-12,GLP,140.0,7.83944
2014-08-12,Regular,31.62,7.83944
2014-08-12,Superior,33.09,7.83944
2014-08-13,Búnker,24.8,7.83555
2014-08-13,Diésel,29.08,7.83555
2014-08-13,GLP,140.0,7.83555
2014-08-13,Regular,31.62,7.83555
2014-08-13,Superior,33.09,7.83555
2014-08-14,Búnker,24.8,7.83292
2014-08-14,Diésel,29.08,7.83292
2014-08-14,GLP,140.0,7.83292
2014-08-14,Regular,31.62,7.83292
2014-08-14,Superior,33.09,7.83292
2014-08-15,Búnker,24.8,7.83292
2014-08-15,Diésel,29.08,7.83292
2014-08-15,GLP,140.0,7.83292
2014-08-15,Regular,31.62,7.83292
2014-08-15,Superior,33.09,7.83292
2014-08-18,Búnker,22.48,7.82541
2014-08-18,Diésel,29.96,7.82541
2014-08-18,GLP,140.0,7.82541
2014-08-18,Regular,31.62,7.82541
2014-08-18,Superior,33.09,7.82541
2014-08-19,Búnker,22.48,7.81984
2014-08-19,Diésel,29.96,7.81984
2014-08-19,GLP,140.0,7.81984
2014-08-19,Regular,31.62,7.81984
2014-08-19,Superior,33.09,7.81984
2014-08-20,Búnker,22.48,7.8218
2014-08-20,Diésel,29.96,7.8218
2014-08-20,GLP,140.0,7.8218
2014-08-20,Regular,31.62,7.8218
2014-08-20,Superior,33.09,7.8218
2014-08-21,Búnker,22.48,7.81012
2014-08-21,Diésel,29.96,7.81012
2014-08-21,GLP,140.0,7.81012
2014-08-21,Regular,31.62,7.81012
2014-08-21,Superior,33.09,7.81012
2014-08-22,Búnker,22.48,7.80016
2014-08-22,Diésel,29.96,7.80016
2014-08-22,GLP,140.0,7.80016
2014-08-22,Regular,31.62,7.80016
2014-08-22,Superior,33.09,7.80016
2014-08-25,Búnker,21.5,7.78541
2014-08-25,Diésel,29.96,7.78541
2014-08-25,GLP,140.0,7.78541
2014-08-25,Regular,31.62,7.78541
2014-08-25,Superior,33.09,7.78541
2014-08-26,Búnker,21.5,7.77387
2014-08-26,Diésel,29.96,7.77387
2014-08-26,GLP,140.0,7.77387
2014-08-26,Regular,31.62,7.77387
2014-08-26,Superior,33.09,7.77387
2014-08-27,Búnker,21.5,7.76966
2014-08-27,Diésel,29.96,7.76966
2014-08-27,GLP,140.0,7.76966
2014-08-27,Regular,31.62,7.76966
2014-08-27,Superior,33.09,7.76966
2014-08-28,Búnker,21.5,7.7704
2014-08-28,Diésel,29.96,7.7704
2014-08-28,GLP,140.0,7.7704
2014-08-28,Regular,31.62,7.7704
2014-08-28,Superior,33.09,7.7704
2014-08-29,Búnker,21.5,7.76718
2014-08-29,Diésel,29.96,7.76718
2014-08-29,GLP,140.0,7.76718
2014-08-29,Regular,31.62,7.76718
2014-08-29,Superior,33.09,7.76718
2014-09-02,Búnker,21.5,7.75082
2014-09-02,Diésel,29.53,7.75082
2014-09-02,GLP,140.0,7.75082
2014-09-02,Regular,31.34,7.75082
2014-09-02,Superior,32.84,7.75082
2014-09-03,Búnker,21.5,7.74827
2014-09-03,Diésel,29.53,7.74827
2014-09-03,GLP,140.0,7.74827
2014-09-03,Regular,31.34,7.74827
2014-09-03,Superior,32.84,7.74827
2014-09-04,Búnker,21.5,7.73507
2014-09-04,Diésel,29.53,7.73507
2014-09-04,GLP,140.0,7.73507
2014-09-04,Regular,31.34,7.73507
2014-09-04,Superior,32.84,7.73507
2014-09-05,Búnker,21.5,7.72327
2014-09-05,Diésel,29.53,7.72327
2014-09-05,GLP,140.0,7.72327
2014-09-05,Regular,31.34,7.72327
2014-09-05,Superior,32.84,7.72327
2014-09-08,Búnker,21.4,7.71263
2014-09-08,Diésel,29.08,7.71263
2014-09-08,GLP,140.0,7.71263
2014-09-08,Regular,30.92,7.71263
2014-09-08,Superior,32.42,7.71263
2014-09-09,Búnker,21.4,7.74343
2014-09-09,Diésel,29.08,7.74343
2014-09-09,GLP,140.0,7.74343
2014-09-09,Regular,30.92,7.74343
2014-09-09,Superior,32.42,7.74343
2014-09-10,Búnker,21.4,7.76062
2014-09-10,Diésel,29.08,7.76062
2014-09-10,GLP,140.0,7.76062
2014-09-10,Regular,30.92,7.76062
2014-09-10,Superior,32.42,7.76062
2014-09-11,Búnker,21.4,7.75666
2014-09-11,Diésel,29.08,7.75666
2014-09-11,GLP,140.0,7.75666
2014-09-11,Regular,30.92,7.75666
2014-09-11,Superior,32.42,7.75666
2014-09-12,Búnker,21.4,7.73842
2014-09-12,Diésel,29.08,7.73842
2014-09-12,GLP,140.0,7.73842
2014-09-12,Regular,30.92,7.73842
2014-09-12,Superior,32.42,7.73842
2014-09-15,Búnker,21.4,7.73842
2014-09-15,Diésel,29.08,7.73842
2014-09-15,GLP,140.0,7.73842
2014-09-15,Regular,30.92,7.73842
2014-09-15,Superior,32.42,7.73842
2014-09-16,Búnker,21.38,7.72098
2014-09-16,Diésel,28.74,7.72098
2014-09-16,GLP,140.0,7.72098
2014-09-16,Regular,30.65,7.72098
2014-09-16,Superior,32.11,7.72098
2014-09-17,Búnker,21.38,7.72136
2014-09-17,Diésel,28.74,7.72136
2014-09-17,GLP,140.0,7.72136
2014-09-17,Regular,30.65,7.72136
2014-09-17,Superior,32.11,7.72136
2014-09-18,Búnker,21.38,7.71834
2014-09-18,Diésel,28.74,7.71834
2014-09-18,GLP,140.0,7.71834
2014-09-18,Regular,30.65,7.71834
2014-09-18,Superior,32.11,7.71834
2014-09-19,Búnker,21.38,7.71433
2014-09-19,Diésel,28.74,7.71433
2014-09-19,GLP,140.0,7.71433
2014-09-19,Regular,30.65,7.71433
2014-09-19,Superior,32.11,7.71433
2014-09-22,Búnker,21.33,7.71694
2014-09-22,Diésel,28.12,7.71694
2014-09-22,GLP,140.0,7.71694
2014-09-22,Regular,30.38,7.71694
2014-09-22,Superior,31.89,7.71694
2014-09-23,Búnker,21.33,7.71862
2014-09-23,Diésel,28.12,7.71862
2014-09-23,GLP,140.0,7.71862
2014-09-23,Regular,30.38,7.71862
2014-09-23,Superior,31.89,7.71862
2014-09-24,Búnker,21.33,7.71696
2014-09-24,Diésel,28.12,7.71696
2014-09-24,GLP,140.0,7.71696
2014-09-24,Regular,30.38,7.71696
2014-09-24,Superior,31.89,7.71696
2014-09-25,Búnker,21.33,7.71734
2014-09-25,Diésel,28.12,7.71734
2014-09-25,GLP,140.0,7.71734
2014-09-25,Regular,30.38,7.71734
2014-09-25,Superior,31.89,7.71734
2014-09-26,Búnker,21.33,7.70721
2014-09-26,Diésel,28.12,7.70721
2014-09-26,GLP,140.0,7.70721
2014-09-26,Regular,30.38,7.70721
2014-09-26,Superior,31.89,7.70721
2014-09-29,Búnker,21.25,7.68901
2014-09-29,Diésel,28.01,7.68901
2014-09-29,GLP,140.0,7.68901
2014-09-29,Regular,30.77,7.68901
2014-09-29,Superior,32.31,7.68901
2014-09-30,Búnker,21.25,7.67118
2014-09-30,Diésel,28.01,7.67118
2014-09-30,GLP,140.0,7.67118
2014-09-30,Regular,30.77,7.67118
2014-09-30,Superior,32.31,7.67118
2014-10-01,Búnker,21.25,7.65935
2014-10-01,Diésel,28.01,7.65935
2014-10-01,GLP,140.0,7.65935
2014-10-01,Regular,30.77,7.65935
2014-10-01,Superior,32.31,7.65935
2014-10-02,Búnker,21.25,7.66143
2014-10-02,Diésel,28.01,7.66143
2014-10-02,GLP,140.0,7.66143
2014-10-02,Regular,30.77,7.66143
2014-10-02,Superior,32.31,7.66143
2014-10-03,Búnker,21.25,7.68746
2014-10-03,Diésel,28.01,7.68746
2014-10-03,GLP,140.0,7.68746
2014-10-03,Regular,30.77,7.68746
2014-10-03,Superior,32.31,7.68746
2014-10-06,Búnker,21.13,7.68746
2014-10-06,Diésel,27.83,7.68746
2014-10-06,GLP,140.0,7.68746
2014-10-06,Regular,30.55,7.68746
2014-10-06,Superior,32.05,7.68746
2014-10-07,Búnker,21.13,7.69179
2014-10-07,Diésel,27.83,7.69179
2014-10-07,GLP,140.0,7.69179
2014-10-07,Regular,30.55,7.69179
2014-10-07,Superior,32.05,7.69179
2014-10-08,Búnker,21.13,7.68051
2014-10-08,Diésel,27.83,7.68051
2014-10-08,GLP,140.0,7.68051
2014-10-08,Regular,30.55,7.68051
2014-10-08,Superior,32.05,7.68051
2014-10-09,Búnker,21.13,7.66381
2014-10-09,Diésel,27.83,7.66381
2014-10-09,GLP,140.0,7.66381
2014-10-09,Regular,30.55,7.66381
2014-10-09,Superior,32.05,7.66381
2014-10-10,Búnker,21.13,7.65534
2014-10-10,Diésel,27.83,7.65534
2014-10-10,GLP,140.0,7.65534
2014-10-10,Regular,30.55,7.65534
2014-10-10,Superior,32.05,7.65534
2014-10-13,Búnker,21.06,7.65534
2014-10-13,Diésel,27.37,7.65534
2014-10-13,GLP,140.0,7.65534
2014-10-13,Regular,29.57,7.65534
2014-10-13,Superior,31.05,7.65534
2014-10-14,Búnker,21.06,7.64148
2014-10-14,Diésel,27.37,7.64148
2014-10-14,GLP,140.0,7.64148
2014-10-14,Regular,29.57,7.64148
2014-10-14,Superior,31.05,7.64148
2014-10-15,Búnker,21.06,7.63869
2014-10-15,Diésel,27.37,7.63869
2014-10-15,GLP,140.0,7.63869
2014-10-15,Regular,29.57,7.63869
2014-10-15,Superior,31.05,7.63869
2014-10-16,Búnker,21.06,7.63422
2014-10-16,Diésel,27.37,7.63422
2014-10-16,GLP,140.0,7.63422
2014-10-16,Regular,29.57,7.63422
2014-10-16,Superior,31.05,7.63422
2014-10-17,Búnker,21.06,7.62971
2014-10-17,Diésel,27.37,7.62971
2014-10-17,GLP,140.0,7.62971
2014-10-17,Regular,29.57,7.62971
2014-10-17,Superior,31.05,7.62971
2014-10-20,Búnker,20.81,7.62971
2014-10-20,Diésel,26.31,7.62971
2014-10-20,GLP,140.0,7.62971
2014-10-20,Regular,28.24,7.62971
2014-10-20,Superior,29.76,7.62971
2014-10-21,Búnker,20.81,7.63748
2014-10-21,Diésel,26.31,7.63748
2014-10-21,GLP,140.0,7.63748
2014-10-21,Regular,28.24,7.63748
2014-10-21,Superior,29.76,7.63748
2014-10-22,Búnker,20.81,7.64398
2014-10-22,Diésel,26.31,7.64398
2014-10-22,GLP,140.0,7.64398
2014-10-22,Regular,28.24,7.64398
2014-10-22,Superior,29.76,7.64398
2014-10-23,Búnker,20.81,7.6472
2014-10-23,Diésel,26.31,7.6472
2014-10-23,GLP,140.0,7.6472
2014-10-23,Regular,28.24,7.6472
2014-10-23,Superior,29.76,7.6472
2014-10-24,Búnker,20.81,7.63784
2014-10-24,Diésel,26.31,7.63784
2014-10-24,GLP,140.0,7.63784
2014-10-24,Regular,28.24,7.63784
2014-10-24,Superior,29.76,7.63784
2014-10-27,Búnker,20.28,7.6115
2014-10-27,Diésel,25.88,7.6115
2014-10-27,GLP,140.0,7.6115
2014-10-27,Regular,27.57,7.6115
2014-10-27,Superior,29.09,7.6115
2014-10-28,Búnker,20.28,7.60908
2014-10-28,Diésel,25.88,7.60908
2014-10-28,GLP,140.0,7.60908
2014-10-28,Regular,27.57,7.60908
2014-10-28,Superior,29.09,7.60908
2014-10-29,Búnker,20.28,7.61717
2014-10-29,Diésel,25.88,7.61717
2014-10-29,GLP,140.0,7.61717
2014-10-29,Regular,27.57,7.61717
2014-10-29,Superior,29.09,7.61717
2014-10-30,Búnker,20.28,7.61258
2014-10-30,Diésel,25.88,7.61258
2014-10-30,GLP,140.0,7.61258
2014-10-30,Regular,27.57,7.61258
2014-10-30,Superior,29.09,7.61258
2014-10-31,Búnker,20.28,7.60939
2014-10-31,Diésel,25.88,7.60939
2014-10-31,GLP,140.0,7.60939
2014-10-31,Regular,27.57,7.60939
2014-10-31,Superior,29.09,7.60939
2014-11-03,Búnker,19.93,7.60939
2014-11-03,Diésel,25.37,7.60939
2014-11-03,GLP,140.0,7.60939
2014-11-03,Regular,27.06,7.60939
2014-11-03,Superior,28.55,7.60939
2014-11-04,Búnker,19.93,7.60177
2014-11-04,Diésel,25.37,7.60177
2014-11-04,GLP,140.0,7.60177
2014-11-04,Regular,27.06,7.60177
2014-11-04,Superior,28.55,7.60177
2014-11-05,Búnker,19.93,7.60808
2014-11-05,Diésel,25.37,7.60808
2014-11-05,GLP,140.0,7.60808
2014-11-05,Regular,27.06,7.60808
2014-11-05,Superior,28.55,7.60808
2014-11-06,Búnker,19.93,7.60571
2014-11-06,Diésel,25.37,7.60571
2014-11-06,GLP,140.0,7.60571
2014-11-06,Regular,27.06,7.60571
2014-11-06,Superior,28.55,7.60571
2014-11-07,Búnker,19.93,7.60109
2014-11-07,Diésel,25.37,7.60109
2014-11-07,GLP,140.0,7.60109
2014-11-07,Regular,27.06,7.60109
2014-11-07,Superior,28.55,7.60109
2014-11-10,Búnker,19.93,7.59663
2014-11-10,Diésel,25.37,7.59663
2014-11-10,GLP,140.0,7.59663
2014-11-10,Regular,27.06,7.59663
2014-11-10,Superior,28.58,7.59663
2014-11-11,Búnker,19.93,7.60268
2014-11-11,Diésel,25.37,7.60268
2014-11-11,GLP,140.0,7.60268
2014-11-11,Regular,27.06,7.60268
2014-11-11,Superior,28.58,7.60268
2014-11-12,Búnker,19.93,7.60573
2014-11-12,Diésel,25.37,7.60573
2014-11-12,GLP,140.0,7.60573
2014-11-12,Regular,27.06,7.60573
2014-11-12,Superior,28.58,7.60573
2014-11-13,Búnker,19.93,7.60496
2014-11-13,Diésel,25.37,7.60496
2014-11-13,GLP,140.0,7.60496
2014-11-13,Regular,27.06,7.60496
2014-11-13,Superior,28.58,7.60496
2014-11-14,Búnker,19.93,7.61211
2014-11-14,Diésel,25.37,7.61211
2014-11-14,GLP,140.0,7.61211
2014-11-14,Regular,27.06,7.61211
2014-11-14,Superior,28.58,7.61211
2014-11-17,Búnker,19.7,7.61411
2014-11-17,Diésel,25.37,7.61411
2014-11-17,GLP,140.0,7.61411
2014-11-17,Regular,27.06,7.61411
2014-11-17,Superior,28.58,7.61411
2014-11-18,Búnker,19.7,7.6217
2014-11-18,Diésel,25.37,7.6217
2014-11-18,GLP,140.0,7.6217
2014-11-18,Regular,27.06,7.6217
2014-11-18,Superior,28.58,7.6217
2014-11-19,Búnker,19.7,7.62046
2014-11-19,Diésel,25.37,7.62046
2014-11-19,GLP,140.0,7.62046
2014-11-19,Regular,27.06,7.62046
2014-11-19,Superior,28.58,7.62046
2014-11-20,Búnker,19.7,7.61751
2014-11-20,Diésel,25.37,7.61751
2014-11-20,GLP,140.0,7.61751
2014-11-20,Regular,27.06,7.61751
2014-11-20,Superior,28.58,7.61751
2014-11-21,Búnker,19.7,7.61849
2014-11-21,Diésel,25.37,7.61849
2014-11-21,GLP,140.0,7.61849
2014-11-21,Regular,27.06,7.61849
2014-11-21,Superior,28.58,7.61849
2014-11-24,Búnker,19.46,7.62285
2014-11-24,Diésel,24.61,7.62285
2014-11-24,GLP,140.0,7.62285
2014-11-24,Regular,26.99,7.62285
2014-11-24,Superior,28.5,7.62285
2014-11-25,Búnker,19.46,7.62285
2014-11-25,Diésel,24.61,7.62285
2014-11-25,GLP,140.0,7.62285
2014-11-25,Regular,26.99,7.62285
2014-11-25,Superior,28.5,7.62285
2014-11-26,Búnker,19.46,7.62428
2014-11-26,Diésel,24.61,7.62428
2014-11-26,GLP,135.0,7.62428
2014-11-26,Regular,26.99,7.62428
2014-11-26,Superior,28.5,7.62428
2014-12-01,Búnker,19.18,7.64932
2014-12-01,Diésel,24.44,7.64932
2014-12-01,GLP,135.0,7.64932
2014-12-01,Regular,26.03,7.64932
2014-12-01,Superior,28.5,7.64932
2014-12-02,Búnker,19.18,7.6446
2014-12-02,Diésel,24.44,7.6446
2014-12-02,GLP,135.0,7.6446
2014-12-02,Regular,26.03,7.6446
2014-12-02,Superior,28.5,7.6446
2014-12-03,Búnker,19.18,7.64359
2014-12-03,Diésel,24.44,7.64359
2014-12-03,GLP,135.0,7.64359
2014-12-03,Regular,26.03,7.64359
2014-12-03,Superior,28.5,7.64359
2014-12-04,Búnker,19.18,7.63839
2014-12-04,Diésel,24.44,7.63839
2014-12-04,GLP,135.0,7.63839
2014-12-04,Regular,26.03,7.63839
2014-12-04,Superior,28.5,7.63839
2014-12-05,Búnker,19.18,7.63218
2014-12-05,Diésel,24.44,7.63218
2014-12-05,GLP,125.0,7.63218
2014-12-05,Regular,26.03,7.63218
2014-12-05,Superior,28.5,7.63218
2014-12-08,Búnker,19.03,7.63754
2014-12-08,Diésel,22.72,7.63754
2014-12-08,GLP,125.0,7.63754
2014-12-08,Regular,24.76,7.63754
2014-12-08,Superior,26.16,7.63754
2014-12-09,Búnker,19.03,7.63845
2014-12-09,Diésel,22.72,7.63845
2014-12-09,GLP,125.0,7.63845
2014-12-09,Regular,24.76,7.63845
2014-12-09,Superior,26.16,7.63845
2014-12-10,Búnker,19.03,7.63591
2014-12-10,Diésel,22.72,7.63591
2014-12-10,GLP,125.0,7.63591
2014-12-10,Regular,24.76,7.63591
2014-12-10,Superior,26.16,7.63591
2014-12-11,Búnker,19.03,7.63702
2014-12-11,Diésel,22.72,7.63702
2014-12-11,GLP,125.0,7.63702
2014-12-11,Regular,24.76,7.63702
2014-12-11,Superior,26.16,7.63702
2014-12-12,Búnker,19.03,7.6318
2014-12-12,Diésel,22.72,7.6318
2014-12-12,GLP,125.0,7.6318
2014-12-12,Regular,24.76,7.6318
2014-12-12,Superior,26.16,7.6318
2014-12-15,Búnker,18.78,7.6297
2014-12-15,Diésel,22.54,7.6297
2014-12-15,GLP,125.0,7.6297
2014-12-15,Regular,23.59,7.6297
2014-12-15,Superior,25.02,7.6297
2014-12-16,Búnker,18.78,7.62353
2014-12-16,Diésel,22.54,7.62353
2014-12-16,GLP,114.99999999999999,7.62353
2014-12-16,Regular,23.59,7.62353
2014-12-16,Superior,25.02,7.62353
2014-12-17,Búnker,18.78,7.6167
2014-12-17,Diésel,22.54,7.6167
2014-12-17,GLP,114.99999999999999,7.6167
2014-12-17,Regular,23.59,7.6167
2014-12-17,Superior,25.02,7.6167
2014-12-18,Búnker,18.78,7.6105
2014-12-18,Diésel,22.54,7.6105
2014-12-18,GLP,114.99999999999999,7.6105
2014-12-18,Regular,23.59,7.6105
2014-12-18,Superior,25.02,7.6105
2014-12-19,Búnker,18.78,7.61472
2014-12-19,Diésel,22.54,7.61472
2014-12-19,GLP,114.99999999999999,7.61472
2014-12-19,Regular,23.59,7.61472
2014-12-19,Superior,25.02,7.61472
2014-12-22,Búnker,18.61,7.6135
2014-12-22,Diésel,21.11,7.6135
2014-12-22,GLP,114.99999999999999,7.6135
2014-12-22,Regular,22.11,7.6135
2014-12-22,Superior,23.51,7.6135
2014-12-23,Búnker,18.61,7.61352
2014-12-23,Diésel,21.11,7.61352
2014-12-23,GLP,114.99999999999999,7.61352
2014-12-23,Regular,22.11,7.61352
2014-12-23,Superior,23.51,7.61352
2014-12-24,Búnker,18.61,7.61214
2014-12-24,Diésel,21.11,7.61214
2014-12-24,GLP,114.99999999999999,7.61214
2014-12-24,Regular,22.11,7.61214
2014-12-24,Superior,23.51,7.61214
2014-12-29,Búnker,16.35,7.60041
2014-12-29,Diésel,20.54,7.60041
2014-12-29,GLP,114.99999999999999,7.60041
2014-12-29,Regular,21.52,7.60041
2014-12-29,Superior,23.0,7.60041
2014-12-30,Búnker,16.35,7.59675
2014-12-30,Diésel,20.54,7.59675
2014-12-30,GLP,114.99999999999999,7.59675
2014-12-30,Regular,21.52,7.59675
2014-12-30,Superior,23.0,7.59675
2014-12-31,Búnker,16.35,7.59675
2014-12-31,Diésel,20.54,7.59675
2014-12-31,GLP,114.99999999999999,7.59675
2014-12-31,Regular,21.52,7.59675
2014-12-31,Superior,23.0,7.59675
2015-01-02,Búnker,16.35,7.59748
2015-01-02,Diésel,20.54,7.59748
2015-01-02,GLP,105.0,7.59748
2015-01-02,Regular,21.52,7.59748
2015-01-02,Superior,23.0,7.59748
2015-01-05,Búnker,15.89,7.59133
2015-01-05,Diésel,20.01,7.59133
2015-01-05,GLP,105.0,7.59133
2015-01-05,Regular,21.0,7.59133
2015-01-05,Superior,22.49,7.59133
2015-01-06,Búnker,15.89,7.59153
2015-01-06,Diésel,20.01,7.59153
2015-01-06,GLP,105.0,7.59153
2015-01-06,Regular,21.0,7.59153
2015-01-06,Superior,22.49,7.59153
2015-01-07,Búnker,15.89,7.5926
2015-01-07,Diésel,20.01,7.5926
2015-01-07,GLP,105.0,7.5926
2015-01-07,Regular,21.0,7.5926
2015-01-07,Superior,22.49,7.5926
2015-01-08,Búnker,15.89,7.6108
2015-01-08,Diésel,20.01,7.6108
2015-01-08,GLP,105.0,7.6108
2015-01-08,Regular,21.0,7.6108
2015-01-08,Superior,22.49,7.6108
2015-01-09,Búnker,15.89,7.63526
2015-01-09,Diésel,20.01,7.63526
2015-01-09,GLP,105.0,7.63526
2015-01-09,Regular,21.0,7.63526
2015-01-09,Superior,22.49,7.63526
2015-01-12,Búnker,15.3,7.65646
2015-01-12,Diésel,19.06,7.65646
2015-01-12,GLP,105.0,7.65646
2015-01-12,Regular,19.63,7.65646
2015-01-12,Superior,21.1,7.65646
2015-01-13,Búnker,15.3,7.67197
2015-01-13,Diésel,19.06,7.67197
2015-01-13,GLP,105.0,7.67197
2015-01-13,Regular,19.63,7.67197
2015-01-13,Superior,21.1,7.67197
2015-01-14,Búnker,15.3,7.66638
2015-01-14,Diésel,19.06,7.66638
2015-01-14,GLP,105.0,7.66638
2015-01-14,Regular,19.63,7.66638
2015-01-14,Superior,21.1,7.66638
2015-01-15,Búnker,15.3,7.65046
2015-01-15,Diésel,19.06,7.65046
2015-01-15,GLP,105.0,7.65046
2015-01-15,Regular,19.63,7.65046
2015-01-15,Superior,21.1,7.65046
2015-01-16,Búnker,15.3,7.64817
2015-01-16,Diésel,19.06,7.64817
2015-01-16,GLP,105.0,7.64817
2015-01-16,Regular,19.63,7.64817
2015-01-16,Superior,21.1,7.64817
2015-01-20,Búnker,15.3,7.64253
2015-01-20,Diésel,18.35,7.64253
2015-01-20,GLP,105.0,7.64253
2015-01-20,Regular,18.55,7.64253
2015-01-20,Superior,20.03,7.64253
2015-01-21,Búnker,15.3,7.64236
2015-01-21,Diésel,18.35,7.64236
2015-01-21,GLP,105.0,7.64236
2015-01-21,Regular,18.55,7.64236
2015-01-21,Superior,20.03,7.64236
2015-01-22,Búnker,15.3,7.64221
2015-01-22,Diésel,18.35,7.64221
2015-01-22,GLP,105.0,7.64221
2015-01-22,Regular,18.55,7.64221
2015-01-22,Superior,20.03,7.64221
2015-01-23,Búnker,15.3,7.64912
2015-01-23,Diésel,18.35,7.64912
2015-01-23,GLP,105.0,7.64912
2015-01-23,Regular,18.55,7.64912
2015-01-23,Superior,20.03,7.64912
2015-01-26,Búnker,15.05,7.64911
2015-01-26,Diésel,18.0,7.64911
2015-01-26,GLP,105.0,7.64911
2015-01-26,Regular,18.55,7.64911
2015-01-26,Superior,20.03,7.64911
2015-01-27,Búnker,15.05,7.65273
2015-01-27,Diésel,18.0,7.65273
2015-01-27,GLP,105.0,7.65273
2015-01-27,Regular,18.55,7.65273
2015-01-27,Superior,20.03,7.65273
2015-01-28,Búnker,15.05,7.65305
2015-01-28,Diésel,18.0,7.65305
2015-01-28,GLP,105.0,7.65305
2015-01-28,Regular,18.55,7.65305
2015-01-28,Superior,20.03,7.65305
2015-01-29,Búnker,15.05,7.65263
2015-01-29,Diésel,18.0,7.65263
2015-01-29,GLP,105.0,7.65263
2015-01-29,Regular,18.55,7.65263
2015-01-29,Superior,20.03,7.65263
2015-01-30,Búnker,15.05,7.65538
2015-01-30,Diésel,18.0,7.65538
2015-01-30,GLP,105.0,7.65538
2015-01-30,Regular,18.55,7.65538
2015-01-30,Superior,20.03,7.65538
2015-02-02,Búnker,15.38,7.65209
2015-02-02,Diésel,17.97,7.65209
2015-02-02,GLP,92.0,7.65209
2015-02-02,Regular,19.49,7.65209
2015-02-02,Superior,20.97,7.65209
2015-02-03,Búnker,15.38,7.64892
2015-02-03,Diésel,17.97,7.64892
2015-02-03,GLP,92.0,7.64892
2015-02-03,Regular,19.49,7.64892
2015-02-03,Superior,20.97,7.64892
2015-02-04,Búnker,15.38,7.64967
2015-02-04,Diésel,17.97,7.64967
2015-02-04,GLP,92.0,7.64967
2015-02-04,Regular,19.49,7.64967
2015-02-04,Superior,20.97,7.64967
2015-02-05,Búnker,15.38,7.65162
2015-02-05,Diésel,17.97,7.65162
2015-02-05,GLP,92.0,7.65162
2015-02-05,Regular,19.49,7.65162
2015-02-05,Superior,20.97,7.65162
2015-02-06,Búnker,15.38,7.65342
2015-02-06,Diésel,17.97,7.65342
2015-02-06,GLP,92.0,7.65342
2015-02-06,Regular,19.49,7.65342
2015-02-06,Superior,20.97,7.65342
2015-02-09,Búnker,15.5,7.64981
2015-02-09,Diésel,19.98,7.64981
2015-02-09,GLP,92.0,7.64981
2015-02-09,Regular,20.97,7.64981
2015-02-09,Superior,22.5,7.64981
2015-02-10,Búnker,15.5,7.64973
2015-02-10,Diésel,19.98,7.64973
2015-02-10,GLP,92.0,7.64973
2015-02-10,Regular,20.97,7.64973
2015-02-10,Superior,22.5,7.64973
2015-02-11,Búnker,15.5,7.65372
2015-02-11,Diésel,19.98,7.65372
2015-02-11,GLP,92.0,7.65372
2015-02-11,Regular,20.97,7.65372
2015-02-11,Superior,22.5,7.65372
2015-02-12,Búnker,15.5,7.65375
2015-02-12,Diésel,19.98,7.65375
2015-02-12,GLP,92.0,7.65375
2015-02-12,Regular,20.97,7.65375
2015-02-12,Superior,22.5,7.65375
2015-02-13,Búnker,15.5,7.65048
2015-02-13,Diésel,19.98,7.65048
2015-02-13,GLP,92.0,7.65048
2015-02-13,Regular,20.97,7.65048
2015-02-13,Superior,22.5,7.65048
2015-02-17,Búnker,15.5,7.65122
2015-02-17,Diésel,20.38,7.65122
2015-02-17,GLP,92.0,7.65122
2015-02-17,Regular,21.5,7.65122
2015-02-17,Superior,22.98,7.65122
2015-02-18,Búnker,15.5,7.64544
2015-02-18,Diésel,20.38,7.64544
2015-02-18,GLP,92.0,7.64544
2015-02-18,Regular,21.5,7.64544
2015-02-18,Superior,22.98,7.64544
2015-02-19,Búnker,15.5,7.63997
2015-02-19,Diésel,20.38,7.63997
2015-02-19,GLP,92.0,7.63997
2015-02-19,Regular,21.5,7.63997
2015-02-19,Superior,22.98,7.63997
2015-02-20,Búnker,15.5,7.63895
2015-02-20,Diésel,20.38,7.63895
2015-02-20,GLP,92.0,7.63895
2015-02-20,Regular,21.5,7.63895
2015-02-20,Superior,22.98,7.63895
2015-02-23,Búnker,15.38,7.63448
2015-02-23,Diésel,20.8,7.63448
2015-02-23,GLP,92.0,7.63448
2015-02-23,Regular,21.81,7.63448
2015-02-23,Superior,23.29,7.63448
2015-02-24,Búnker,15.38,7.63612
2015-02-24,Diésel,20.8,7.63612
2015-02-24,GLP,92.0,7.63612
2015-02-24,Regular,21.81,7.63612
2015-02-24,Superior,23.29,7.63612
2015-02-25,Búnker,15.38,7.63403
2015-02-25,Diésel,20.8,7.63403
2015-02-25,GLP,92.0,7.63403
2015-02-25,Regular,21.81,7.63403
2015-02-25,Superior,23.29,7.63403
2015-02-26,Búnker,15.38,7.63148
2015-02-26,Diésel,20.8,7.63148
2015-02-26,GLP,92.0,7.63148
2015-02-26,Regular,21.81,7.63148
2015-02-26,Superior,23.29,7.63148
2015-02-27,Búnker,15.38,7.62728
2015-02-27,Diésel,20.8,7.62728
2015-02-27,GLP,92.0,7.62728
2015-02-27,Regular,21.81,7.62728
2015-02-27,Superior,23.29,7.62728
2015-03-02,Búnker,15.44,7.62572
2015-03-02,Diésel,20.98,7.62572
2015-03-02,GLP,92.0,7.62572
2015-03-02,Regular,22.95,7.62572
2015-03-02,Superior,24.47,7.62572
2015-03-03,Búnker,15.44,7.62453
2015-03-03,Diésel,20.98,7.62453
2015-03-03,GLP,92.0,7.62453
2015-03-03,Regular,22.95,7.62453
2015-03-03,Superior,24.47,7.62453
2015-03-04,Búnker,15.44,7.62433
2015-03-04,Diésel,20.98,7.62433
2015-03-04,GLP,92.0,7.62433
2015-03-04,Regular,22.95,7.62433
2015-03-04,Superior,24.47,7.62433
2015-03-05,Búnker,15.44,7.62267
2015-03-05,Diésel,20.98,7.62267
2015-03-05,GLP,92.0,7.62267
2015-03-05,Regular,22.95,7.62267
2015-03-05,Superior,24.47,7.62267
2015-03-06,Búnker,15.44,7.62277
2015-03-06,Diésel,20.98,7.62277
2015-03-06,GLP,92.0,7.62277
2015-03-06,Regular,22.95,7.62277
2015-03-06,Superior,24.47,7.62277
2015-03-09,Búnker,14.25,7.62343
2015-03-09,Diésel,20.61,7.62343
2015-03-09,GLP,92.0,7.62343
2015-03-09,Regular,22.95,7.62343
2015-03-09,Superior,24.47,7.62343
2015-03-10,Búnker,14.25,7.62009
2015-03-10,Diésel,20.61,7.62009
2015-03-10,GLP,92.0,7.62009
2015-03-10,Regular,22.95,7.62009
2015-03-10,Superior,24.47,7.62009
2015-03-11,Búnker,14.25,7.62122
2015-03-11,Diésel,20.61,7.62122
2015-03-11,GLP,92.0,7.62122
2015-03-11,Regular,22.95,7.62122
2015-03-11,Superior,24.47,7.62122
2015-03-12,Búnker,14.25,7.6194
2015-03-12,Diésel,20.61,7.6194
2015-03-12,GLP,92.0,7.6194
2015-03-12,Regular,22.95,7.6194
2015-03-12,Superior,24.47,7.6194
2015-03-13,Búnker,14.25,7.61371
2015-03-13,Diésel,20.61,7.61371
2015-03-13,GLP,92.0,7.61371
2015-03-13,Regular,22.95,7.61371
2015-03-13,Superior,24.47,7.61371
2015-03-16,Búnker,13.96,7.61148
2015-03-16,Diésel,20.0,7.61148
2015-03-16,GLP,92.0,7.61148
2015-03-16,Regular,22.5,7.61148
2015-03-16,Superior,24.0,7.61148
2015-03-17,Búnker,13.96,7.6124
2015-03-17,Diésel,20.0,7.6124
2015-03-17,GLP,92.0,7.6124
2015-03-17,Regular,22.5,7.6124
2015-03-17,Superior,24.0,7.6124
2015-03-18,Búnker,13.96,7.61594
2015-03-18,Diésel,20.0,7.61594
2015-03-18,GLP,92.0,7.61594
2015-03-18,Regular,22.5,7.61594
2015-03-18,Superior,24.0,7.61594
2015-03-19,Búnker,13.96,7.61763
2015-03-19,Diésel,20.0,7.61763
2015-03-19,GLP,87.0,7.61763
2015-03-19,Regular,22.5,7.61763
2015-03-19,Superior,24.0,7.61763
2015-03-20,Búnker,13.96,7.62753
2015-03-20,Diésel,20.0,7.62753
2015-03-20,GLP,87.0,7.62753
2015-03-20,Regular,22.5,7.62753
2015-03-20,Superior,24.0,7.62753
2015-03-23,Búnker,13.91,7.63307
2015-03-23,Diésel,19.52,7.63307
2015-03-23,GLP,87.0,7.63307
2015-03-23,Regular,22.04,7.63307
2015-03-23,Superior,23.52,7.63307
2015-03-24,Búnker,13.91,7.63156
2015-03-24,Diésel,19.52,7.63156
2015-03-24,GLP,87.0,7.63156
2015-03-24,Regular,22.04,7.63156
2015-03-24,Superior,23.52,7.63156
2015-03-25,Búnker,13.91,7.63452
2015-03-25,Diésel,19.52,7.63452
2015-03-25,GLP,87.0,7.63452
2015-03-25,Regular,22.04,7.63452
2015-03-25,Superior,23.52,7.63452
2015-03-26,Búnker,13.91,7.63885
2015-03-26,Diésel,19.52,7.63885
2015-03-26,GLP,87.0,7.63885
2015-03-26,Regular,22.04,7.63885
2015-03-26,Superior,23.52,7.63885
2015-03-27,Búnker,13.91,7.64469
2015-03-27,Diésel,19.52,7.64469
2015-03-27,GLP,87.0,7.64469
2015-03-27,Regular,22.04,7.64469
2015-03-27,Superior,23.52,7.64469
2015-03-30,Búnker,14.28,7.64624
2015-03-30,Diésel,19.52,7.64624
2015-03-30,GLP,87.0,7.64624
2015-03-30,Regular,22.04,7.64624
2015-03-30,Superior,23.52,7.64624
2015-03-31,Búnker,14.28,7.64485
2015-03-31,Diésel,19.52,7.64485
2015-03-31,GLP,87.0,7.64485
2015-03-31,Regular,22.04,7.64485
2015-03-31,Superior,23.52,7.64485
2015-04-01,Búnker,14.28,7.63973
2015-04-01,Diésel,19.52,7.63973
2015-04-01,GLP,87.0,7.63973
2015-04-01,Regular,22.04,7.63973
2015-04-01,Superior,23.52,7.63973
2015-04-06,Búnker,14.46,7.6369
2015-04-06,Diésel,19.78,7.6369
2015-04-06,GLP,87.0,7.6369
2015-04-06,Regular,22.99,7.6369
2015-04-06,Superior,24.49,7.6369
2015-04-07,Búnker,14.46,7.63906
2015-04-07,Diésel,19.78,7.63906
2015-04-07,GLP,87.0,7.63906
2015-04-07,Regular,22.99,7.63906
2015-04-07,Superior,24.49,7.63906
2015-04-08,Búnker,14.46,7.63984
2015-04-08,Diésel,19.78,7.63984
2015-04-08,GLP,87.0,7.63984
2015-04-08,Regular,22.99,7.63984
2015-04-08,Superior,24.49,7.63984
2015-04-09,Búnker,14.46,7.64377
2015-04-09,Diésel,19.78,7.64377
2015-04-09,GLP,87.0,7.64377
2015-04-09,Regular,22.99,7.64377
2015-04-09,Superior,24.49,7.64377
2015-04-10,Búnker,14.46,7.65456
2015-04-10,Diésel,19.78,7.65456
2015-04-10,GLP,87.0,7.65456
2015-04-10,Regular,22.99,7.65456
2015-04-10,Superior,24.49,7.65456
2015-04-13,Búnker,14.75,7.65944
2015-04-13,Diésel,19.32,7.65944
2015-04-13,GLP,87.0,7.65944
2015-04-13,Regular,22.52,7.65944
2015-04-13,Superior,24.0,7.65944
2015-04-14,Búnker,14.75,7.66327
2015-04-14,Diésel,19.32,7.66327
2015-04-14,GLP,87.0,7.66327
2015-04-14,Regular,22.52,7.66327
2015-04-14,Superior,24.0,7.66327
2015-04-15,Búnker,14.75,7.66981
2015-04-15,Diésel,19.32,7.66981
2015-04-15,GLP,87.0,7.66981
2015-04-15,Regular,22.52,7.66981
2015-04-15,Superior,24.0,7.66981
2015-04-16,Búnker,14.75,7.6719
2015-04-16,Diésel,19.32,7.6719
2015-04-16,GLP,87.0,7.6719
2015-04-16,Regular,22.52,7.6719
2015-04-16,Superior,24.0,7.6719
2015-04-17,Búnker,14.75,7.68335
2015-04-17,Diésel,19.32,7.68335
2015-04-17,GLP,87.0,7.68335
2015-04-17,Regular,22.52,7.68335
2015-04-17,Superior,24.0,7.68335
2015-04-20,Búnker,14.75,7.69998
2015-04-20,Diésel,20.28,7.69998
2015-04-20,GLP,87.0,7.69998
2015-04-20,Regular,23.29,7.69998
2015-04-20,Superior,24.77,7.69998
2015-04-21,Búnker,14.75,7.70647
2015-04-21,Diésel,20.28,7.70647
2015-04-21,GLP,87.0,7.70647
2015-04-21,Regular,23.29,7.70647
2015-04-21,Superior,24.77,7.70647
2015-04-22,Búnker,14.75,7.71904
2015-04-22,Diésel,20.28,7.71904
2015-04-22,GLP,87.0,7.71904
2015-04-22,Regular,23.29,7.71904
2015-04-22,Superior,24.77,7.71904
2015-04-23,Búnker,14.75,7.73284
2015-04-23,Diésel,20.28,7.73284
2015-04-23,GLP,87.0,7.73284
2015-04-23,Regular,23.29,7.73284
2015-04-23,Superior,24.77,7.73284
2015-04-24,Búnker,14.75,7.74629
2015-04-24,Diésel,20.28,7.74629
2015-04-24,GLP,87.0,7.74629
2015-04-24,Regular,23.29,7.74629
2015-04-24,Superior,24.77,7.74629
2015-04-27,Búnker,14.04,7.76768
2015-04-27,Diésel,20.78,7.76768
2015-04-27,GLP,87.0,7.76768
2015-04-27,Regular,24.26,7.76768
2015-04-27,Superior,25.73,7.76768
2015-04-28,Búnker,14.04,7.77216
2015-04-28,Diésel,20.78,7.77216
2015-04-28,GLP,87.0,7.77216
2015-04-28,Regular,24.26,7.77216
2015-04-28,Superior,25.73,7.77216
2015-04-29,Búnker,14.04,7.76997
2015-04-29,Diésel,20.78,7.76997
2015-04-29,GLP,80.0,7.76997
2015-04-29,Regular,24.26,7.76997
2015-04-29,Superior,25.73,7.76997
2015-04-30,Búnker,14.04,7.75679
2015-04-30,Diésel,20.78,7.75679
2015-04-30,GLP,80.0,7.75679
2015-04-30,Regular,24.26,7.75679
2015-04-30,Superior,25.73,7.75679
2015-05-01,Búnker,14.04,7.75679
2015-05-01,Diésel,20.78,7.75679
2015-05-01,GLP,80.0,7.75679
2015-05-01,Regular,24.26,7.75679
2015-05-01,Superior,25.73,7.75679
2015-05-04,Búnker,13.9,7.74508
2015-05-04,Diésel,21.1,7.74508
2015-05-04,GLP,80.0,7.74508
2015-05-04,Regular,24.48,7.74508
2015-05-04,Superior,25.94,7.74508
2015-05-05,Búnker,13.9,7.73975
2015-05-05,Diésel,21.1,7.73975
2015-05-05,GLP,80.0,7.73975
2015-05-05,Regular,24.48,7.73975
2015-05-05,Superior,25.94,7.73975
2015-05-06,Búnker,13.9,7.73775
2015-05-06,Diésel,21.1,7.73775
2015-05-06,GLP,80.0,7.73775
2015-05-06,Regular,24.48,7.73775
2015-05-06,Superior,25.94,7.73775
2015-05-07,Búnker,13.9,7.7317
2015-05-07,Diésel,21.1,7.7317
2015-05-07,GLP,80.0,7.7317
2015-05-07,Regular,24.48,7.7317
2015-05-07,Superior,25.94,7.7317
2015-05-08,Búnker,13.9,7.72137
2015-05-08,Diésel,21.1,7.72137
2015-05-08,GLP,80.0,7.72137
2015-05-08,Regular,24.48,7.72137
2015-05-08,Superior,25.94,7.72137
2015-05-11,Búnker,13.75,7.70496
2015-05-11,Diésel,21.52,7.70496
2015-05-11,GLP,80.0,7.70496
2015-05-11,Regular,24.81,7.70496
2015-05-11,Superior,26.31,7.70496
2015-05-12,Búnker,13.75,7.69392
2015-05-12,Diésel,21.52,7.69392
2015-05-12,GLP,80.0,7.69392
2015-05-12,Regular,24.81,7.69392
2015-05-12,Superior,26.31,7.69392
2015-05-13,Búnker,13.75,7.68785
2015-05-13,Diésel,21.52,7.68785
2015-05-13,GLP,80.0,7.68785
2015-05-13,Regular,24.81,7.68785
2015-05-13,Superior,26.31,7.68785
2015-05-14,Búnker,13.75,7.67053
2015-05-14,Diésel,21.52,7.67053
2015-05-14,GLP,80.0,7.67053
2015-05-14,Regular,24.81,7.67053
2015-05-14,Superior,26.31,7.67053
2015-05-15,Búnker,13.75,7.63942
2015-05-15,Diésel,21.52,7.63942
2015-05-15,GLP,80.0,7.63942
2015-05-15,Regular,24.81,7.63942
2015-05-15,Superior,26.31,7.63942
2015-05-18,Búnker,13.7,7.63058
2015-05-18,Diésel,21.35,7.63058
2015-05-18,GLP,80.0,7.63058
2015-05-18,Regular,24.54,7.63058
2015-05-18,Superior,26.0,7.63058
2015-05-19,Búnker,13.7,7.63137
2015-05-19,Diésel,21.35,7.63137
2015-05-19,GLP,75.0,7.63137
2015-05-19,Regular,24.54,7.63137
2015-05-19,Superior,26.0,7.63137
2015-05-20,Búnker,13.7,7.64437
2015-05-20,Diésel,21.35,7.64437
2015-05-20,GLP,75.0,7.64437
2015-05-20,Regular,24.54,7.64437
2015-05-20,Superior,26.0,7.64437
2015-05-21,Búnker,13.7,7.65928
2015-05-21,Diésel,21.35,7.65928
2015-05-21,GLP,75.0,7.65928
2015-05-21,Regular,24.54,7.65928
2015-05-21,Superior,26.0,7.65928
2015-05-22,Búnker,13.7,7.67203
2015-05-22,Diésel,21.35,7.67203
2015-05-22,GLP,75.0,7.67203
2015-05-22,Regular,24.54,7.67203
2015-05-22,Superior,26.0,7.67203
2015-05-26,Búnker,13.7,7.68776
2015-05-26,Diésel,21.32,7.68776
2015-05-26,GLP,75.0,7.68776
2015-05-26,Regular,24.51,7.68776
2015-05-26,Superior,25.98,7.68776
2015-05-27,Búnker,13.7,7.68776
2015-05-27,Diésel,21.32,7.68776
2015-05-27,GLP,75.0,7.68776
2015-05-27,Regular,24.51,7.68776
2015-05-27,Superior,25.98,7.68776
2015-05-28,Búnker,13.7,7.68189
2015-05-28,Diésel,21.32,7.68189
2015-05-28,GLP,75.0,7.68189
2015-05-28,Regular,24.51,7.68189
2015-05-28,Superior,25.98,7.68189
2015-05-29,Búnker,13.7,7.66732
2015-05-29,Diésel,21.32,7.66732
2015-05-29,GLP,75.0,7.66732
2015-05-29,Regular,24.51,7.66732
2015-05-29,Superior,25.98,7.66732
2015-06-01,Búnker,13.43,7.66822
2015-06-01,Diésel,20.43,7.66822
2015-06-01,GLP,75.0,7.66822
2015-06-01,Regular,24.06,7.66822
2015-06-01,Superior,25.59,7.66822
2015-06-02,Búnker,13.43,7.66495
2015-06-02,Diésel,20.43,7.66495
2015-06-02,GLP,75.0,7.66495
2015-06-02,Regular,24.06,7.66495
2015-06-02,Superior,25.59,7.66495
2015-06-03,Búnker,13.43,7.66802
2015-06-03,Diésel,20.43,7.66802
2015-06-03,GLP,75.0,7.66802
2015-06-03,Regular,24.06,7.66802
2015-06-03,Superior,25.59,7.66802
2015-06-04,Búnker,13.43,7.68059
2015-06-04,Diésel,20.43,7.68059
2015-06-04,GLP,75.0,7.68059
2015-06-04,Regular,24.06,7.68059
2015-06-04,Superior,25.59,7.68059
2015-06-05,Búnker,13.43,7.68959
2015-06-05,Diésel,20.43,7.68959
2015-06-05,GLP,75.0,7.68959
2015-06-05,Regular,24.06,7.68959
2015-06-05,Superior,25.59,7.68959
2015-06-08,Búnker,13.43,7.69111
2015-06-08,Diésel,21.31,7.69111
2015-06-08,GLP,75.0,7.69111
2015-06-08,Regular,25.0,7.69111
2015-06-08,Superior,26.5,7.69111
2015-06-09,Búnker,13.43,7.69191
2015-06-09,Diésel,21.31,7.69191
2015-06-09,GLP,75.0,7.69191
2015-06-09,Regular,25.0,7.69191
2015-06-09,Superior,26.5,7.69191
2015-06-10,Búnker,13.43,7.68195
2015-06-10,Diésel,21.31,7.68195
2015-06-10,GLP,75.0,7.68195
2015-06-10,Regular,25.0,7.68195
2015-06-10,Superior,26.5,7.68195
2015-06-11,Búnker,13.43,7.66603
2015-06-11,Diésel,21.31,7.66603
2015-06-11,GLP,75.0,7.66603
2015-06-11,Regular,25.0,7.66603
2015-06-11,Superior,26.5,7.66603
2015-06-12,Búnker,13.43,7.65925
2015-06-12,Diésel,21.31,7.65925
2015-06-12,GLP,75.0,7.65925
2015-06-12,Regular,25.0,7.65925
2015-06-12,Superior,26.5,7.65925
2015-06-15,Búnker,13.33,7.65385
2015-06-15,Diésel,20.84,7.65385
2015-06-15,GLP,75.0,7.65385
2015-06-15,Regular,25.1,7.65385
2015-06-15,Superior,26.56,7.65385
2015-06-16,Búnker,13.33,7.64674
2015-06-16,Diésel,20.84,7.64674
2015-06-16,GLP,75.0,7.64674
2015-06-16,Regular,25.1,7.64674
2015-06-16,Superior,26.56,7.64674
2015-06-17,Búnker,13.33,7.63559
2015-06-17,Diésel,20.84,7.63559
2015-06-17,GLP,75.0,7.63559
2015-06-17,Regular,25.1,7.63559
2015-06-17,Superior,26.56,7.63559
2015-06-18,Búnker,13.33,7.63639
2015-06-18,Diésel,20.84,7.63639
2015-06-18,GLP,75.0,7.63639
2015-06-18,Regular,25.1,7.63639
2015-06-18,Superior,26.56,7.63639
2015-06-19,Búnker,13.33,7.63571
2015-06-19,Diésel,20.84,7.63571
2015-06-19,GLP,75.0,7.63571
2015-06-19,Regular,25.1,7.63571
2015-06-19,Superior,26.56,7.63571
2015-06-22,Búnker,13.21,7.62906
2015-06-22,Diésel,20.53,7.62906
2015-06-22,GLP,75.0,7.62906
2015-06-22,Regular,25.05,7.62906
2015-06-22,Superior,26.54,7.62906
2015-06-23,Búnker,13.21,7.62544
2015-06-23,Diésel,20.53,7.62544
2015-06-23,GLP,75.0,7.62544
2015-06-23,Regular,25.05,7.62544
2015-06-23,Superior,26.54,7.62544
2015-06-24,Búnker,13.21,7.61862
2015-06-24,Diésel,20.53,7.61862
2015-06-24,GLP,75.0,7.61862
2015-06-24,Regular,25.05,7.61862
2015-06-24,Superior,26.54,7.61862
2015-06-25,Búnker,13.21,7.61686
2015-06-25,Diésel,20.53,7.61686
2015-06-25,GLP,75.0,7.61686
2015-06-25,Regular,25.05,7.61686
2015-06-25,Superior,26.54,7.61686
2015-06-26,Búnker,13.21,7.62452
2015-06-26,Diésel,20.53,7.62452
2015-06-26,GLP,75.0,7.62452
2015-06-26,Regular,25.05,7.62452
2015-06-26,Superior,26.54,7.62452
2015-06-29,Búnker,13.2,7.62452
2015-06-29,Diésel,20.53,7.62452
2015-06-29,GLP,75.0,7.62452
2015-06-29,Regular,25.05,7.62452
2015-06-29,Superior,26.54,7.62452
2015-06-30,Búnker,13.2,7.62452
2015-06-30,Diésel,20.53,7.62452
2015-06-30,GLP,75.0,7.62452
2015-06-30,Regular,25.05,7.62452
2015-06-30,Superior,26.54,7.62452
2015-07-01,Búnker,13.2,7.62646
2015-07-01,Diésel,20.17,7.62646
2015-07-01,GLP,75.0,7.62646
2015-07-01,Regular,24.84,7.62646
2015-07-01,Superior,26.33,7.62646
2015-07-02,Búnker,13.2,7.62356
2015-07-02,Diésel,20.17,7.62356
2015-07-02,GLP,75.0,7.62356
2015-07-02,Regular,24.84,7.62356
2015-07-02,Superior,26.33,7.62356
2015-07-06,Búnker,13.12,7.61873
2015-07-06,Diésel,20.52,7.61873
2015-07-06,GLP,75.0,7.61873
2015-07-06,Regular,25.54,7.61873
2015-07-06,Superior,27.02,7.61873
2015-07-07,Búnker,13.12,7.62588
2015-07-07,Diésel,20.52,7.62588
2015-07-07,GLP,75.0,7.62588
2015-07-07,Regular,25.54,7.62588
2015-07-07,Superior,27.02,7.62588
2015-07-08,Búnker,13.12,7.63345
2015-07-08,Diésel,20.52,7.63345
2015-07-08,GLP,75.0,7.63345
2015-07-08,Regular,25.54,7.63345
2015-07-08,Superior,27.02,7.63345
2015-07-09,Búnker,13.12,7.64123
2015-07-09,Diésel,20.52,7.64123
2015-07-09,GLP,75.0,7.64123
2015-07-09,Regular,25.54,7.64123
2015-07-09,Superior,27.02,7.64123
2015-07-10,Búnker,13.12,7.64533
2015-07-10,Diésel,20.52,7.64533
2015-07-10,GLP,75.0,7.64533
2015-07-10,Regular,25.54,7.64533
2015-07-10,Superior,27.02,7.64533
2015-07-13,Búnker,13.25,7.65648
2015-07-13,Diésel,19.62,7.65648
2015-07-13,GLP,75.0,7.65648
2015-07-13,Regular,25.15,7.65648
2015-07-13,Superior,26.64,7.65648
2015-07-14,Búnker,13.25,7.66379
2015-07-14,Diésel,19.62,7.66379
2015-07-14,GLP,75.0,7.66379
2015-07-14,Regular,25.15,7.66379
2015-07-14,Superior,26.64,7.66379
2015-07-15,Búnker,13.25,7.6609
2015-07-15,Diésel,19.62,7.6609
2015-07-15,GLP,75.0,7.6609
2015-07-15,Regular,25.15,7.6609
2015-07-15,Superior,26.64,7.6609
2015-07-16,Búnker,13.25,7.6524
2015-07-16,Diésel,19.62,7.6524
2015-07-16,GLP,75.0,7.6524
2015-07-16,Regular,25.15,7.6524
2015-07-16,Superior,26.64,7.6524
2015-07-17,Búnker,13.25,7.64617
2015-07-17,Diésel,19.62,7.64617
2015-07-17,GLP,75.0,7.64617
2015-07-17,Regular,25.15,7.64617
2015-07-17,Superior,26.64,7.64617
2015-07-20,Búnker,13.21,7.64784
2015-07-20,Diésel,18.92,7.64784
2015-07-20,GLP,75.0,7.64784
2015-07-20,Regular,24.76,7.64784
2015-07-20,Superior,26.26,7.64784
2015-07-21,Búnker,13.21,7.65518
2015-07-21,Diésel,18.92,7.65518
2015-07-21,GLP,75.0,7.65518
2015-07-21,Regular,24.76,7.65518
2015-07-21,Superior,26.26,7.65518
2015-07-22,Búnker,13.21,7.65952
2015-07-22,Diésel,18.92,7.65952
2015-07-22,GLP,75.0,7.65952
2015-07-22,Regular,24.76,7.65952
2015-07-22,Superior,26.26,7.65952
2015-07-23,Búnker,13.21,7.65967
2015-07-23,Diésel,18.92,7.65967
2015-07-23,GLP,75.0,7.65967
2015-07-23,Regular,24.76,7.65967
2015-07-23,Superior,26.26,7.65967
2015-07-24,Búnker,13.21,7.66765
2015-07-24,Diésel,18.92,7.66765
2015-07-24,GLP,75.0,7.66765
2015-07-24,Regular,24.76,7.66765
2015-07-24,Superior,26.26,7.66765
2015-07-27,Búnker,13.23,7.66737
2015-07-27,Diésel,18.41,7.66737
2015-07-27,GLP,75.0,7.66737
2015-07-27,Regular,24.13,7.66737
2015-07-27,Superior,25.6,7.66737
2015-07-28,Búnker,13.23,7.66872
2015-07-28,Diésel,18.41,7.66872
2015-07-28,GLP,75.0,7.66872
2015-07-28,Regular,24.13,7.66872
2015-07-28,Superior,25.6,7.66872
2015-07-29,Búnker,13.23,7.66773
2015-07-29,Diésel,18.41,7.66773
2015-07-29,GLP,75.0,7.66773
2015-07-29,Regular,24.13,7.66773
2015-07-29,Superior,25.6,7.66773
2015-07-30,Búnker,13.23,7.6568
2015-07-30,Diésel,18.41,7.6568
2015-07-30,GLP,75.0,7.6568
2015-07-30,Regular,24.13,7.6568
2015-07-30,Superior,25.6,7.6568
2015-07-31,Búnker,13.23,7.64871
2015-07-31,Diésel,18.41,7.64871
2015-07-31,GLP,75.0,7.64871
2015-07-31,Regular,24.13,7.64871
2015-07-31,Superior,25.6,7.64871
2015-08-03,Búnker,12.73,7.64267
2015-08-03,Diésel,18.07,7.64267
2015-08-03,GLP,75.0,7.64267
2015-08-03,Regular,23.59,7.64267
2015-08-03,Superior,25.07,7.64267
2015-08-04,Búnker,12.73,7.64508
2015-08-04,Diésel,18.07,7.64508
2015-08-04,GLP,75.0,7.64508
2015-08-04,Regular,23.59,7.64508
2015-08-04,Superior,25.07,7.64508
2015-08-05,Búnker,12.73,7.64466
2015-08-05,Diésel,18.07,7.64466
2015-08-05,GLP,75.0,7.64466
2015-08-05,Regular,23.59,7.64466
2015-08-05,Superior,25.07,7.64466
2015-08-06,Búnker,12.73,7.64109
2015-08-06,Diésel,18.07,7.64109
2015-08-06,GLP,75.0,7.64109
2015-08-06,Regular,23.59,7.64109
2015-08-06,Superior,25.07,7.64109
2015-08-07,Búnker,12.73,7.63836
2015-08-07,Diésel,18.07,7.63836
2015-08-07,GLP,75.0,7.63836
2015-08-07,Regular,23.59,7.63836
2015-08-07,Superior,25.07,7.63836
2015-08-10,Búnker,12.32,7.63788
2015-08-10,Diésel,17.57,7.63788
2015-08-10,GLP,75.0,7.63788
2015-08-10,Regular,23.08,7.63788
2015-08-10,Superior,24.57,7.63788
2015-08-11,Búnker,12.32,7.65339
2015-08-11,Diésel,17.57,7.65339
2015-08-11,GLP,75.0,7.65339
2015-08-11,Regular,23.08,7.65339
2015-08-11,Superior,24.57,7.65339
2015-08-12,Búnker,12.32,7.65424
2015-08-12,Diésel,17.57,7.65424
2015-08-12,GLP,75.0,7.65424
2015-08-12,Regular,23.08,7.65424
2015-08-12,Superior,24.57,7.65424
2015-08-13,Búnker,12.32,7.64806
2015-08-13,Diésel,17.57,7.64806
2015-08-13,GLP,75.0,7.64806
2015-08-13,Regular,23.08,7.64806
2015-08-13,Superior,24.57,7.64806
2015-08-14,Búnker,12.32,7.64295
2015-08-14,Diésel,17.57,7.64295
2015-08-14,GLP,75.0,7.64295
2015-08-14,Regular,23.08,7.64295
2015-08-14,Superior,24.57,7.64295
2015-08-17,Búnker,11.91,7.64295
2015-08-17,Diésel,17.52,7.64295
2015-08-17,GLP,75.0,7.64295
2015-08-17,Regular,23.02,7.64295
2015-08-17,Superior,24.52,7.64295
2015-08-18,Búnker,11.91,7.63625
2015-08-18,Diésel,17.52,7.63625
2015-08-18,GLP,75.0,7.63625
2015-08-18,Regular,23.02,7.63625
2015-08-18,Superior,24.52,7.63625
2015-08-19,Búnker,11.91,7.63326
2015-08-19,Diésel,17.52,7.63326
2015-08-19,GLP,75.0,7.63326
2015-08-19,Regular,23.02,7.63326
2015-08-19,Superior,24.52,7.63326
2015-08-20,Búnker,11.91,7.63098
2015-08-20,Diésel,17.52,7.63098
2015-08-20,GLP,75.0,7.63098
2015-08-20,Regular,23.02,7.63098
2015-08-20,Superior,24.52,7.63098
2015-08-21,Búnker,11.91,7.62939
2015-08-21,Diésel,17.52,7.62939
2015-08-21,GLP,75.0,7.62939
2015-08-21,Regular,23.02,7.62939
2015-08-21,Superior,24.52,7.62939
2015-08-24,Búnker,11.68,7.62775
2015-08-24,Diésel,17.2,7.62775
2015-08-24,GLP,75.0,7.62775
2015-08-24,Regular,22.6,7.62775
2015-08-24,Superior,24.07,7.62775
2015-08-25,Búnker,11.68,7.6379
2015-08-25,Diésel,17.2,7.6379
2015-08-25,GLP,75.0,7.6379
2015-08-25,Regular,22.6,7.6379
2015-08-25,Superior,24.07,7.6379
2015-08-26,Búnker,11.68,7.65449
2015-08-26,Diésel,17.2,7.65449
2015-08-26,GLP,75.0,7.65449
2015-08-26,Regular,22.6,7.65449
2015-08-26,Superior,24.07,7.65449
2015-08-27,Búnker,11.68,7.67075
2015-08-27,Diésel,17.2,7.67075
2015-08-27,GLP,75.0,7.67075
2015-08-27,Regular,22.6,7.67075
2015-08-27,Superior,24.07,7.67075
2015-08-28,Búnker,11.68,7.67843
2015-08-28,Diésel,17.2,7.67843
2015-08-28,GLP,75.0,7.67843
2015-08-28,Regular,22.6,7.67843
2015-08-28,Superior,24.07,7.67843
2015-08-31,Búnker,11.78,7.67975
2015-08-31,Diésel,16.63,7.67975
2015-08-31,GLP,75.0,7.67975
2015-08-31,Regular,22.12,7.67975
2015-08-31,Superior,23.6,7.67975
2015-09-01,Búnker,11.78,7.69189
2015-09-01,Diésel,16.63,7.69189
2015-09-01,GLP,75.0,7.69189
2015-09-01,Regular,22.12,7.69189
2015-09-01,Superior,23.6,7.69189
2015-09-02,Búnker,11.78,7.70561
2015-09-02,Diésel,16.63,7.70561
2015-09-02,GLP,75.0,7.70561
2015-09-02,Regular,22.12,7.70561
2015-09-02,Superior,23.6,7.70561
2015-09-03,Búnker,11.78,7.72867
2015-09-03,Diésel,16.63,7.72867
2015-09-03,GLP,75.0,7.72867
2015-09-03,Regular,22.12,7.72867
2015-09-03,Superior,23.6,7.72867
2015-09-04,Búnker,11.78,7.73823
2015-09-04,Diésel,16.63,7.73823
2015-09-04,GLP,75.0,7.73823
2015-09-04,Regular,22.12,7.73823
2015-09-04,Superior,23.6,7.73823
2015-09-08,Búnker,11.78,7.72548
2015-09-08,Diésel,17.99,7.72548
2015-09-08,GLP,75.0,7.72548
2015-09-08,Regular,21.49,7.72548
2015-09-08,Superior,22.99,7.72548
2015-09-09,Búnker,11.78,7.72299
2015-09-09,Diésel,17.99,7.72299
2015-09-09,GLP,75.0,7.72299
2015-09-09,Regular,21.49,7.72299
2015-09-09,Superior,22.99,7.72299
2015-09-10,Búnker,11.78,7.72042
2015-09-10,Diésel,17.99,7.72042
2015-09-10,GLP,75.0,7.72042
2015-09-10,Regular,21.49,7.72042
2015-09-10,Superior,22.99,7.72042
2015-09-11,Búnker,11.78,7.71497
2015-09-11,Diésel,17.99,7.71497
2015-09-11,GLP,75.0,7.71497
2015-09-11,Regular,21.49,7.71497
2015-09-11,Superior,22.99,7.71497
2015-09-14,Búnker,11.08,7.6987
2015-09-14,Diésel,17.83,7.6987
2015-09-14,GLP,75.0,7.6987
2015-09-14,Regular,21.1,7.6987
2015-09-14,Superior,22.57,7.6987
2015-09-15,Búnker,11.08,7.6987
2015-09-15,Diésel,17.83,7.6987
2015-09-15,GLP,75.0,7.6987
2015-09-15,Regular,21.1,7.6987
2015-09-15,Superior,22.57,7.6987
2015-09-16,Búnker,11.08,7.67978
2015-09-16,Diésel,17.83,7.67978
2015-09-16,GLP,75.0,7.67978
2015-09-16,Regular,21.1,7.67978
2015-09-16,Superior,22.57,7.67978
2015-09-17,Búnker,11.08,7.66422
2015-09-17,Diésel,17.83,7.66422
2015-09-17,GLP,75.0,7.66422
2015-09-17,Regular,21.1,7.66422
2015-09-17,Superior,22.57,7.66422
2015-09-18,Búnker,11.08,7.66422
2015-09-18,Diésel,17.83,7.66422
2015-09-18,GLP,75.0,7.66422
2015-09-18,Regular,21.1,7.66422
2015-09-18,Superior,22.57,7.66422
2015-09-21,Búnker,10.7,7.64882
2015-09-21,Diésel,17.54,7.64882
2015-09-21,GLP,75.0,7.64882
2015-09-21,Regular,20.84,7.64882
2015-09-21,Superior,22.32,7.64882
2015-09-22,Búnker,10.7,7.64695
2015-09-22,Diésel,17.54,7.64695
2015-09-22,GLP,75.0,7.64695
2015-09-22,Regular,20.84,7.64695
2015-09-22,Superior,22.32,7.64695
2015-09-23,Búnker,10.7,7.65393
2015-09-23,Diésel,17.54,7.65393
2015-09-23,GLP,75.0,7.65393
2015-09-23,Regular,20.84,7.65393
2015-09-23,Superior,22.32,7.65393
2015-09-24,Búnker,10.7,7.67582
2015-09-24,Diésel,17.54,7.67582
2015-09-24,GLP,75.0,7.67582
2015-09-24,Regular,20.84,7.67582
2015-09-24,Superior,22.32,7.67582
2015-09-25,Búnker,10.7,7.6889
2015-09-25,Diésel,17.54,7.6889
2015-09-25,GLP,75.0,7.6889
2015-09-25,Regular,20.84,7.6889
2015-09-25,Superior,22.32,7.6889
2015-09-28,Búnker,10.55,7.68018
2015-09-28,Diésel,17.12,7.68018
2015-09-28,GLP,75.0,7.68018
2015-09-28,Regular,20.27,7.68018
2015-09-28,Superior,21.74,7.68018
2015-09-29,Búnker,10.55,7.67092
2015-09-29,Diésel,17.12,7.67092
2015-09-29,GLP,75.0,7.67092
2015-09-29,Regular,20.27,7.67092
2015-09-29,Superior,21.74,7.67092
2015-09-30,Búnker,10.55,7.67553
2015-09-30,Diésel,17.12,7.67553
2015-09-30,GLP,75.0,7.67553
2015-09-30,Regular,20.27,7.67553
2015-09-30,Superior,21.74,7.67553
2015-10-01,Búnker,10.55,7.70218
2015-10-01,Diésel,17.12,7.70218
2015-10-01,GLP,75.0,7.70218
2015-10-01,Regular,20.27,7.70218
2015-10-01,Superior,21.74,7.70218
2015-10-02,Búnker,10.55,7.72421
2015-10-02,Diésel,17.12,7.72421
2015-10-02,GLP,75.0,7.72421
2015-10-02,Regular,20.27,7.72421
2015-10-02,Superior,21.74,7.72421
2015-10-05,Búnker,10.55,7.7178
2015-10-05,Diésel,18.01,7.7178
2015-10-05,GLP,75.0,7.7178
2015-10-05,Regular,21.21,7.7178
2015-10-05,Superior,22.7,7.7178
2015-10-06,Búnker,10.55,7.70353
2015-10-06,Diésel,18.01,7.70353
2015-10-06,GLP,75.0,7.70353
2015-10-06,Regular,21.21,7.70353
2015-10-06,Superior,22.7,7.70353
2015-10-07,Búnker,10.55,7.70169
2015-10-07,Diésel,18.01,7.70169
2015-10-07,GLP,75.0,7.70169
2015-10-07,Regular,21.21,7.70169
2015-10-07,Superior,22.7,7.70169
2015-10-08,Búnker,10.55,7.69332
2015-10-08,Diésel,18.01,7.69332
2015-10-08,GLP,75.0,7.69332
2015-10-08,Regular,21.21,7.69332
2015-10-08,Superior,22.7,7.69332
2015-10-09,Búnker,10.55,7.6783
2015-10-09,Diésel,18.01,7.6783
2015-10-09,GLP,75.0,7.6783
2015-10-09,Regular,21.21,7.6783
2015-10-09,Superior,22.7,7.6783
2015-10-12,Búnker,10.48,7.6783
2015-10-12,Diésel,18.01,7.6783
2015-10-12,GLP,75.0,7.6783
2015-10-12,Regular,21.21,7.6783
2015-10-12,Superior,22.71,7.6783
2015-10-13,Búnker,10.48,7.67563
2015-10-13,Diésel,18.01,7.67563
2015-10-13,GLP,75.0,7.67563
2015-10-13,Regular,21.21,7.67563
2015-10-13,Superior,22.71,7.67563
2015-10-14,Búnker,10.48,7.66856
2015-10-14,Diésel,18.01,7.66856
2015-10-14,GLP,75.0,7.66856
2015-10-14,Regular,21.21,7.66856
2015-10-14,Superior,22.71,7.66856
2015-10-15,Búnker,10.48,7.66599
2015-10-15,Diésel,18.01,7.66599
2015-10-15,GLP,75.0,7.66599
2015-10-15,Regular,21.21,7.66599
2015-10-15,Superior,22.71,7.66599
2015-10-16,Búnker,10.48,7.66164
2015-10-16,Diésel,18.01,7.66164
2015-10-16,GLP,75.0,7.66164
2015-10-16,Regular,21.21,7.66164
2015-10-16,Superior,22.71,7.66164
2015-10-19,Búnker,10.15,7.65892
2015-10-19,Diésel,17.53,7.65892
2015-10-19,GLP,75.0,7.65892
2015-10-19,Regular,20.09,7.65892
2015-10-19,Superior,21.55,7.65892
2015-10-20,Búnker,10.15,7.65892
2015-10-20,Diésel,17.53,7.65892
2015-10-20,GLP,75.0,7.65892
2015-10-20,Regular,20.09,7.65892
2015-10-20,Superior,21.55,7.65892
2015-10-21,Búnker,10.15,7.66826
2015-10-21,Diésel,17.53,7.66826
2015-10-21,GLP,75.0,7.66826
2015-10-21,Regular,20.09,7.66826
2015-10-21,Superior,21.55,7.66826
2015-10-22,Búnker,10.15,7.67848
2015-10-22,Diésel,17.53,7.67848
2015-10-22,GLP,75.0,7.67848
2015-10-22,Regular,20.09,7.67848
2015-10-22,Superior,21.55,7.67848
2015-10-23,Búnker,10.15,7.69293
2015-10-23,Diésel,17.53,7.69293
2015-10-23,GLP,75.0,7.69293
2015-10-23,Regular,20.09,7.69293
2015-10-23,Superior,21.55,7.69293
2015-10-26,Búnker,10.1,7.69455
2015-10-26,Diésel,17.53,7.69455
2015-10-26,GLP,75.0,7.69455
2015-10-26,Regular,20.09,7.69455
2015-10-26,Superior,21.55,7.69455
2015-10-27,Búnker,10.1,7.68585
2015-10-27,Diésel,17.05,7.68585
2015-10-27,GLP,75.0,7.68585
2015-10-27,Regular,19.54,7.68585
2015-10-27,Superior,21.03,7.68585
2015-10-28,Búnker,10.1,7.68225
2015-10-28,Diésel,17.05,7.68225
2015-10-28,GLP,75.0,7.68225
2015-10-28,Regular,19.54,7.68225
2015-10-28,Superior,21.03,7.68225
2015-10-29,Búnker,10.1,7.66872
2015-10-29,Diésel,17.05,7.66872
2015-10-29,GLP,75.0,7.66872
2015-10-29,Regular,19.54,7.66872
2015-10-29,Superior,21.03,7.66872
2015-10-30,Búnker,10.1,7.66267
2015-10-30,Diésel,17.05,7.66267
2015-10-30,GLP,90.0,7.66267
2015-10-30,Regular,19.54,7.66267
2015-10-30,Superior,21.03,7.66267
2015-11-02,Búnker,10.84,7.66267
2015-11-02,Diésel,17.05,7.66267
2015-11-02,GLP,90.0,7.66267
2015-11-02,Regular,19.54,7.66267
2015-11-02,Superior,21.03,7.66267
2015-11-03,Búnker,10.84,7.65683
2015-11-03,Diésel,17.91,7.65683
2015-11-03,GLP,90.0,7.65683
2015-11-03,Regular,20.44,7.65683
2015-11-03,Superior,21.91,7.65683
2015-11-04,Búnker,10.84,7.65443
2015-11-04,Diésel,17.91,7.65443
2015-11-04,GLP,90.0,7.65443
2015-11-04,Regular,20.44,7.65443
2015-11-04,Superior,21.91,7.65443
2015-11-05,Búnker,10.84,7.65755
2015-11-05,Diésel,17.91,7.65755
2015-11-05,GLP,90.0,7.65755
2015-11-05,Regular,20.44,7.65755
2015-11-05,Superior,21.91,7.65755
2015-11-06,Búnker,10.84,7.66465
2015-11-06,Diésel,17.91,7.66465
2015-11-06,GLP,90.0,7.66465
2015-11-06,Regular,20.44,7.66465
2015-11-06,Superior,21.91,7.66465
2015-11-09,Búnker,10.5,7.67066
2015-11-09,Diésel,17.95,7.67066
2015-11-09,GLP,90.0,7.67066
2015-11-09,Regular,20.48,7.67066
2015-11-09,Superior,21.94,7.67066
2015-11-10,Búnker,10.5,7.67154
2015-11-10,Diésel,17.95,7.67154
2015-11-10,GLP,90.0,7.67154
2015-11-10,Regular,20.48,7.67154
2015-11-10,Superior,21.94,7.67154
2015-11-11,Búnker,10.5,7.66455
2015-11-11,Diésel,17.95,7.66455
2015-11-11,GLP,90.0,7.66455
2015-11-11,Regular,20.48,7.66455
2015-11-11,Superior,21.94,7.66455
2015-11-12,Búnker,10.5,7.66007
2015-11-12,Diésel,17.95,7.66007
2015-11-12,GLP,90.0,7.66007
2015-11-12,Regular,20.48,7.66007
2015-11-12,Superior,21.94,7.66007
2015-11-13,Búnker,10.5,7.65538
2015-11-13,Diésel,17.95,7.65538
2015-11-13,GLP,90.0,7.65538
2015-11-13,Regular,20.48,7.65538
2015-11-13,Superior,21.94,7.65538
2015-11-16,Búnker,10.43,7.65278
2015-11-16,Diésel,17.08,7.65278
2015-11-16,GLP,90.0,7.65278
2015-11-16,Regular,19.85,7.65278
2015-11-16,Superior,21.35,7.65278
2015-11-17,Búnker,10.43,7.64946
2015-11-17,Diésel,17.08,7.64946
2015-11-17,GLP,90.0,7.64946
2015-11-17,Regular,19.85,7.64946
2015-11-17,Superior,21.35,7.64946
2015-11-18,Búnker,10.43,7.64663
2015-11-18,Diésel,17.08,7.64663
2015-11-18,GLP,90.0,7.64663
2015-11-18,Regular,19.85,7.64663
2015-11-18,Superior,21.35,7.64663
2015-11-19,Búnker,10.43,7.64601
2015-11-19,Diésel,17.08,7.64601
2015-11-19,GLP,90.0,7.64601
2015-11-19,Regular,19.85,7.64601
2015-11-19,Superior,21.35,7.64601
2015-11-20,Búnker,10.43,7.64733
2015-11-20,Diésel,17.08,7.64733
2015-11-20,GLP,90.0,7.64733
2015-11-20,Regular,19.85,7.64733
2015-11-20,Superior,21.35,7.64733
2015-11-23,Búnker,10.25,7.63798
2015-11-23,Diésel,16.57,7.63798
2015-11-23,GLP,90.0,7.63798
2015-11-23,Regular,18.83,7.63798
2015-11-23,Superior,20.32,7.63798
2015-11-24,Búnker,10.25,7.63219
2015-11-24,Diésel,16.57,7.63219
2015-11-24,GLP,90.0,7.63219
2015-11-24,Regular,18.83,7.63219
2015-11-24,Superior,20.32,7.63219
2015-11-25,Búnker,10.25,7.62585
2015-11-25,Diésel,16.57,7.62585
2015-11-25,GLP,90.0,7.62585
2015-11-25,Regular,18.83,7.62585
2015-11-25,Superior,20.32,7.62585
2015-11-26,Búnker,10.25,7.61658
2015-11-26,Diésel,16.57,7.61658
2015-11-26,GLP,90.0,7.61658
2015-11-26,Regular,18.83,7.61658
2015-11-26,Superior,20.32,7.61658
2015-11-27,Búnker,10.25,7.6153
2015-11-27,Diésel,16.57,7.6153
2015-11-27,GLP,90.0,7.6153
2015-11-27,Regular,18.83,7.6153
2015-11-27,Superior,20.32,7.6153
2015-11-30,Búnker,10.25,7.6123
2015-11-30,Diésel,16.52,7.6123
2015-11-30,GLP,90.0,7.6123
2015-11-30,Regular,18.54,7.6123
2015-11-30,Superior,20.02,7.6123
2015-12-01,Búnker,10.25,7.60127
2015-12-01,Diésel,16.52,7.60127
2015-12-01,GLP,90.0,7.60127
2015-12-01,Regular,18.54,7.60127
2015-12-01,Superior,20.02,7.60127
2015-12-02,Búnker,10.25,7.60146
2015-12-02,Diésel,16.52,7.60146
2015-12-02,GLP,90.0,7.60146
2015-12-02,Regular,18.54,7.60146
2015-12-02,Superior,20.02,7.60146
2015-12-03,Búnker,10.25,7.60991
2015-12-03,Diésel,16.52,7.60991
2015-12-03,GLP,90.0,7.60991
2015-12-03,Regular,18.54,7.60991
2015-12-03,Superior,20.02,7.60991
2015-12-04,Búnker,10.25,7.61056
2015-12-04,Diésel,16.52,7.61056
2015-12-04,GLP,90.0,7.61056
2015-12-04,Regular,18.54,7.61056
2015-12-04,Superior,20.02,7.61056
2015-12-07,Búnker,10.13,7.61033
2015-12-07,Diésel,16.98,7.61033
2015-12-07,GLP,90.0,7.61033
2015-12-07,Regular,19.51,7.61033
2015-12-07,Superior,21.0,7.61033
2015-12-08,Búnker,10.13,7.60634
2015-12-08,Diésel,16.98,7.60634
2015-12-08,GLP,90.0,7.60634
2015-12-08,Regular,19.51,7.60634
2015-12-08,Superior,21.0,7.60634
2015-12-09,Búnker,10.13,7.60991
2015-12-09,Diésel,16.98,7.60991
2015-12-09,GLP,90.0,7.60991
2015-12-09,Regular,19.51,7.60991
2015-12-09,Superior,21.0,7.60991
2015-12-10,Búnker,10.13,7.60951
2015-12-10,Diésel,16.98,7.60951
2015-12-10,GLP,90.0,7.60951
2015-12-10,Regular,19.51,7.60951
2015-12-10,Superior,21.0,7.60951
2015-12-11,Búnker,10.13,7.60965
2015-12-11,Diésel,16.98,7.60965
2015-12-11,GLP,90.0,7.60965
2015-12-11,Regular,19.51,7.60965
2015-12-11,Superior,21.0,7.60965
2015-12-14,Búnker,9.98,7.60854
2015-12-14,Diésel,15.59,7.60854
2015-12-14,GLP,90.0,7.60854
2015-12-14,Regular,18.59,7.60854
2015-12-14,Superior,20.07,7.60854
2015-12-15,Búnker,9.98,7.60699
2015-12-15,Diésel,15.59,7.60699
2015-12-15,GLP,90.0,7.60699
2015-12-15,Regular,18.59,7.60699
2015-12-15,Superior,20.07,7.60699
2015-12-16,Búnker,9.98,7.60684
2015-12-16,Diésel,15.59,7.60684
2015-12-16,GLP,90.0,7.60684
2015-12-16,Regular,18.59,7.60684
2015-12-16,Superior,20.07,7.60684
2015-12-17,Búnker,9.98,7.61419
2015-12-17,Diésel,15.59,7.61419
2015-12-17,GLP,90.0,7.61419
2015-12-17,Regular,18.59,7.61419
2015-12-17,Superior,20.07,7.61419
2015-12-18,Búnker,9.98,7.62032
2015-12-18,Diésel,15.59,7.62032
2015-12-18,GLP,90.0,7.62032
2015-12-18,Regular,18.59,7.62032
2015-12-18,Superior,20.07,7.62032
2015-12-21,Búnker,9.65,7.62591
2015-12-21,Diésel,14.54,7.62591
2015-12-21,GLP,90.0,7.62591
2015-12-21,Regular,18.35,7.62591
2015-12-21,Superior,19.82,7.62591
2015-12-22,Búnker,9.65,7.62035
2015-12-22,Diésel,14.54,7.62035
2015-12-22,GLP,90.0,7.62035
2015-12-22,Regular,18.35,7.62035
2015-12-22,Superior,19.82,7.62035
2015-12-23,Búnker,9.65,7.6188
2015-12-23,Diésel,14.54,7.6188
2015-12-23,GLP,90.0,7.6188
2015-12-23,Regular,18.35,7.6188
2015-12-23,Superior,19.82,7.6188
2015-12-24,Búnker,9.65,7.61371
2015-12-24,Diésel,14.54,7.61371
2015-12-24,GLP,90.0,7.61371
2015-12-24,Regular,18.35,7.61371
2015-12-24,Superior,19.82,7.61371
2015-12-28,Búnker,9.65,7.61165
2015-12-28,Diésel,14.54,7.61165
2015-12-28,GLP,90.0,7.61165
2015-12-28,Regular,18.35,7.61165
2015-12-28,Superior,19.82,7.61165
2015-12-29,Búnker,9.65,7.61469
2015-12-29,Diésel,14.54,7.61469
2015-12-29,GLP,90.0,7.61469
2015-12-29,Regular,18.35,7.61469
2015-12-29,Superior,19.82,7.61469
2015-12-30,Búnker,9.65,7.63237
2015-12-30,Diésel,14.54,7.63237
2015-12-30,GLP,90.0,7.63237
2015-12-30,Regular,18.35,7.63237
2015-12-30,Superior,19.82,7.63237
2015-12-31,Búnker,9.65,7.63237
2015-12-31,Diésel,14.54,7.63237
2015-12-31,GLP,90.0,7.63237
2015-12-31,Regular,18.35,7.63237
2015-12-31,Superior,19.82,7.63237
2016-01-04,Búnker,9.0,7.64991
2016-01-04,Diésel,14.1,7.64991
2016-01-04,GLP,90.0,7.64991
2016-01-04,Regular,18.35,7.64991
2016-01-04,Superior,19.82,7.64991
2016-01-05,Búnker,9.0,7.65319
2016-01-05,Diésel,14.1,7.65319
2016-01-05,GLP,90.0,7.65319
2016-01-05,Regular,18.35,7.65319
2016-01-05,Superior,19.82,7.65319
2016-01-06,Búnker,9.0,7.65874
2016-01-06,Diésel,14.1,7.65874
2016-01-06,GLP,90.0,7.65874
2016-01-06,Regular,18.35,7.65874
2016-01-06,Superior,19.82,7.65874
2016-01-07,Búnker,9.0,7.65497
2016-01-07,Diésel,14.1,7.65497
2016-01-07,GLP,90.0,7.65497
2016-01-07,Regular,18.35,7.65497
2016-01-07,Superior,19.82,7.65497
2016-01-08,Búnker,9.0,7.65689
2016-01-08,Diésel,14.1,7.65689
2016-01-08,GLP,90.0,7.65689
2016-01-08,Regular,18.35,7.65689
2016-01-08,Superior,19.82,7.65689
2016-01-11,Búnker,9.25,7.65119
2016-01-11,Diésel,14.05,7.65119
2016-01-11,GLP,90.0,7.65119
2016-01-11,Regular,18.55,7.65119
2016-01-11,Superior,20.03,7.65119
2016-01-12,Búnker,9.25,7.64769
2016-01-12,Diésel,14.05,7.64769
2016-01-12,GLP,90.0,7.64769
2016-01-12,Regular,18.55,7.64769
2016-01-12,Superior,20.03,7.64769
2016-01-13,Búnker,9.25,7.64711
2016-01-13,Diésel,14.05,7.64711
2016-01-13,GLP,90.0,7.64711
2016-01-13,Regular,18.55,7.64711
2016-01-13,Superior,20.03,7.64711
2016-01-14,Búnker,9.25,7.63998
2016-01-14,Diésel,14.05,7.63998
2016-01-14,GLP,90.0,7.63998
2016-01-14,Regular,18.55,7.63998
2016-01-14,Superior,20.03,7.63998
2016-01-15,Búnker,9.25,7.63183
2016-01-15,Diésel,14.05,7.63183
2016-01-15,GLP,90.0,7.63183
2016-01-15,Regular,18.55,7.63183
2016-01-15,Superior,20.03,7.63183
2016-01-18,Búnker,9.28,7.62696
2016-01-18,Diésel,13.56,7.62696
2016-01-18,GLP,90.0,7.62696
2016-01-18,Regular,18.05,7.62696
2016-01-18,Superior,19.53,7.62696
2016-01-19,Búnker,9.28,7.62803
2016-01-19,Diésel,13.56,7.62803
2016-01-19,GLP,90.0,7.62803
2016-01-19,Regular,18.05,7.62803
2016-01-19,Superior,19.53,7.62803
2016-01-20,Búnker,9.28,7.62366
2016-01-20,Diésel,13.56,7.62366
2016-01-20,GLP,90.0,7.62366
2016-01-20,Regular,18.05,7.62366
2016-01-20,Superior,19.53,7.62366
2016-01-21,Búnker,9.28,7.63355
2016-01-21,Diésel,13.56,7.63355
2016-01-21,GLP,90.0,7.63355
2016-01-21,Regular,18.05,7.63355
2016-01-21,Superior,19.53,7.63355
2016-01-22,Búnker,9.28,7.64639
2016-01-22,Diésel,13.56,7.64639
2016-01-22,GLP,90.0,7.64639
2016-01-22,Regular,18.05,7.64639
2016-01-22,Superior,19.53,7.64639
2016-01-25,Búnker,8.75,7.64692
2016-01-25,Diésel,12.84,7.64692
2016-01-25,GLP,90.0,7.64692
2016-01-25,Regular,17.33,7.64692
2016-01-25,Superior,18.8,7.64692
2016-01-26,Búnker,8.75,7.65266
2016-01-26,Diésel,12.84,7.65266
2016-01-26,GLP,90.0,7.65266
2016-01-26,Regular,17.33,7.65266
2016-01-26,Superior,18.8,7.65266
2016-01-27,Búnker,8.75,7.67507
2016-01-27,Diésel,12.84,7.67507
2016-01-27,GLP,90.0,7.67507
2016-01-27,Regular,17.33,7.67507
2016-01-27,Superior,18.8,7.67507
2016-01-28,Búnker,8.75,7.68331
2016-01-28,Diésel,12.84,7.68331
2016-01-28,GLP,90.0,7.68331
2016-01-28,Regular,17.33,7.68331
2016-01-28,Superior,18.8,7.68331
2016-01-29,Búnker,8.75,7.67713
2016-01-29,Diésel,12.84,7.67713
2016-01-29,GLP,90.0,7.67713
2016-01-29,Regular,17.33,7.67713
2016-01-29,Superior,18.8,7.67713
2016-02-01,Búnker,8.75,7.66968
2016-02-01,Diésel,13.5,7.66968
2016-02-01,GLP,90.0,7.66968
2016-02-01,Regular,17.55,7.66968
2016-02-01,Superior,19.01,7.66968
2016-02-02,Búnker,8.75,7.66188
2016-02-02,Diésel,13.5,7.66188
2016-02-02,GLP,90.0,7.66188
2016-02-02,Regular,17.55,7.66188
2016-02-02,Superior,19.01,7.66188
2016-02-03,Búnker,8.75,7.65615
2016-02-03,Diésel,13.5,7.65615
2016-02-03,GLP,90.0,7.65615
2016-02-03,Regular,17.55,7.65615
2016-02-03,Superior,19.01,7.65615
2016-02-04,Búnker,8.75,7.64707
2016-02-04,Diésel,13.5,7.64707
2016-02-04,GLP,90.0,7.64707
2016-02-04,Regular,17.55,7.64707
2016-02-04,Superior,19.01,7.64707
2016-02-05,Búnker,8.75,7.64658
2016-02-05,Diésel,13.5,7.64658
2016-02-05,GLP,90.0,7.64658
2016-02-05,Regular,17.55,7.64658
2016-02-05,Superior,19.01,7.64658
2016-02-08,Búnker,8.75,7.64849
2016-02-08,Diésel,13.5,7.64849
2016-02-08,GLP,90.0,7.64849
2016-02-08,Regular,17.25,7.64849
2016-02-08,Superior,18.73,7.64849
2016-02-09,Búnker,8.75,7.64835
2016-02-09,Diésel,13.5,7.64835
2016-02-09,GLP,90.0,7.64835
2016-02-09,Regular,17.25,7.64835
2016-02-09,Superior,18.73,7.64835
2016-02-10,Búnker,8.75,7.65332
2016-02-10,Diésel,13.5,7.65332
2016-02-10,GLP,90.0,7.65332
2016-02-10,Regular,17.25,7.65332
2016-02-10,Superior,18.73,7.65332
2016-02-11,Búnker,8.75,7.65427
2016-02-11,Diésel,13.5,7.65427
2016-02-11,GLP,90.0,7.65427
2016-02-11,Regular,17.25,7.65427
2016-02-11,Superior,18.73,7.65427
2016-02-12,Búnker,8.75,7.65634
2016-02-12,Diésel,13.5,7.65634
2016-02-12,GLP,90.0,7.65634
2016-02-12,Regular,17.25,7.65634
2016-02-12,Superior,18.73,7.65634
2016-02-15,Búnker,8.75,7.65652
2016-02-15,Diésel,12.5,7.65652
2016-02-15,GLP,90.0,7.65652
2016-02-15,Regular,16.6,7.65652
2016-02-15,Superior,18.09,7.65652
2016-02-16,Búnker,8.75,7.65728
2016-02-16,Diésel,12.5,7.65728
2016-02-16,GLP,90.0,7.65728
2016-02-16,Regular,16.6,7.65728
2016-02-16,Superior,18.09,7.65728
2016-02-17,Búnker,8.75,7.66035
2016-02-17,Diésel,12.5,7.66035
2016-02-17,GLP,90.0,7.66035
2016-02-17,Regular,16.6,7.66035
2016-02-17,Superior,18.09,7.66035
2016-02-18,Búnker,8.75,7.66327
2016-02-18,Diésel,12.5,7.66327
2016-02-18,GLP,90.0,7.66327
2016-02-18,Regular,16.6,7.66327
2016-02-18,Superior,18.09,7.66327
2016-02-19,Búnker,8.75,7.66887
2016-02-19,Diésel,12.5,7.66887
2016-02-19,GLP,90.0,7.66887
2016-02-19,Regular,16.6,7.66887
2016-02-19,Superior,18.09,7.66887
2016-02-22,Búnker,8.63,7.67079
2016-02-22,Diésel,12.32,7.67079
2016-02-22,GLP,90.0,7.67079
2016-02-22,Regular,16.53,7.67079
2016-02-22,Superior,18.01,7.67079
2016-02-23,Búnker,8.63,7.67372
2016-02-23,Diésel,12.32,7.67372
2016-02-23,GLP,90.0,7.67372
2016-02-23,Regular,16.53,7.67372
2016-02-23,Superior,18.01,7.67372
2016-02-24,Búnker,8.63,7.67296
2016-02-24,Diésel,12.32,7.67296
2016-02-24,GLP,90.0,7.67296
2016-02-24,Regular,16.53,7.67296
2016-02-24,Superior,18.01,7.67296
2016-02-25,Búnker,8.63,7.67681
2016-02-25,Diésel,12.32,7.67681
2016-02-25,GLP,90.0,7.67681
2016-02-25,Regular,16.53,7.67681
2016-02-25,Superior,18.01,7.67681
2016-02-26,Búnker,8.63,7.67658
2016-02-26,Diésel,12.32,7.67658
2016-02-26,GLP,90.0,7.67658
2016-02-26,Regular,16.53,7.67658
2016-02-26,Superior,18.01,7.67658
2016-02-29,Búnker,8.68,7.68272
2016-02-29,Diésel,13.28,7.68272
2016-02-29,GLP,90.0,7.68272
2016-02-29,Regular,17.5,7.68272
2016-02-29,Superior,18.98,7.68272
2016-03-01,Búnker,8.68,7.6874
2016-03-01,Diésel,13.28,7.6874
2016-03-01,GLP,90.0,7.6874
2016-03-01,Regular,17.5,7.6874
2016-03-01,Superior,18.98,7.6874
2016-03-02,Búnker,8.68,7.68536
2016-03-02,Diésel,13.28,7.68536
2016-03-02,GLP,90.0,7.68536
2016-03-02,Regular,17.5,7.68536
2016-03-02,Superior,18.98,7.68536
2016-03-03,Búnker,8.68,7.67735
2016-03-03,Diésel,13.28,7.67735
2016-03-03,GLP,90.0,7.67735
2016-03-03,Regular,17.5,7.67735
2016-03-03,Superior,18.98,7.67735
2016-03-04,Búnker,8.68,7.67669
2016-03-04,Diésel,13.28,7.67669
2016-03-04,GLP,90.0,7.67669
2016-03-04,Regular,17.5,7.67669
2016-03-04,Superior,18.98,7.67669
2016-03-07,Búnker,8.76,7.68343
2016-03-07,Diésel,13.32,7.68343
2016-03-07,GLP,90.0,7.68343
2016-03-07,Regular,17.52,7.68343
2016-03-07,Superior,19.0,7.68343
2016-03-08,Búnker,8.76,7.69558
2016-03-08,Diésel,13.32,7.69558
2016-03-08,GLP,90.0,7.69558
2016-03-08,Regular,17.52,7.69558
2016-03-08,Superior,19.0,7.69558
2016-03-09,Búnker,8.76,7.70047
2016-03-09,Diésel,13.32,7.70047
2016-03-09,GLP,90.0,7.70047
2016-03-09,Regular,17.52,7.70047
2016-03-09,Superior,19.0,7.70047
2016-03-10,Búnker,8.76,7.70072
2016-03-10,Diésel,13.32,7.70072
2016-03-10,GLP,90.0,7.70072
2016-03-10,Regular,17.52,7.70072
2016-03-10,Superior,19.0,7.70072
2016-03-11,Búnker,8.76,7.70784
2016-03-11,Diésel,13.32,7.70784
2016-03-11,GLP,90.0,7.70784
2016-03-11,Regular,17.52,7.70784
2016-03-11,Superior,19.0,7.70784
2016-03-14,Búnker,8.85,7.72102
2016-03-14,Diésel,15.27,7.72102
2016-03-14,GLP,90.0,7.72102
2016-03-14,Regular,18.48,7.72102
2016-03-14,Superior,19.96,7.72102
2016-03-15,Búnker,8.85,7.72912
2016-03-15,Diésel,15.27,7.72912
2016-03-15,GLP,90.0,7.72912
2016-03-15,Regular,18.48,7.72912
2016-03-15,Superior,19.96,7.72912
2016-03-16,Búnker,8.85,7.73719
2016-03-16,Diésel,15.27,7.73719
2016-03-16,GLP,90.0,7.73719
2016-03-16,Regular,18.48,7.73719
2016-03-16,Superior,19.96,7.73719
2016-03-17,Búnker,8.85,7.73953
2016-03-17,Diésel,15.27,7.73953
2016-03-17,GLP,90.0,7.73953
2016-03-17,Regular,18.48,7.73953
2016-03-17,Superior,19.96,7.73953
2016-03-18,Búnker,8.85,7.74378
2016-03-18,Diésel,15.27,7.74378
2016-03-18,GLP,90.0,7.74378
2016-03-18,Regular,18.48,7.74378
2016-03-18,Superior,19.96,7.74378
2016-03-21,Búnker,9.0,7.74411
2016-03-21,Diésel,15.3,7.74411
2016-03-21,GLP,90.0,7.74411
2016-03-21,Regular,19.55,7.74411
2016-03-21,Superior,20.99,7.74411
2016-03-22,Búnker,9.0,7.7408
2016-03-22,Diésel,15.3,7.7408
2016-03-22,GLP,90.0,7.7408
2016-03-22,Regular,19.55,7.7408
2016-03-22,Superior,20.99,7.7408
2016-03-23,Búnker,9.0,7.74124
2016-03-23,Diésel,15.3,7.74124
2016-03-23,GLP,90.0,7.74124
2016-03-23,Regular,19.55,7.74124
2016-03-23,Superior,20.99,7.74124
2016-03-24,Búnker,9.0,7.74124
2016-03-24,Diésel,15.3,7.74124
2016-03-24,GLP,90.0,7.74124
2016-03-24,Regular,19.55,7.74124
2016-03-24,Superior,20.99,7.74124
2016-03-28,Búnker,8.98,7.73423
2016-03-28,Diésel,15.3,7.73423
2016-03-28,GLP,90.0,7.73423
2016-03-28,Regular,19.55,7.73423
2016-03-28,Superior,20.99,7.73423
2016-03-29,Búnker,8.98,7.73113
2016-03-29,Diésel,15.3,7.73113
2016-03-29,GLP,90.0,7.73113
2016-03-29,Regular,19.55,7.73113
2016-03-29,Superior,20.99,7.73113
2016-03-30,Búnker,8.98,7.72233
2016-03-30,Diésel,15.3,7.72233
2016-03-30,GLP,90.0,7.72233
2016-03-30,Regular,19.55,7.72233
2016-03-30,Superior,20.99,7.72233
2016-03-31,Búnker,8.98,7.71106
2016-03-31,Diésel,15.3,7.71106
2016-03-31,GLP,90.0,7.71106
2016-03-31,Regular,19.55,7.71106
2016-03-31,Superior,20.99,7.71106
2016-04-01,Búnker,8.98,7.71086
2016-04-01,Diésel,15.3,7.71086
2016-04-01,GLP,90.0,7.71086
2016-04-01,Regular,19.55,7.71086
2016-04-01,Superior,20.99,7.71086
2016-04-04,Búnker,8.85,7.71065
2016-04-04,Diésel,15.3,7.71065
2016-04-04,GLP,90.0,7.71065
2016-04-04,Regular,20.0,7.71065
2016-04-04,Superior,21.5,7.71065
2016-04-05,Búnker,8.85,7.7092
2016-04-05,Diésel,15.3,7.7092
2016-04-05,GLP,90.0,7.7092
2016-04-05,Regular,20.0,7.7092
2016-04-05,Superior,21.5,7.7092
2016-04-06,Búnker,8.85,7.70969
2016-04-06,Diésel,15.3,7.70969
2016-04-06,GLP,90.0,7.70969
2016-04-06,Regular,20.0,7.70969
2016-04-06,Superior,21.5,7.70969
2016-04-07,Búnker,8.85,7.71198
2016-04-07,Diésel,15.3,7.71198
2016-04-07,GLP,90.0,7.71198
2016-04-07,Regular,20.0,7.71198
2016-04-07,Superior,21.5,7.71198
2016-04-08,Búnker,8.85,7.72085
2016-04-08,Diésel,15.3,7.72085
2016-04-08,GLP,90.0,7.72085
2016-04-08,Regular,20.0,7.72085
2016-04-08,Superior,21.5,7.72085
2016-04-11,Búnker,8.85,7.72824
2016-04-11,Diésel,14.81,7.72824
2016-04-11,GLP,90.0,7.72824
2016-04-11,Regular,19.63,7.72824
2016-04-11,Superior,21.07,7.72824
2016-04-12,Búnker,8.85,7.73533
2016-04-12,Diésel,14.81,7.73533
2016-04-12,GLP,90.0,7.73533
2016-04-12,Regular,19.63,7.73533
2016-04-12,Superior,21.07,7.73533
2016-04-13,Búnker,8.85,7.73939
2016-04-13,Diésel,14.81,7.73939
2016-04-13,GLP,90.0,7.73939
2016-04-13,Regular,19.63,7.73939
2016-04-13,Superior,21.07,7.73939
2016-04-14,Búnker,8.85,7.74527
2016-04-14,Diésel,14.81,7.74527
2016-04-14,GLP,90.0,7.74527
2016-04-14,Regular,19.63,7.74527
2016-04-14,Superior,21.07,7.74527
2016-04-15,Búnker,8.85,7.74312
2016-04-15,Diésel,14.81,7.74312
2016-04-15,GLP,90.0,7.74312
2016-04-15,Regular,19.63,7.74312
2016-04-15,Superior,21.07,7.74312
2016-04-18,Búnker,8.74,7.7342
2016-04-18,Diésel,14.87,7.7342
2016-04-18,GLP,90.0,7.7342
2016-04-18,Regular,20.02,7.7342
2016-04-18,Superior,21.5,7.7342
2016-04-19,Búnker,8.74,7.73094
2016-04-19,Diésel,14.87,7.73094
2016-04-19,GLP,90.0,7.73094
2016-04-19,Regular,20.02,7.73094
2016-04-19,Superior,21.5,7.73094
2016-04-20,Búnker,8.74,7.73884
2016-04-20,Diésel,14.87,7.73884
2016-04-20,GLP,90.0,7.73884
2016-04-20,Regular,20.02,7.73884
2016-04-20,Superior,21.5,7.73884
2016-04-21,Búnker,8.74,7.74081
2016-04-21,Diésel,14.87,7.74081
2016-04-21,GLP,90.0,7.74081
2016-04-21,Regular,20.02,7.74081
2016-04-21,Superior,21.5,7.74081
2016-04-22,Búnker,8.74,7.74027
2016-04-22,Diésel,14.87,7.74027
2016-04-22,GLP,90.0,7.74027
2016-04-22,Regular,20.02,7.74027
2016-04-22,Superior,21.5,7.74027
2016-04-25,Búnker,8.85,7.74082
2016-04-25,Diésel,15.5,7.74082
2016-04-25,GLP,90.0,7.74082
2016-04-25,Regular,20.31,7.74082
2016-04-25,Superior,21.8,7.74082
2016-04-26,Búnker,8.85,7.74028
2016-04-26,Diésel,15.5,7.74028
2016-04-26,GLP,90.0,7.74028
2016-04-26,Regular,20.31,7.74028
2016-04-26,Superior,21.8,7.74028
2016-04-27,Búnker,8.85,7.74181
2016-04-27,Diésel,15.5,7.74181
2016-04-27,GLP,90.0,7.74181
2016-04-27,Regular,20.31,7.74181
2016-04-27,Superior,21.8,7.74181
2016-04-28,Búnker,8.85,7.7372
2016-04-28,Diésel,15.5,7.7372
2016-04-28,GLP,90.0,7.7372
2016-04-28,Regular,20.31,7.7372
2016-04-28,Superior,21.8,7.7372
2016-04-29,Búnker,8.85,7.73394
2016-04-29,Diésel,15.5,7.73394
2016-04-29,GLP,90.0,7.73394
2016-04-29,Regular,20.31,7.73394
2016-04-29,Superior,21.8,7.73394
2016-05-02,Búnker,9.3,7.73394
2016-05-02,Diésel,16.33,7.73394
2016-05-02,GLP,90.0,7.73394
2016-05-02,Regular,21.03,7.73394
2016-05-02,Superior,22.53,7.73394
2016-05-03,Búnker,9.3,7.72557
2016-05-03,Diésel,16.33,7.72557
2016-05-03,GLP,90.0,7.72557
2016-05-03,Regular,21.03,7.72557
2016-05-03,Superior,22.53,7.72557
2016-05-04,Búnker,9.3,7.71734
2016-05-04,Diésel,16.33,7.71734
2016-05-04,GLP,90.0,7.71734
2016-05-04,Regular,21.03,7.71734
2016-05-04,Superior,22.53,7.71734
2016-05-05,Búnker,9.3,7.71198
2016-05-05,Diésel,16.33,7.71198
2016-05-05,GLP,90.0,7.71198
2016-05-05,Regular,21.03,7.71198
2016-05-05,Superior,22.53,7.71198
2016-05-06,Búnker,9.3,7.69892
2016-05-06,Diésel,16.33,7.69892
2016-05-06,GLP,90.0,7.69892
2016-05-06,Regular,21.03,7.69892
2016-05-06,Superior,22.53,7.69892
2016-05-09,Búnker,9.49,7.65407
2016-05-09,Diésel,16.05,7.65407
2016-05-09,GLP,90.0,7.65407
2016-05-09,Regular,20.83,7.65407
2016-05-09,Superior,22.32,7.65407
2016-05-10,Búnker,9.49,7.65407
2016-05-10,Diésel,16.05,7.65407
2016-05-10,GLP,90.0,7.65407
2016-05-10,Regular,20.83,7.65407
2016-05-10,Superior,22.32,7.65407
2016-05-11,Búnker,9.49,7.64115
2016-05-11,Diésel,16.05,7.64115
2016-05-11,GLP,90.0,7.64115
2016-05-11,Regular,20.83,7.64115
2016-05-11,Superior,22.32,7.64115
2016-05-12,Búnker,9.49,7.62418
2016-05-12,Diésel,16.05,7.62418
2016-05-12,GLP,90.0,7.62418
2016-05-12,Regular,20.83,7.62418
2016-05-12,Superior,22.32,7.62418
2016-05-13,Búnker,9.49,7.63275
2016-05-13,Diésel,16.05,7.63275
2016-05-13,GLP,90.0,7.63275
2016-05-13,Regular,20.83,7.63275
2016-05-13,Superior,22.32,7.63275
2016-05-16,Búnker,9.48,7.63739
2016-05-16,Diésel,15.83,7.63739
2016-05-16,GLP,90.0,7.63739
2016-05-16,Regular,20.65,7.63739
2016-05-16,Superior,22.12,7.63739
2016-05-17,Búnker,9.48,7.63837
2016-05-17,Diésel,15.83,7.63837
2016-05-17,GLP,90.0,7.63837
2016-05-17,Regular,20.65,7.63837
2016-05-17,Superior,22.12,7.63837
2016-05-18,Búnker,9.48,7.63789
2016-05-18,Diésel,15.83,7.63789
2016-05-18,GLP,90.0,7.63789
2016-05-18,Regular,20.65,7.63789
2016-05-18,Superior,22.12,7.63789
2016-05-19,Búnker,9.48,7.630464
2016-05-19,Diésel,15.83,7.630464
2016-05-19,GLP,90.0,7.630464
2016-05-19,Regular,20.65,7.630464
2016-05-19,Superior,22.12,7.630464
2016-05-20,Búnker,9.48,7.63454
2016-05-20,Diésel,15.83,7.63454
2016-05-20,GLP,90.0,7.63454
2016-05-20,Regular,20.65,7.63454
2016-05-20,Superior,22.12,7.63454
2016-05-23,Búnker,9.66,7.63686
2016-05-23,Diésel,16.79,7.63686
2016-05-23,GLP,90.0,7.63686
2016-05-23,Regular,21.0,7.63686
2016-05-23,Superior,22.51,7.63686
2016-05-24,Búnker,9.66,7.63938
2016-05-24,Diésel,16.79,7.63938
2016-05-24,GLP,90.0,7.63938
2016-05-24,Regular,21.0,7.63938
2016-05-24,Superior,22.51,7.63938
2016-05-25,Búnker,9.66,7.63627
2016-05-25,Diésel,16.79,7.63627
2016-05-25,GLP,90.0,7.63627
2016-05-25,Regular,21.0,7.63627
2016-05-25,Superior,22.51,7.63627
2016-05-26,Búnker,9.66,7.62943
2016-05-26,Diésel,16.79,7.62943
2016-05-26,GLP,90.0,7.62943
2016-05-26,Regular,21.0,7.62943
2016-05-26,Superior,22.51,7.62943
2016-05-27,Búnker,9.66,7.62793
2016-05-27,Diésel,16.79,7.62793
2016-05-27,GLP,90.0,7.62793
2016-05-27,Regular,21.0,7.62793
2016-05-27,Superior,22.51,7.62793
2016-05-30,Búnker,9.88,7.62545
2016-05-30,Diésel,16.29,7.62545
2016-05-30,GLP,90.0,7.62545
2016-05-30,Regular,20.65,7.62545
2016-05-30,Superior,22.13,7.62545
2016-05-31,Búnker,9.88,7.62571
2016-05-31,Diésel,16.29,7.62571
2016-05-31,GLP,90.0,7.62571
2016-05-31,Regular,20.65,7.62571
2016-05-31,Superior,22.13,7.62571
2016-06-01,Búnker,9.88,7.62543
2016-06-01,Diésel,16.29,7.62543
2016-06-01,GLP,90.0,7.62543
2016-06-01,Regular,20.65,7.62543
2016-06-01,Superior,22.13,7.62543
2016-06-02,Búnker,9.88,7.62608
2016-06-02,Diésel,16.29,7.62608
2016-06-02,GLP,90.0,7.62608
2016-06-02,Regular,20.65,7.62608
2016-06-02,Superior,22.13,7.62608
2016-06-03,Búnker,9.88,7.63283
2016-06-03,Diésel,16.29,7.63283
2016-06-03,GLP,90.0,7.63283
2016-06-03,Regular,20.65,7.63283
2016-06-03,Superior,22.13,7.63283
2016-06-06,Búnker,10.05,7.64322
2016-06-06,Diésel,17.31,7.64322
2016-06-06,GLP,105.0,7.64322
2016-06-06,Regular,21.52,7.64322
2016-06-06,Superior,23.01,7.64322
2016-06-07,Búnker,10.05,7.64491
2016-06-07,Diésel,17.31,7.64491
2016-06-07,GLP,105.0,7.64491
2016-06-07,Regular,21.52,7.64491
2016-06-07,Superior,23.01,7.64491
2016-06-08,Búnker,10.05,7.64827
2016-06-08,Diésel,17.31,7.64827
2016-06-08,GLP,105.0,7.64827
2016-06-08,Regular,21.52,7.64827
2016-06-08,Superior,23.01,7.64827
2016-06-09,Búnker,10.05,7.65164
2016-06-09,Diésel,17.31,7.65164
2016-06-09,GLP,105.0,7.65164
2016-06-09,Regular,21.52,7.65164
2016-06-09,Superior,23.01,7.65164
2016-06-10,Búnker,10.05,7.66404
2016-06-10,Diésel,17.31,7.66404
2016-06-10,GLP,105.0,7.66404
2016-06-10,Regular,21.52,7.66404
2016-06-10,Superior,23.01,7.66404
2016-06-13,Búnker,10.13,7.66959
2016-06-13,Diésel,17.31,7.66959
2016-06-13,GLP,105.0,7.66959
2016-06-13,Regular,21.52,7.66959
2016-06-13,Superior,23.01,7.66959
2016-06-14,Búnker,10.13,7.66429
2016-06-14,Diésel,17.31,7.66429
2016-06-14,GLP,105.0,7.66429
2016-06-14,Regular,21.52,7.66429
2016-06-14,Superior,23.01,7.66429
2016-06-15,Búnker,10.13,7.65454
2016-06-15,Diésel,17.31,7.65454
2016-06-15,GLP,105.0,7.65454
2016-06-15,Regular,21.52,7.65454
2016-06-15,Superior,23.01,7.65454
2016-06-16,Búnker,10.13,7.64469
2016-06-16,Diésel,17.31,7.64469
2016-06-16,GLP,105.0,7.64469
2016-06-16,Regular,21.52,7.64469
2016-06-16,Superior,23.01,7.64469
2016-06-17,Búnker,10.13,7.6373
2016-06-17,Diésel,17.31,7.6373
2016-06-17,GLP,105.0,7.6373
2016-06-17,Regular,21.52,7.6373
2016-06-17,Superior,23.01,7.6373
2016-06-20,Búnker,9.98,7.63399
2016-06-20,Diésel,17.01,7.63399
2016-06-20,GLP,105.0,7.63399
2016-06-20,Regular,21.09,7.63399
2016-06-20,Superior,22.53,7.63399
2016-06-21,Búnker,9.98,7.63037
2016-06-21,Diésel,17.01,7.63037
2016-06-21,GLP,105.0,7.63037
2016-06-21,Regular,21.09,7.63037
2016-06-21,Superior,22.53,7.63037
2016-06-22,Búnker,9.98,7.62889
2016-06-22,Diésel,17.01,7.62889
2016-06-22,GLP,105.0,7.62889
2016-06-22,Regular,21.09,7.62889
2016-06-22,Superior,22.53,7.62889
2016-06-23,Búnker,9.98,7.63501
2016-06-23,Diésel,17.01,7.63501
2016-06-23,GLP,105.0,7.63501
2016-06-23,Regular,21.09,7.63501
2016-06-23,Superior,22.53,7.63501
2016-06-24,Búnker,9.98,7.64357
2016-06-24,Diésel,17.01,7.64357
2016-06-24,GLP,105.0,7.64357
2016-06-24,Regular,21.09,7.64357
2016-06-24,Superior,22.53,7.64357
2016-06-27,Búnker,10.0,7.64025
2016-06-27,Diésel,17.19,7.64025
2016-06-27,GLP,105.0,7.64025
2016-06-27,Regular,21.4,7.64025
2016-06-27,Superior,22.88,7.64025
2016-06-28,Búnker,10.0,7.63805
2016-06-28,Diésel,17.19,7.63805
2016-06-28,GLP,105.0,7.63805
2016-06-28,Regular,21.4,7.63805
2016-06-28,Superior,22.88,7.63805
2016-06-29,Búnker,10.0,7.63668
2016-06-29,Diésel,17.19,7.63668
2016-06-29,GLP,105.0,7.63668
2016-06-29,Regular,21.4,7.63668
2016-06-29,Superior,22.88,7.63668
2016-06-30,Búnker,10.0,7.63735
2016-06-30,Diésel,17.19,7.63735
2016-06-30,GLP,105.0,7.63735
2016-06-30,Regular,21.4,7.63735
2016-06-30,Superior,22.88,7.63735
2016-07-01,Búnker,10.0,7.63735
2016-07-01,Diésel,17.19,7.63735
2016-07-01,GLP,105.0,7.63735
2016-07-01,Regular,21.4,7.63735
2016-07-01,Superior,22.88,7.63735
2016-07-05,Búnker,10.0,7.63601
2016-07-05,Diésel,16.86,7.63601
2016-07-05,GLP,105.0,7.63601
2016-07-05,Regular,21.04,7.63601
2016-07-05,Superior,22.54,7.63601
2016-07-06,Búnker,10.0,7.63134
2016-07-06,Diésel,16.86,7.63134
2016-07-06,GLP,105.0,7.63134
2016-07-06,Regular,21.04,7.63134
2016-07-06,Superior,22.54,7.63134
2016-07-07,Búnker,10.0,7.63009
2016-07-07,Diésel,16.86,7.63009
2016-07-07,GLP,105.0,7.63009
2016-07-07,Regular,21.04,7.63009
2016-07-07,Superior,22.54,7.63009
2016-07-08,Búnker,10.0,7.62374
2016-07-08,Diésel,16.86,7.62374
2016-07-08,GLP,105.0,7.62374
2016-07-08,Regular,21.04,7.62374
2016-07-08,Superior,22.54,7.62374
2016-07-11,Búnker,10.03,7.62053
2016-07-11,Diésel,16.54,7.62053
2016-07-11,GLP,105.0,7.62053
2016-07-11,Regular,20.42,7.62053
2016-07-11,Superior,21.9,7.62053
2016-07-12,Búnker,10.03,7.61382
2016-07-12,Diésel,16.54,7.61382
2016-07-12,GLP,105.0,7.61382
2016-07-12,Regular,20.42,7.61382
2016-07-12,Superior,21.9,7.61382
2016-07-13,Búnker,10.03,7.61372
2016-07-13,Diésel,16.54,7.61372
2016-07-13,GLP,105.0,7.61372
2016-07-13,Regular,20.42,7.61372
2016-07-13,Superior,21.9,7.61372
2016-07-14,Búnker,10.03,7.61316
2016-07-14,Diésel,16.54,7.61316
2016-07-14,GLP,105.0,7.61316
2016-07-14,Regular,20.42,7.61316
2016-07-14,Superior,21.9,7.61316
2016-07-15,Búnker,10.03,7.60867
2016-07-15,Diésel,16.54,7.60867
2016-07-15,GLP,105.0,7.60867
2016-07-15,Regular,20.42,7.60867
2016-07-15,Superior,21.9,7.60867
2016-07-18,Búnker,9.96,7.59999
2016-07-18,Diésel,16.23,7.59999
2016-07-18,GLP,105.0,7.59999
2016-07-18,Regular,19.85,7.59999
2016-07-18,Superior,21.34,7.59999
2016-07-19,Búnker,9.96,7.58633
2016-07-19,Diésel,16.23,7.58633
2016-07-19,GLP,105.0,7.58633
2016-07-19,Regular,19.85,7.58633
2016-07-19,Superior,21.34,7.58633
2016-07-20,Búnker,9.96,7.58385
2016-07-20,Diésel,16.23,7.58385
2016-07-20,GLP,105.0,7.58385
2016-07-20,Regular,19.85,7.58385
2016-07-20,Superior,21.34,7.58385
2016-07-21,Búnker,9.96,7.58402
2016-07-21,Diésel,16.23,7.58402
2016-07-21,GLP,105.0,7.58402
2016-07-21,Regular,19.85,7.58402
2016-07-21,Superior,21.34,7.58402
2016-07-22,Búnker,9.96,7.59282
2016-07-22,Diésel,16.23,7.59282
2016-07-22,GLP,105.0,7.59282
2016-07-22,Regular,19.85,7.59282
2016-07-22,Superior,21.34,7.59282
2016-07-25,Búnker,9.93,7.59058
2016-07-25,Diésel,15.82,7.59058
2016-07-25,GLP,105.0,7.59058
2016-07-25,Regular,19.58,7.59058
2016-07-25,Superior,21.08,7.59058
2016-07-26,Búnker,9.93,7.57682
2016-07-26,Diésel,15.82,7.57682
2016-07-26,GLP,105.0,7.57682
2016-07-26,Regular,19.58,7.57682
2016-07-26,Superior,21.08,7.57682
2016-07-27,Búnker,9.93,7.57537
2016-07-27,Diésel,15.82,7.57537
2016-07-27,GLP,105.0,7.57537
2016-07-27,Regular,19.58,7.57537
2016-07-27,Superior,21.08,7.57537
2016-07-28,Búnker,9.93,7.56564
2016-07-28,Diésel,15.82,7.56564
2016-07-28,GLP,105.0,7.56564
2016-07-28,Regular,19.58,7.56564
2016-07-28,Superior,21.08,7.56564
2016-07-29,Búnker,9.93,7.561
2016-07-29,Diésel,15.82,7.561
2016-07-29,GLP,105.0,7.561
2016-07-29,Regular,19.58,7.561
2016-07-29,Superior,21.08,7.561
2016-08-01,Búnker,9.85,7.56021
2016-08-01,Diésel,15.43,7.56021
2016-08-01,GLP,105.0,7.56021
2016-08-01,Regular,19.34,7.56021
2016-08-01,Superior,20.81,7.56021
2016-08-02,Búnker,9.85,7.55883
2016-08-02,Diésel,15.43,7.55883
2016-08-02,GLP,105.0,7.55883
2016-08-02,Regular,19.34,7.55883
2016-08-02,Superior,20.81,7.55883
2016-08-03,Búnker,9.85,7.54981
2016-08-03,Diésel,15.43,7.54981
2016-08-03,GLP,105.0,7.54981
2016-08-03,Regular,19.34,7.54981
2016-08-03,Superior,20.81,7.54981
2016-08-04,Búnker,9.85,7.54081
2016-08-04,Diésel,15.43,7.54081
2016-08-04,GLP,105.0,7.54081
2016-08-04,Regular,19.34,7.54081
2016-08-04,Superior,20.81,7.54081
2016-08-05,Búnker,9.85,7.53887
2016-08-05,Diésel,15.43,7.53887
2016-08-05,GLP,105.0,7.53887
2016-08-05,Regular,19.34,7.53887
2016-08-05,Superior,20.81,7.53887
2016-08-08,Búnker,9.68,7.53896
2016-08-08,Diésel,15.19,7.53896
2016-08-08,GLP,105.0,7.53896
2016-08-08,Regular,19.17,7.53896
2016-08-08,Superior,20.65,7.53896
2016-08-09,Búnker,9.68,7.53719
2016-08-09,Diésel,15.19,7.53719
2016-08-09,GLP,105.0,7.53719
2016-08-09,Regular,19.17,7.53719
2016-08-09,Superior,20.65,7.53719
2016-08-10,Búnker,9.68,7.53723
2016-08-10,Diésel,15.19,7.53723
2016-08-10,GLP,105.0,7.53723
2016-08-10,Regular,19.17,7.53723
2016-08-10,Superior,20.65,7.53723
2016-08-11,Búnker,9.68,7.52367
2016-08-11,Diésel,15.19,7.52367
2016-08-11,GLP,105.0,7.52367
2016-08-11,Regular,19.17,7.52367
2016-08-11,Superior,20.65,7.52367
2016-08-12,Búnker,9.68,7.50582
2016-08-12,Diésel,15.19,7.50582
2016-08-12,GLP,105.0,7.50582
2016-08-12,Regular,19.17,7.50582
2016-08-12,Superior,20.65,7.50582
2016-08-15,Búnker,9.64,7.50582
2016-08-15,Diésel,15.19,7.50582
2016-08-15,GLP,95.0,7.50582
2016-08-15,Regular,19.17,7.50582
2016-08-15,Superior,20.65,7.50582
2016-08-16,Búnker,9.64,7.50272
2016-08-16,Diésel,15.97,7.50272
2016-08-16,GLP,95.0,7.50272
2016-08-16,Regular,19.77,7.50272
2016-08-16,Superior,21.22,7.50272
2016-08-17,Búnker,9.64,7.50094
2016-08-17,Diésel,15.97,7.50094
2016-08-17,GLP,95.0,7.50094
2016-08-17,Regular,19.77,7.50094
2016-08-17,Superior,21.22,7.50094
2016-08-18,Búnker,9.64,7.51102
2016-08-18,Diésel,15.97,7.51102
2016-08-18,GLP,95.0,7.51102
2016-08-18,Regular,19.77,7.51102
2016-08-18,Superior,21.22,7.51102
2016-08-19,Búnker,9.64,7.52229
2016-08-19,Diésel,15.97,7.52229
2016-08-19,GLP,95.0,7.52229
2016-08-19,Regular,19.77,7.52229
2016-08-19,Superior,21.22,7.52229
2016-08-22,Búnker,9.62,7.52979
2016-08-22,Diésel,17.28,7.52979
2016-08-22,GLP,95.0,7.52979
2016-08-22,Regular,20.99,7.52979
2016-08-22,Superior,22.5,7.52979
2016-08-23,Búnker,9.62,7.54246
2016-08-23,Diésel,17.28,7.54246
2016-08-23,GLP,95.0,7.54246
2016-08-23,Regular,20.99,7.54246
2016-08-23,Superior,22.5,7.54246
2016-08-24,Búnker,9.62,7.55377
2016-08-24,Diésel,17.28,7.55377
2016-08-24,GLP,95.0,7.55377
2016-08-24,Regular,20.99,7.55377
2016-08-24,Superior,22.5,7.55377
2016-08-25,Búnker,9.62,7.55431
2016-08-25,Diésel,17.28,7.55431
2016-08-25,GLP,95.0,7.55431
2016-08-25,Regular,20.99,7.55431
2016-08-25,Superior,22.5,7.55431
2016-08-26,Búnker,9.62,7.55369
2016-08-26,Diésel,17.28,7.55369
2016-08-26,GLP,95.0,7.55369
2016-08-26,Regular,20.99,7.55369
2016-08-26,Superior,22.5,7.55369
2016-08-29,Búnker,9.55,7.55444
2016-08-29,Diésel,17.22,7.55444
2016-08-29,GLP,95.0,7.55444
2016-08-29,Regular,21.0,7.55444
2016-08-29,Superior,22.53,7.55444
2016-08-30,Búnker,9.55,7.55334
2016-08-30,Diésel,17.22,7.55334
2016-08-30,GLP,95.0,7.55334
2016-08-30,Regular,21.0,7.55334
2016-08-30,Superior,22.53,7.55334
2016-08-31,Búnker,9.55,7.55319
2016-08-31,Diésel,17.22,7.55319
2016-08-31,GLP,95.0,7.55319
2016-08-31,Regular,21.0,7.55319
2016-08-31,Superior,22.53,7.55319
2016-09-01,Búnker,9.55,7.54861
2016-09-01,Diésel,17.22,7.54861
2016-09-01,GLP,95.0,7.54861
2016-09-01,Regular,21.0,7.54861
2016-09-01,Superior,22.53,7.54861
2016-09-02,Búnker,9.55,7.5435
2016-09-02,Diésel,17.22,7.5435
2016-09-02,GLP,95.0,7.5435
2016-09-02,Regular,21.0,7.5435
2016-09-02,Superior,22.53,7.5435
2016-09-05,Búnker,9.55,7.54023
2016-09-05,Diésel,17.22,7.54023
2016-09-05,GLP,95.0,7.54023
2016-09-05,Regular,21.0,7.54023
2016-09-05,Superior,22.53,7.54023
2016-09-06,Búnker,9.55,7.54224
2016-09-06,Diésel,17.22,7.54224
2016-09-06,GLP,95.0,7.54224
2016-09-06,Regular,21.0,7.54224
2016-09-06,Superior,22.53,7.54224
2016-09-07,Búnker,9.55,7.53764
2016-09-07,Diésel,17.22,7.53764
2016-09-07,GLP,95.0,7.53764
2016-09-07,Regular,21.0,7.53764
2016-09-07,Superior,22.53,7.53764
2016-09-08,Búnker,9.55,7.5361
2016-09-08,Diésel,17.22,7.5361
2016-09-08,GLP,95.0,7.5361
2016-09-08,Regular,21.0,7.5361
2016-09-08,Superior,22.53,7.5361
2016-09-09,Búnker,9.55,7.53224
2016-09-09,Diésel,17.22,7.53224
2016-09-09,GLP,95.0,7.53224
2016-09-09,Regular,21.0,7.53224
2016-09-09,Superior,22.53,7.53224
2016-09-12,Búnker,9.5,7.52631
2016-09-12,Diésel,17.05,7.52631
2016-09-12,GLP,95.0,7.52631
2016-09-12,Regular,21.0,7.52631
2016-09-12,Superior,22.53,7.52631
2016-09-13,Búnker,9.5,7.52096
2016-09-13,Diésel,17.05,7.52096
2016-09-13,GLP,95.0,7.52096
2016-09-13,Regular,21.0,7.52096
2016-09-13,Superior,22.53,7.52096
2016-09-14,Búnker,9.5,7.51893
2016-09-14,Diésel,17.05,7.51893
2016-09-14,GLP,95.0,7.51893
2016-09-14,Regular,21.0,7.51893
2016-09-14,Superior,22.53,7.51893
2016-09-15,Búnker,9.5,7.51893
2016-09-15,Diésel,17.05,7.51893
2016-09-15,GLP,95.0,7.51893
2016-09-15,Regular,21.0,7.51893
2016-09-15,Superior,22.53,7.51893
2016-09-16,Búnker,9.5,7.5178
2016-09-16,Diésel,17.05,7.5178
2016-09-16,GLP,95.0,7.5178
2016-09-16,Regular,21.0,7.5178
2016-09-16,Superior,22.53,7.5178
2016-09-19,Búnker,9.5,7.51102
2016-09-19,Diésel,16.85,7.51102
2016-09-19,GLP,95.0,7.51102
2016-09-19,Regular,20.54,7.51102
2016-09-19,Superior,22.04,7.51102
2016-09-20,Búnker,9.5,7.51232
2016-09-20,Diésel,16.85,7.51232
2016-09-20,GLP,95.0,7.51232
2016-09-20,Regular,20.54,7.51232
2016-09-20,Superior,22.04,7.51232
2016-09-21,Búnker,9.5,7.51485
2016-09-21,Diésel,16.85,7.51485
2016-09-21,GLP,95.0,7.51485
2016-09-21,Regular,20.54,7.51485
2016-09-21,Superior,22.04,7.51485
2016-09-22,Búnker,9.5,7.51666
2016-09-22,Diésel,16.85,7.51666
2016-09-22,GLP,95.0,7.51666
2016-09-22,Regular,20.54,7.51666
2016-09-22,Superior,22.04,7.51666
2016-09-23,Búnker,9.5,7.51792
2016-09-23,Diésel,16.85,7.51792
2016-09-23,GLP,95.0,7.51792
2016-09-23,Regular,20.54,7.51792
2016-09-23,Superior,22.04,7.51792
2016-09-26,Búnker,9.43,7.51718
2016-09-26,Diésel,16.33,7.51718
2016-09-26,GLP,95.0,7.51718
2016-09-26,Regular,20.03,7.51718
2016-09-26,Superior,21.53,7.51718
2016-09-27,Búnker,9.43,7.51758
2016-09-27,Diésel,16.33,7.51758
2016-09-27,GLP,95.0,7.51758
2016-09-27,Regular,20.03,7.51758
2016-09-27,Superior,21.53,7.51758
2016-09-28,Búnker,9.43,7.52305
2016-09-28,Diésel,16.33,7.52305
2016-09-28,GLP,95.0,7.52305
2016-09-28,Regular,20.03,7.52305
2016-09-28,Superior,21.53,7.52305
2016-09-29,Búnker,9.43,7.52081
2016-09-29,Diésel,16.33,7.52081
2016-09-29,GLP,95.0,7.52081
2016-09-29,Regular,20.03,7.52081
2016-09-29,Superior,21.53,7.52081
2016-09-30,Búnker,9.43,7.52067
2016-09-30,Diésel,16.33,7.52067
2016-09-30,GLP,91.66666666666667,7.52067
2016-09-30,Regular,20.03,7.52067
2016-09-30,Superior,21.53,7.52067
2016-10-03,Búnker,9.38,7.51952
2016-10-03,Diésel,17.03,7.51952
2016-10-03,GLP,91.66666666666667,7.51952
2016-10-03,Regular,20.52,7.51952
2016-10-03,Superior,22.01,7.51952
2016-10-04,Búnker,9.38,7.51245
2016-10-04,Diésel,17.03,7.51245
2016-10-04,GLP,91.66666666666667,7.51245
2016-10-04,Regular,20.52,7.51245
2016-10-04,Superior,22.01,7.51245
2016-10-05,Búnker,9.38,7.51114
2016-10-05,Diésel,17.03,7.51114
2016-10-05,GLP,91.66666666666667,7.51114
2016-10-05,Regular,20.52,7.51114
2016-10-05,Superior,22.01,7.51114
2016-10-06,Búnker,9.38,7.50508
2016-10-06,Diésel,17.03,7.50508
2016-10-06,GLP,91.66666666666667,7.50508
2016-10-06,Regular,20.52,7.50508
2016-10-06,Superior,22.01,7.50508
2016-10-07,Búnker,9.38,7.4952
2016-10-07,Diésel,17.03,7.4952
2016-10-07,GLP,91.66666666666667,7.4952
2016-10-07,Regular,20.52,7.4952
2016-10-07,Superior,22.01,7.4952
2016-10-10,Búnker,9.83,7.48385
2016-10-10,Diésel,17.98,7.48385
2016-10-10,GLP,91.66666666666667,7.48385
2016-10-10,Regular,21.5,7.48385
2016-10-10,Superior,22.99,7.48385
2016-10-11,Búnker,9.83,7.47492
2016-10-11,Diésel,17.98,7.47492
2016-10-11,GLP,91.66666666666667,7.47492
2016-10-11,Regular,21.5,7.47492
2016-10-11,Superior,22.99,7.47492
2016-10-12,Búnker,9.83,7.47492
2016-10-12,Diésel,17.98,7.47492
2016-10-12,GLP,91.66666666666667,7.47492
2016-10-12,Regular,21.5,7.47492
2016-10-12,Superior,22.99,7.47492
2016-10-13,Búnker,9.83,7.46923
2016-10-13,Diésel,17.98,7.46923
2016-10-13,GLP,91.66666666666667,7.46923
2016-10-13,Regular,21.5,7.46923
2016-10-13,Superior,22.99,7.46923
2016-10-14,Búnker,9.83,7.47152
2016-10-14,Diésel,17.98,7.47152
2016-10-14,GLP,91.66666666666667,7.47152
2016-10-14,Regular,21.5,7.47152
2016-10-14,Superior,22.99,7.47152
2016-10-17,Búnker,10.0,7.47912
2016-10-17,Diésel,17.71,7.47912
2016-10-17,GLP,91.66666666666667,7.47912
2016-10-17,Regular,21.06,7.47912
2016-10-17,Superior,22.55,7.47912
2016-10-18,Búnker,10.0,7.47579
2016-10-18,Diésel,17.71,7.47579
2016-10-18,GLP,91.66666666666667,7.47579
2016-10-18,Regular,21.06,7.47579
2016-10-18,Superior,22.55,7.47579
2016-10-19,Búnker,10.0,7.48938
2016-10-19,Diésel,17.71,7.48938
2016-10-19,GLP,91.66666666666667,7.48938
2016-10-19,Regular,21.06,7.48938
2016-10-19,Superior,22.55,7.48938
2016-10-20,Búnker,10.0,7.48938
2016-10-20,Diésel,17.71,7.48938
2016-10-20,GLP,91.66666666666667,7.48938
2016-10-20,Regular,21.06,7.48938
2016-10-20,Superior,22.55,7.48938
2016-10-21,Búnker,10.0,7.49132
2016-10-21,Diésel,17.71,7.49132
2016-10-21,GLP,91.66666666666667,7.49132
2016-10-21,Regular,21.06,7.49132
2016-10-21,Superior,22.55,7.49132
2016-10-24,Búnker,10.25,7.4996
2016-10-24,Diésel,17.32,7.4996
2016-10-24,GLP,91.66666666666667,7.4996
2016-10-24,Regular,20.83,7.4996
2016-10-24,Superior,22.33,7.4996
2016-10-25,Búnker,10.25,7.50335
2016-10-25,Diésel,17.79,7.50335
2016-10-25,GLP,91.66666666666667,7.50335
2016-10-25,Regular,21.29,7.50335
2016-10-25,Superior,22.79,7.50335
2016-10-26,Búnker,10.25,7.52313
2016-10-26,Diésel,17.79,7.52313
2016-10-26,GLP,91.66666666666667,7.52313
2016-10-26,Regular,21.29,7.52313
2016-10-26,Superior,22.79,7.52313
2016-10-27,Búnker,10.25,7.5309
2016-10-27,Diésel,17.79,7.5309
2016-10-27,GLP,91.66666666666667,7.5309
2016-10-27,Regular,21.29,7.5309
2016-10-27,Superior,22.79,7.5309
2016-10-28,Búnker,10.25,7.52554
2016-10-28,Diésel,17.79,7.52554
2016-10-28,GLP,91.66666666666667,7.52554
2016-10-28,Regular,21.29,7.52554
2016-10-28,Superior,22.79,7.52554
2016-10-31,Búnker,10.2,7.5156
2016-10-31,Diésel,17.81,7.5156
2016-10-31,GLP,91.66666666666667,7.5156
2016-10-31,Regular,21.36,7.5156
2016-10-31,Superior,22.83,7.5156
2016-11-01,Búnker,10.2,7.52067
2016-11-01,Diésel,17.81,7.52067
2016-11-01,GLP,91.66666666666667,7.52067
2016-11-01,Regular,21.36,7.52067
2016-11-01,Superior,22.83,7.52067
2016-11-02,Búnker,10.2,7.50669
2016-11-02,Diésel,17.81,7.50669
2016-11-02,GLP,91.66666666666667,7.50669
2016-11-02,Regular,21.36,7.50669
2016-11-02,Superior,22.83,7.50669
2016-11-03,Búnker,10.2,7.49747
2016-11-03,Diésel,17.81,7.49747
2016-11-03,GLP,91.66666666666667,7.49747
2016-11-03,Regular,21.36,7.49747
2016-11-03,Superior,22.83,7.49747
2016-11-04,Búnker,10.2,7.5054
2016-11-04,Diésel,17.81,7.5054
2016-11-04,GLP,91.66666666666667,7.5054
2016-11-04,Regular,21.36,7.5054
2016-11-04,Superior,22.83,7.5054
2016-11-07,Búnker,10.18,7.51299
2016-11-07,Diésel,17.82,7.51299
2016-11-07,GLP,91.66666666666667,7.51299
2016-11-07,Regular,21.36,7.51299
2016-11-07,Superior,22.83,7.51299
2016-11-08,Búnker,10.18,7.51097
2016-11-08,Diésel,17.82,7.51097
2016-11-08,GLP,91.66666666666667,7.51097
2016-11-08,Regular,21.36,7.51097
2016-11-08,Superior,22.83,7.51097
2016-11-09,Búnker,10.18,7.50379
2016-11-09,Diésel,17.82,7.50379
2016-11-09,GLP,91.66666666666667,7.50379
2016-11-09,Regular,21.36,7.50379
2016-11-09,Superior,22.83,7.50379
2016-11-10,Búnker,10.18,7.50211
2016-11-10,Diésel,17.82,7.50211
2016-11-10,GLP,91.66666666666667,7.50211
2016-11-10,Regular,21.36,7.50211
2016-11-10,Superior,22.83,7.50211
2016-11-11,Búnker,10.18,7.49656
2016-11-11,Diésel,17.82,7.49656
2016-11-11,GLP,91.66666666666667,7.49656
2016-11-11,Regular,21.36,7.49656
2016-11-11,Superior,22.83,7.49656
2016-11-14,Búnker,10.18,7.49578
2016-11-14,Diésel,17.08,7.49578
2016-11-14,GLP,91.66666666666667,7.49578
2016-11-14,Regular,20.59,7.49578
2016-11-14,Superior,22.1,7.49578
2016-11-15,Búnker,10.18,7.48971
2016-11-15,Diésel,17.08,7.48971
2016-11-15,GLP,91.66666666666667,7.48971
2016-11-15,Regular,20.59,7.48971
2016-11-15,Superior,22.1,7.48971
2016-11-16,Búnker,10.18,7.49026
2016-11-16,Diésel,17.08,7.49026
2016-11-16,GLP,91.66666666666667,7.49026
2016-11-16,Regular,20.59,7.49026
2016-11-16,Superior,22.1,7.49026
2016-11-17,Búnker,10.18,7.49217
2016-11-17,Diésel,17.08,7.49217
2016-11-17,GLP,91.66666666666667,7.49217
2016-11-17,Regular,20.59,7.49217
2016-11-17,Superior,22.1,7.49217
2016-11-18,Búnker,10.18,7.49776
2016-11-18,Diésel,17.08,7.49776
2016-11-18,GLP,91.66666666666667,7.49776
2016-11-18,Regular,20.59,7.49776
2016-11-18,Superior,22.1,7.49776
2016-11-21,Búnker,10.23,7.50531
2016-11-21,Diésel,16.67,7.50531
2016-11-21,GLP,91.66666666666667,7.50531
2016-11-21,Regular,19.52,7.50531
2016-11-21,Superior,21.01,7.50531
2016-11-22,Búnker,10.23,7.50789
2016-11-22,Diésel,16.67,7.50789
2016-11-22,GLP,91.66666666666667,7.50789
2016-11-22,Regular,19.52,7.50789
2016-11-22,Superior,21.01,7.50789
2016-11-23,Búnker,10.23,7.50703
2016-11-23,Diésel,16.67,7.50703
2016-11-23,GLP,91.66666666666667,7.50703
2016-11-23,Regular,19.52,7.50703
2016-11-23,Superior,21.01,7.50703
2016-11-28,Búnker,10.29,7.50589
2016-11-28,Diésel,17.13,7.50589
2016-11-28,GLP,91.66666666666667,7.50589
2016-11-28,Regular,19.94,7.50589
2016-11-28,Superior,21.44,7.50589
2016-11-29,Búnker,10.29,7.51297
2016-11-29,Diésel,17.13,7.51297
2016-11-29,GLP,91.66666666666667,7.51297
2016-11-29,Regular,19.94,7.51297
2016-11-29,Superior,21.44,7.51297
2016-11-30,Búnker,10.29,7.51202
2016-11-30,Diésel,17.13,7.51202
2016-11-30,GLP,95.0,7.51202
2016-11-30,Regular,19.94,7.51202
2016-11-30,Superior,21.44,7.51202
2016-12-01,Búnker,10.29,7.51636
2016-12-01,Diésel,17.13,7.51636
2016-12-01,GLP,95.0,7.51636
2016-12-01,Regular,19.94,7.51636
2016-12-01,Superior,21.44,7.51636
2016-12-02,Búnker,10.29,7.52882
2016-12-02,Diésel,17.13,7.52882
2016-12-02,GLP,95.0,7.52882
2016-12-02,Regular,19.94,7.52882
2016-12-02,Superior,21.44,7.52882
2016-12-05,Búnker,10.55,7.55397
2016-12-05,Diésel,17.53,7.55397
2016-12-05,GLP,95.0,7.55397
2016-12-05,Regular,20.57,7.55397
2016-12-05,Superior,22.04,7.55397
2016-12-06,Búnker,10.55,7.53397
2016-12-06,Diésel,17.53,7.53397
2016-12-06,GLP,95.0,7.53397
2016-12-06,Regular,20.57,7.53397
2016-12-06,Superior,22.04,7.53397
2016-12-07,Búnker,10.55,7.52755
2016-12-07,Diésel,17.53,7.52755
2016-12-07,GLP,95.0,7.52755
2016-12-07,Regular,20.57,7.52755
2016-12-07,Superior,22.04,7.52755
2016-12-08,Búnker,10.55,7.51599
2016-12-08,Diésel,17.53,7.51599
2016-12-08,GLP,95.0,7.51599
2016-12-08,Regular,20.57,7.51599
2016-12-08,Superior,22.04,7.51599
2016-12-09,Búnker,10.55,7.50953
2016-12-09,Diésel,17.53,7.50953
2016-12-09,GLP,95.0,7.50953
2016-12-09,Regular,20.57,7.50953
2016-12-09,Superior,22.04,7.50953
2016-12-12,Búnker,10.78,7.50242
2016-12-12,Diésel,18.07,7.50242
2016-12-12,GLP,95.0,7.50242
2016-12-12,Regular,21.04,7.50242
2016-12-12,Superior,22.53,7.50242
2016-12-13,Búnker,10.78,7.50252
2016-12-13,Diésel,18.07,7.50252
2016-12-13,GLP,95.0,7.50252
2016-12-13,Regular,21.04,7.50252
2016-12-13,Superior,22.53,7.50252
2016-12-14,Búnker,10.78,7.5011
2016-12-14,Diésel,18.07,7.5011
2016-12-14,GLP,95.0,7.5011
2016-12-14,Regular,21.04,7.5011
2016-12-14,Superior,22.53,7.5011
2016-12-15,Búnker,10.78,7.49512
2016-12-15,Diésel,18.07,7.49512
2016-12-15,GLP,95.0,7.49512
2016-12-15,Regular,21.04,7.49512
2016-12-15,Superior,22.53,7.49512
2016-12-16,Búnker,10.78,7.49194
2016-12-16,Diésel,18.07,7.49194
2016-12-16,GLP,95.0,7.49194
2016-12-16,Regular,21.04,7.49194
2016-12-16,Superior,22.53,7.49194
2016-12-19,Búnker,11.11,7.48553
2016-12-19,Diésel,18.37,7.48553
2016-12-19,GLP,95.0,7.48553
2016-12-19,Regular,21.55,7.48553
2016-12-19,Superior,23.05,7.48553
2016-12-20,Búnker,11.11,7.47034
2016-12-20,Diésel,18.37,7.47034
2016-12-20,GLP,95.0,7.47034
2016-12-20,Regular,21.55,7.47034
2016-12-20,Superior,23.05,7.47034
2016-12-21,Búnker,11.11,7.47063
2016-12-21,Diésel,18.37,7.47063
2016-12-21,GLP,95.0,7.47063
2016-12-21,Regular,21.55,7.47063
2016-12-21,Superior,23.05,7.47063
2016-12-22,Búnker,11.11,7.47909
2016-12-22,Diésel,18.37,7.47909
2016-12-22,GLP,95.0,7.47909
2016-12-22,Regular,21.55,7.47909
2016-12-22,Superior,23.05,7.47909
2016-12-23,Búnker,11.11,7.48714
2016-12-23,Diésel,18.37,7.48714
2016-12-23,GLP,95.0,7.48714
2016-12-23,Regular,21.55,7.48714
2016-12-23,Superior,23.05,7.48714
2016-12-27,Búnker,11.11,7.49119
2016-12-27,Diésel,18.63,7.49119
2016-12-27,GLP,95.0,7.49119
2016-12-27,Regular,22.04,7.49119
2016-12-27,Superior,23.56,7.49119
2016-12-28,Búnker,11.11,7.49998
2016-12-28,Diésel,18.63,7.49998
2016-12-28,GLP,95.0,7.49998
2016-12-28,Regular,22.04,7.49998
2016-12-28,Superior,23.56,7.49998
2016-12-29,Búnker,11.11,7.52213
2016-12-29,Diésel,18.63,7.52213
2016-12-29,GLP,95.0,7.52213
2016-12-29,Regular,22.04,7.52213
2016-12-29,Superior,23.56,7.52213
2016-12-30,Búnker,11.11,7.52213
2016-12-30,Diésel,18.63,7.52213
2016-12-30,GLP,101.66666666666666,7.52213
2016-12-30,Regular,22.04,7.52213
2016-12-30,Superior,23.56,7.52213
2017-01-03,Búnker,10.75,7.54656
2017-01-03,Diésel,18.91,7.54656
2017-01-03,GLP,101.66666666666666,7.54656
2017-01-03,Regular,22.78,7.54656
2017-01-03,Superior,24.3,7.54656
2017-01-04,Búnker,10.75,7.56079
2017-01-04,Diésel,18.91,7.56079
2017-01-04,GLP,101.66666666666666,7.56079
2017-01-04,Regular,22.78,7.56079
2017-01-04,Superior,24.3,7.56079
2017-01-05,Búnker,10.75,7.55235
2017-01-05,Diésel,18.91,7.55235
2017-01-05,GLP,101.66666666666666,7.55235
2017-01-05,Regular,22.78,7.55235
2017-01-05,Superior,24.3,7.55235
2017-01-06,Búnker,10.75,7.54267
2017-01-06,Diésel,18.91,7.54267
2017-01-06,GLP,105.0,7.54267
2017-01-06,Regular,22.78,7.54267
2017-01-06,Superior,24.3,7.54267
2017-01-09,Búnker,11.52,7.53382
2017-01-09,Diésel,18.87,7.53382
2017-01-09,GLP,105.0,7.53382
2017-01-09,Regular,22.74,7.53382
2017-01-09,Superior,24.25,7.53382
2017-01-10,Búnker,11.52,7.52624
2017-01-10,Diésel,18.87,7.52624
2017-01-10,GLP,105.0,7.52624
2017-01-10,Regular,22.74,7.52624
2017-01-10,Superior,24.25,7.52624
2017-01-11,Búnker,11.52,7.53272
2017-01-11,Diésel,18.87,7.53272
2017-01-11,GLP,105.0,7.53272
2017-01-11,Regular,22.74,7.53272
2017-01-11,Superior,24.25,7.53272
2017-01-12,Búnker,11.52,7.53074
2017-01-12,Diésel,18.87,7.53074
2017-01-12,GLP,105.0,7.53074
2017-01-12,Regular,22.74,7.53074
2017-01-12,Superior,24.25,7.53074
2017-01-13,Búnker,11.52,7.53428
2017-01-13,Diésel,18.87,7.53428
2017-01-13,GLP,105.0,7.53428
2017-01-13,Regular,22.74,7.53428
2017-01-13,Superior,24.25,7.53428
2017-01-16,Búnker,11.55,7.54601
2017-01-16,Diésel,18.06,7.54601
2017-01-16,GLP,105.0,7.54601
2017-01-16,Regular,22.27,7.54601
2017-01-16,Superior,23.76,7.54601
2017-01-17,Búnker,11.55,7.54821
2017-01-17,Diésel,18.06,7.54821
2017-01-17,GLP,105.0,7.54821
2017-01-17,Regular,22.27,7.54821
2017-01-17,Superior,23.76,7.54821
2017-01-18,Búnker,11.55,7.54003
2017-01-18,Diésel,18.06,7.54003
2017-01-18,GLP,105.0,7.54003
2017-01-18,Regular,22.27,7.54003
2017-01-18,Superior,23.76,7.54003
2017-01-19,Búnker,11.55,7.5333
2017-01-19,Diésel,18.06,7.5333
2017-01-19,GLP,105.0,7.5333
2017-01-19,Regular,22.27,7.5333
2017-01-19,Superior,23.76,7.5333
2017-01-20,Búnker,11.55,7.52503
2017-01-20,Diésel,18.06,7.52503
2017-01-20,GLP,105.0,7.52503
2017-01-20,Regular,22.27,7.52503
2017-01-20,Superior,23.76,7.52503
2017-01-23,Búnker,11.54,7.51842
2017-01-23,Diésel,18.06,7.51842
2017-01-23,GLP,105.0,7.51842
2017-01-23,Regular,22.27,7.51842
2017-01-23,Superior,23.76,7.51842
2017-01-24,Búnker,11.54,7.50753
2017-01-24,Diésel,18.06,7.50753
2017-01-24,GLP,105.0,7.50753
2017-01-24,Regular,22.27,7.50753
2017-01-24,Superior,23.76,7.50753
2017-01-25,Búnker,11.54,7.49756
2017-01-25,Diésel,18.06,7.49756
2017-01-25,GLP,105.0,7.49756
2017-01-25,Regular,22.27,7.49756
2017-01-25,Superior,23.76,7.49756
2017-01-26,Búnker,11.54,7.48319
2017-01-26,Diésel,18.06,7.48319
2017-01-26,GLP,105.0,7.48319
2017-01-26,Regular,22.27,7.48319
2017-01-26,Superior,23.76,7.48319
2017-01-27,Búnker,11.54,7.4765
2017-01-27,Diésel,17.84,7.4765
2017-01-27,GLP,105.0,7.4765
2017-01-27,Regular,21.74,7.4765
2017-01-27,Superior,23.24,7.4765
2017-01-30,Búnker,11.53,7.47461
2017-01-30,Diésel,17.84,7.47461
2017-01-30,GLP,105.0,7.47461
2017-01-30,Regular,21.74,7.47461
2017-01-30,Superior,23.24,7.47461
2017-01-31,Búnker,11.53,7.47444
2017-01-31,Diésel,17.84,7.47444
2017-01-31,GLP,105.0,7.47444
2017-01-31,Regular,21.74,7.47444
2017-01-31,Superior,23.24,7.47444
2017-02-01,Búnker,11.53,7.4717
2017-02-01,Diésel,17.84,7.4717
2017-02-01,GLP,105.0,7.4717
2017-02-01,Regular,21.74,7.4717
2017-02-01,Superior,23.24,7.4717
2017-02-02,Búnker,11.53,7.46089
2017-02-02,Diésel,17.84,7.46089
2017-02-02,GLP,105.0,7.46089
2017-02-02,Regular,21.74,7.46089
2017-02-02,Superior,23.24,7.46089
2017-02-03,Búnker,11.53,7.46017
2017-02-03,Diésel,17.84,7.46017
2017-02-03,GLP,105.0,7.46017
2017-02-03,Regular,21.74,7.46017
2017-02-03,Superior,23.24,7.46017
2017-02-06,Búnker,11.53,7.44707
2017-02-06,Diésel,17.95,7.44707
2017-02-06,GLP,105.0,7.44707
2017-02-06,Regular,21.55,7.44707
2017-02-06,Superior,23.08,7.44707
2017-02-07,Búnker,11.53,7.43918
2017-02-07,Diésel,17.95,7.43918
2017-02-07,GLP,105.0,7.43918
2017-02-07,Regular,21.55,7.43918
2017-02-07,Superior,23.08,7.43918
2017-02-08,Búnker,11.53,7.43764
2017-02-08,Diésel,17.95,7.43764
2017-02-08,GLP,105.0,7.43764
2017-02-08,Regular,21.55,7.43764
2017-02-08,Superior,23.08,7.43764
2017-02-09,Búnker,11.53,7.43727
2017-02-09,Diésel,17.95,7.43727
2017-02-09,GLP,105.0,7.43727
2017-02-09,Regular,21.55,7.43727
2017-02-09,Superior,23.08,7.43727
2017-02-10,Búnker,11.53,7.43595
2017-02-10,Diésel,17.95,7.43595
2017-02-10,GLP,105.0,7.43595
2017-02-10,Regular,21.55,7.43595
2017-02-10,Superior,23.08,7.43595
2017-02-13,Búnker,11.53,7.42943
2017-02-13,Diésel,17.59,7.42943
2017-02-13,GLP,105.0,7.42943
2017-02-13,Regular,21.55,7.42943
2017-02-13,Superior,23.08,7.42943
2017-02-14,Búnker,11.53,7.42132
2017-02-14,Diésel,17.59,7.42132
2017-02-14,GLP,105.0,7.42132
2017-02-14,Regular,21.55,7.42132
2017-02-14,Superior,23.08,7.42132
2017-02-15,Búnker,11.53,7.41644
2017-02-15,Diésel,17.59,7.41644
2017-02-15,GLP,105.0,7.41644
2017-02-15,Regular,21.55,7.41644
2017-02-15,Superior,23.08,7.41644
2017-02-16,Búnker,11.53,7.4084
2017-02-16,Diésel,17.59,7.4084
2017-02-16,GLP,105.0,7.4084
2017-02-16,Regular,21.55,7.4084
2017-02-16,Superior,23.08,7.4084
2017-02-17,Búnker,11.53,7.39213
2017-02-17,Diésel,17.59,7.39213
2017-02-17,GLP,105.0,7.39213
2017-02-17,Regular,21.55,7.39213
2017-02-17,Superior,23.08,7.39213
2017-02-20,Búnker,11.53,7.38112
2017-02-20,Diésel,18.01,7.38112
2017-02-20,GLP,105.0,7.38112
2017-02-20,Regular,21.52,7.38112
2017-02-20,Superior,23.01,7.38112
2017-02-21,Búnker,11.53,7.37878
2017-02-21,Diésel,18.01,7.37878
2017-02-21,GLP,105.0,7.37878
2017-02-21,Regular,21.52,7.37878
2017-02-21,Superior,23.01,7.37878
2017-02-22,Búnker,11.53,7.3653
2017-02-22,Diésel,18.01,7.3653
2017-02-22,GLP,105.0,7.3653
2017-02-22,Regular,21.52,7.3653
2017-02-22,Superior,23.01,7.3653
2017-02-23,Búnker,11.53,7.3653
2017-02-23,Diésel,18.01,7.3653
2017-02-23,GLP,105.0,7.3653
2017-02-23,Regular,21.52,7.3653
2017-02-23,Superior,23.01,7.3653
2017-02-24,Búnker,11.53,7.35214
2017-02-24,Diésel,18.01,7.35214
2017-02-24,GLP,105.0,7.35214
2017-02-24,Regular,21.52,7.35214
2017-02-24,Superior,23.01,7.35214
2017-02-27,Búnker,11.51,7.35441
2017-02-27,Diésel,18.01,7.35441
2017-02-27,GLP,105.0,7.35441
2017-02-27,Regular,21.52,7.35441
2017-02-27,Superior,23.01,7.35441
2017-02-28,Búnker,11.51,7.36852
2017-02-28,Diésel,18.01,7.36852
2017-02-28,GLP,105.0,7.36852
2017-02-28,Regular,21.52,7.36852
2017-02-28,Superior,23.01,7.36852
2017-03-01,Búnker,11.51,7.37503
2017-03-01,Diésel,18.01,7.37503
2017-03-01,GLP,105.0,7.37503
2017-03-01,Regular,21.52,7.37503
2017-03-01,Superior,23.01,7.37503
2017-03-02,Búnker,11.51,7.37393
2017-03-02,Diésel,18.01,7.37393
2017-03-02,GLP,105.0,7.37393
2017-03-02,Regular,21.52,7.37393
2017-03-02,Superior,23.01,7.37393
2017-03-03,Búnker,11.51,7.37393
2017-03-03,Diésel,18.01,7.37393
2017-03-03,GLP,105.0,7.37393
2017-03-03,Regular,21.52,7.37393
2017-03-03,Superior,23.01,7.37393
2017-03-06,Búnker,11.55,7.3739
2017-03-06,Diésel,18.01,7.3739
2017-03-06,GLP,105.0,7.3739
2017-03-06,Regular,21.52,7.3739
2017-03-06,Superior,23.01,7.3739
2017-03-07,Búnker,11.55,7.37579
2017-03-07,Diésel,18.01,7.37579
2017-03-07,GLP,105.0,7.37579
2017-03-07,Regular,21.52,7.37579
2017-03-07,Superior,23.01,7.37579
2017-03-08,Búnker,11.55,7.37684
2017-03-08,Diésel,18.01,7.37684
2017-03-08,GLP,105.0,7.37684
2017-03-08,Regular,21.52,7.37684
2017-03-08,Superior,23.01,7.37684
2017-03-09,Búnker,11.55,7.37335
2017-03-09,Diésel,18.01,7.37335
2017-03-09,GLP,105.0,7.37335
2017-03-09,Regular,21.52,7.37335
2017-03-09,Superior,23.01,7.37335
2017-03-10,Búnker,11.55,7.37636
2017-03-10,Diésel,18.01,7.37636
2017-03-10,GLP,105.0,7.37636
2017-03-10,Regular,21.52,7.37636
2017-03-10,Superior,23.01,7.37636
2017-03-13,Búnker,11.44,7.36932
2017-03-13,Diésel,17.81,7.36932
2017-03-13,GLP,105.0,7.36932
2017-03-13,Regular,21.24,7.36932
2017-03-13,Superior,22.71,7.36932
2017-03-14,Búnker,11.44,7.37057
2017-03-14,Diésel,17.81,7.37057
2017-03-14,GLP,105.0,7.37057
2017-03-14,Regular,21.24,7.37057
2017-03-14,Superior,22.71,7.37057
2017-03-15,Búnker,11.44,7.37397
2017-03-15,Diésel,17.81,7.37397
2017-03-15,GLP,105.0,7.37397
2017-03-15,Regular,21.24,7.37397
2017-03-15,Superior,22.71,7.37397
2017-03-16,Búnker,11.44,7.37024
2017-03-16,Diésel,17.81,7.37024
2017-03-16,GLP,105.0,7.37024
2017-03-16,Regular,21.24,7.37024
2017-03-16,Superior,22.71,7.37024
2017-03-17,Búnker,11.44,7.36039
2017-03-17,Diésel,17.81,7.36039
2017-03-17,GLP,105.0,7.36039
2017-03-17,Regular,21.24,7.36039
2017-03-17,Superior,22.71,7.36039
2017-03-20,Búnker,11.35,7.34393
2017-03-20,Diésel,17.81,7.34393
2017-03-20,GLP,105.0,7.34393
2017-03-20,Regular,21.05,7.34393
2017-03-20,Superior,22.52,7.34393
2017-03-21,Búnker,11.35,7.33606
2017-03-21,Diésel,17.61,7.33606
2017-03-21,GLP,105.0,7.33606
2017-03-21,Regular,21.05,7.33606
2017-03-21,Superior,22.52,7.33606
2017-03-22,Búnker,11.35,7.33535
2017-03-22,Diésel,17.61,7.33535
2017-03-22,GLP,105.0,7.33535
2017-03-22,Regular,21.05,7.33535
2017-03-22,Superior,22.52,7.33535
2017-03-23,Búnker,11.35,7.34
2017-03-23,Diésel,17.61,7.34
2017-03-23,GLP,105.0,7.34
2017-03-23,Regular,21.05,7.34
2017-03-23,Superior,22.52,7.34
2017-03-24,Búnker,11.35,7.34394
2017-03-24,Diésel,17.61,7.34394
2017-03-24,GLP,105.0,7.34394
2017-03-24,Regular,21.05,7.34394
2017-03-24,Superior,22.52,7.34394
2017-03-28,Búnker,11.23,7.33534
2017-03-28,Diésel,16.95,7.33534
2017-03-28,GLP,105.0,7.33534
2017-03-28,Regular,20.56,7.33534
2017-03-28,Superior,22.05,7.33534
2017-03-29,Búnker,11.23,7.3348
2017-03-29,Diésel,16.95,7.3348
2017-03-29,GLP,105.0,7.3348
2017-03-29,Regular,20.56,7.3348
2017-03-29,Superior,22.05,7.3348
2017-03-30,Búnker,11.23,7.33666
2017-03-30,Diésel,16.95,7.33666
2017-03-30,GLP,105.0,7.33666
2017-03-30,Regular,20.56,7.33666
2017-03-30,Superior,22.05,7.33666
2017-03-31,Búnker,11.23,7.33976
2017-03-31,Diésel,16.95,7.33976
2017-03-31,GLP,105.0,7.33976
2017-03-31,Regular,20.56,7.33976
2017-03-31,Superior,22.05,7.33976
2017-04-03,Búnker,11.19,7.33747
2017-04-03,Diésel,17.03,7.33747
2017-04-03,GLP,105.0,7.33747
2017-04-03,Regular,21.22,7.33747
2017-04-03,Superior,22.7,7.33747
2017-04-04,Búnker,11.19,7.33918
2017-04-04,Diésel,17.03,7.33918
2017-04-04,GLP,105.0,7.33918
2017-04-04,Regular,21.22,7.33918
2017-04-04,Superior,22.7,7.33918
2017-04-05,Búnker,11.19,7.33871
2017-04-05,Diésel,17.03,7.33871
2017-04-05,GLP,105.0,7.33871
2017-04-05,Regular,21.22,7.33871
2017-04-05,Superior,22.7,7.33871
2017-04-06,Búnker,11.19,7.33955
2017-04-06,Diésel,17.03,7.33955
2017-04-06,GLP,105.0,7.33955
2017-04-06,Regular,21.22,7.33955
2017-04-06,Superior,22.7,7.33955
2017-04-07,Búnker,11.19,7.33803
2017-04-07,Diésel,17.03,7.33803
2017-04-07,GLP,105.0,7.33803
2017-04-07,Regular,21.22,7.33803
2017-04-07,Superior,22.7,7.33803
2017-04-10,Búnker,11.23,7.33827
2017-04-10,Diésel,17.73,7.33827
2017-04-10,GLP,105.0,7.33827
2017-04-10,Regular,22.04,7.33827
2017-04-10,Superior,23.71,7.33827
2017-04-11,Búnker,11.23,7.33618
2017-04-11,Diésel,17.73,7.33618
2017-04-11,GLP,105.0,7.33618
2017-04-11,Regular,22.04,7.33618
2017-04-11,Superior,23.71,7.33618
2017-04-12,Búnker,11.23,7.33862
2017-04-12,Diésel,17.73,7.33862
2017-04-12,GLP,105.0,7.33862
2017-04-12,Regular,22.04,7.33862
2017-04-12,Superior,23.71,7.33862
2017-04-13,Búnker,11.23,7.33862
2017-04-13,Diésel,17.73,7.33862
2017-04-13,GLP,105.0,7.33862
2017-04-13,Regular,22.04,7.33862
2017-04-13,Superior,23.71,7.33862
2017-04-17,Búnker,11.38,7.33426
2017-04-17,Diésel,17.69,7.33426
2017-04-17,GLP,105.0,7.33426
2017-04-17,Regular,22.01,7.33426
2017-04-17,Superior,23.5,7.33426
2017-04-18,Búnker,11.38,7.33466
2017-04-18,Diésel,17.69,7.33466
2017-04-18,GLP,105.0,7.33466
2017-04-18,Regular,22.01,7.33466
2017-04-18,Superior,23.5,7.33466
2017-04-19,Búnker,11.38,7.33283
2017-04-19,Diésel,17.69,7.33283
2017-04-19,GLP,105.0,7.33283
2017-04-19,Regular,22.01,7.33283
2017-04-19,Superior,23.5,7.33283
2017-04-20,Búnker,11.38,7.33033
2017-04-20,Diésel,17.69,7.33033
2017-04-20,GLP,105.0,7.33033
2017-04-20,Regular,22.01,7.33033
2017-04-20,Superior,23.5,7.33033
2017-04-21,Búnker,11.38,7.33366
2017-04-21,Diésel,17.69,7.33366
2017-04-21,GLP,105.0,7.33366
2017-04-21,Regular,22.01,7.33366
2017-04-21,Superior,23.5,7.33366
2017-04-24,Búnker,11.28,7.33548
2017-04-24,Diésel,17.93,7.33548
2017-04-24,GLP,105.0,7.33548
2017-04-24,Regular,22.2,7.33548
2017-04-24,Superior,23.69,7.33548
2017-04-25,Búnker,11.28,7.3394
2017-04-25,Diésel,17.93,7.3394
2017-04-25,GLP,105.0,7.3394
2017-04-25,Regular,22.2,7.3394
2017-04-25,Superior,23.69,7.3394
2017-04-26,Búnker,11.28,7.34179
2017-04-26,Diésel,17.93,7.34179
2017-04-26,GLP,105.0,7.34179
2017-04-26,Regular,22.2,7.34179
2017-04-26,Superior,23.69,7.34179
2017-04-27,Búnker,11.28,7.34177
2017-04-27,Diésel,17.93,7.34177
2017-04-27,GLP,105.0,7.34177
2017-04-27,Regular,22.2,7.34177
2017-04-27,Superior,23.69,7.34177
2017-04-28,Búnker,11.28,7.33885
2017-04-28,Diésel,17.93,7.33885
2017-04-28,GLP,105.0,7.33885
2017-04-28,Regular,22.2,7.33885
2017-04-28,Superior,23.69,7.33885
2017-05-01,Búnker,11.28,7.33885
2017-05-01,Diésel,17.93,7.33885
2017-05-01,GLP,105.0,7.33885
2017-05-01,Regular,22.2,7.33885
2017-05-01,Superior,23.69,7.33885
2017-05-02,Búnker,11.08,7.339
2017-05-02,Diésel,17.25,7.339
2017-05-02,GLP,105.0,7.339
2017-05-02,Regular,21.56,7.339
2017-05-02,Superior,23.03,7.339
2017-05-03,Búnker,11.08,7.34071
2017-05-03,Diésel,17.25,7.34071
2017-05-03,GLP,105.0,7.34071
2017-05-03,Regular,21.56,7.34071
2017-05-03,Superior,23.03,7.34071
2017-05-04,Búnker,11.08,7.34121
2017-05-04,Diésel,16.6,7.34121
2017-05-04,GLP,105.0,7.34121
2017-05-04,Regular,20.9,7.34121
2017-05-04,Superior,22.41,7.34121
2017-05-05,Búnker,11.08,7.3387
2017-05-05,Diésel,16.6,7.3387
2017-05-05,GLP,105.0,7.3387
2017-05-05,Regular,20.9,7.3387
2017-05-05,Superior,22.41,7.3387
2017-05-08,Búnker,10.97,7.33502
2017-05-08,Diésel,16.6,7.33502
2017-05-08,GLP,105.0,7.33502
2017-05-08,Regular,20.9,7.33502
2017-05-08,Superior,22.41,7.33502
2017-05-09,Búnker,10.97,7.336
2017-05-09,Diésel,16.6,7.336
2017-05-09,GLP,105.0,7.336
2017-05-09,Regular,20.9,7.336
2017-05-09,Superior,22.41,7.336
2017-05-10,Búnker,10.97,7.3377
2017-05-10,Diésel,16.6,7.3377
2017-05-10,GLP,105.0,7.3377
2017-05-10,Regular,20.9,7.3377
2017-05-10,Superior,22.41,7.3377
2017-05-11,Búnker,10.97,7.33339
2017-05-11,Diésel,16.6,7.33339
2017-05-11,GLP,105.0,7.33339
2017-05-11,Regular,20.9,7.33339
2017-05-11,Superior,22.41,7.33339
2017-05-12,Búnker,10.97,7.33293
2017-05-12,Diésel,16.6,7.33293
2017-05-12,GLP,105.0,7.33293
2017-05-12,Regular,20.9,7.33293
2017-05-12,Superior,22.41,7.33293
2017-05-15,Búnker,11.07,7.33294
2017-05-15,Diésel,16.6,7.33294
2017-05-15,GLP,105.0,7.33294
2017-05-15,Regular,20.9,7.33294
2017-05-15,Superior,22.41,7.33294
2017-05-16,Búnker,11.07,7.33422
2017-05-16,Diésel,16.58,7.33422
2017-05-16,GLP,105.0,7.33422
2017-05-16,Regular,20.9,7.33422
2017-05-16,Superior,22.39,7.33422
2017-05-17,Búnker,11.07,7.33551
2017-05-17,Diésel,16.58,7.33551
2017-05-17,GLP,105.0,7.33551
2017-05-17,Regular,20.9,7.33551
2017-05-17,Superior,22.39,7.33551
2017-05-18,Búnker,11.07,7.33178
2017-05-18,Diésel,16.58,7.33178
2017-05-18,GLP,105.0,7.33178
2017-05-18,Regular,20.9,7.33178
2017-05-18,Superior,22.39,7.33178
2017-05-19,Búnker,11.07,7.33552
2017-05-19,Diésel,16.58,7.33552
2017-05-19,GLP,105.0,7.33552
2017-05-19,Regular,20.9,7.33552
2017-05-19,Superior,22.39,7.33552
2017-05-22,Búnker,11.23,7.3327
2017-05-22,Diésel,16.94,7.3327
2017-05-22,GLP,105.0,7.3327
2017-05-22,Regular,21.33,7.3327
2017-05-22,Superior,22.82,7.3327
2017-05-23,Búnker,11.23,7.33503
2017-05-23,Diésel,16.94,7.33503
2017-05-23,GLP,105.0,7.33503
2017-05-23,Regular,21.33,7.33503
2017-05-23,Superior,22.82,7.33503
2017-05-24,Búnker,11.23,7.33835
2017-05-24,Diésel,16.94,7.33835
2017-05-24,GLP,105.0,7.33835
2017-05-24,Regular,21.33,7.33835
2017-05-24,Superior,22.82,7.33835
2017-05-25,Búnker,11.23,7.34186
2017-05-25,Diésel,16.94,7.34186
2017-05-25,GLP,105.0,7.34186
2017-05-25,Regular,21.33,7.34186
2017-05-25,Superior,22.82,7.34186
2017-05-26,Búnker,11.23,7.34816
2017-05-26,Diésel,16.94,7.34816
2017-05-26,GLP,105.0,7.34816
2017-05-26,Regular,21.33,7.34816
2017-05-26,Superior,22.82,7.34816
2017-05-29,Búnker,11.27,7.35153
2017-05-29,Diésel,17.02,7.35153
2017-05-29,GLP,105.0,7.35153
2017-05-29,Regular,21.51,7.35153
2017-05-29,Superior,23.01,7.35153
2017-05-30,Búnker,11.27,7.34879
2017-05-30,Diésel,17.02,7.34879
2017-05-30,GLP,105.0,7.34879
2017-05-30,Regular,21.51,7.34879
2017-05-30,Superior,23.01,7.34879
2017-05-31,Búnker,11.27,7.35264
2017-05-31,Diésel,17.02,7.35264
2017-05-31,GLP,105.0,7.35264
2017-05-31,Regular,21.51,7.35264
2017-05-31,Superior,23.01,7.35264
2017-06-01,Búnker,11.27,7.35717
2017-06-01,Diésel,17.02,7.35717
2017-06-01,GLP,105.0,7.35717
2017-06-01,Regular,21.51,7.35717
2017-06-01,Superior,23.01,7.35717
2017-06-02,Búnker,11.27,7.35864
2017-06-02,Diésel,17.02,7.35864
2017-06-02,GLP,105.0,7.35864
2017-06-02,Regular,21.51,7.35864
2017-06-02,Superior,23.01,7.35864
2017-06-05,Búnker,11.01,7.35864
2017-06-05,Diésel,17.41,7.35864
2017-06-05,GLP,105.0,7.35864
2017-06-05,Regular,21.71,7.35864
2017-06-05,Superior,23.22,7.35864
2017-06-06,Búnker,11.01,7.35089
2017-06-06,Diésel,17.41,7.35089
2017-06-06,GLP,105.0,7.35089
2017-06-06,Regular,21.71,7.35089
2017-06-06,Superior,23.22,7.35089
2017-06-07,Búnker,11.01,7.34727
2017-06-07,Diésel,17.41,7.34727
2017-06-07,GLP,105.0,7.34727
2017-06-07,Regular,21.71,7.34727
2017-06-07,Superior,23.22,7.34727
2017-06-08,Búnker,11.01,7.34751
2017-06-08,Diésel,17.41,7.34751
2017-06-08,GLP,105.0,7.34751
2017-06-08,Regular,21.71,7.34751
2017-06-08,Superior,23.22,7.34751
2017-06-09,Búnker,11.01,7.34733
2017-06-09,Diésel,17.41,7.34733
2017-06-09,GLP,105.0,7.34733
2017-06-09,Regular,21.71,7.34733
2017-06-09,Superior,23.22,7.34733
2017-06-12,Búnker,10.85,7.34406
2017-06-12,Diésel,16.57,7.34406
2017-06-12,GLP,105.0,7.34406
2017-06-12,Regular,21.1,7.34406
2017-06-12,Superior,22.59,7.34406
2017-06-13,Búnker,10.85,7.34202
2017-06-13,Diésel,16.57,7.34202
2017-06-13,GLP,105.0,7.34202
2017-06-13,Regular,21.1,7.34202
2017-06-13,Superior,22.59,7.34202
2017-06-14,Búnker,10.85,7.34327
2017-06-14,Diésel,16.57,7.34327
2017-06-14,GLP,105.0,7.34327
2017-06-14,Regular,21.1,7.34327
2017-06-14,Superior,22.59,7.34327
2017-06-15,Búnker,10.85,7.33945
2017-06-15,Diésel,16.57,7.33945
2017-06-15,GLP,105.0,7.33945
2017-06-15,Regular,21.1,7.33945
2017-06-15,Superior,22.59,7.33945
2017-06-16,Búnker,10.85,7.34268
2017-06-16,Diésel,16.57,7.34268
2017-06-16,GLP,105.0,7.34268
2017-06-16,Regular,21.1,7.34268
2017-06-16,Superior,22.59,7.34268
2017-06-19,Búnker,10.8,7.3418
2017-06-19,Diésel,16.06,7.3418
2017-06-19,GLP,105.0,7.3418
2017-06-19,Regular,20.56,7.3418
2017-06-19,Superior,22.05,7.3418
2017-06-20,Búnker,10.8,7.33821
2017-06-20,Diésel,16.06,7.33821
2017-06-20,GLP,105.0,7.33821
2017-06-20,Regular,20.56,7.33821
2017-06-20,Superior,22.05,7.33821
2017-06-21,Búnker,10.8,7.33825
2017-06-21,Diésel,16.06,7.33825
2017-06-21,GLP,105.0,7.33825
2017-06-21,Regular,20.56,7.33825
2017-06-21,Superior,22.05,7.33825
2017-06-22,Búnker,10.8,7.33689
2017-06-22,Diésel,16.06,7.33689
2017-06-22,GLP,105.0,7.33689
2017-06-22,Regular,20.56,7.33689
2017-06-22,Superior,22.05,7.33689
2017-06-23,Búnker,10.8,7.33708
2017-06-23,Diésel,16.06,7.33708
2017-06-23,GLP,105.0,7.33708
2017-06-23,Regular,20.56,7.33708
2017-06-23,Superior,22.05,7.33708
2017-06-26,Búnker,10.75,7.33442
2017-06-26,Diésel,15.74,7.33442
2017-06-26,GLP,105.0,7.33442
2017-06-26,Regular,20.35,7.33442
2017-06-26,Superior,21.84,7.33442
2017-06-27,Búnker,10.75,7.33442
2017-06-27,Diésel,15.74,7.33442
2017-06-27,GLP,105.0,7.33442
2017-06-27,Regular,20.35,7.33442
2017-06-27,Superior,21.84,7.33442
2017-06-28,Búnker,10.75,7.336
2017-06-28,Diésel,15.74,7.336
2017-06-28,GLP,105.0,7.336
2017-06-28,Regular,20.35,7.336
2017-06-28,Superior,21.84,7.336
2017-06-29,Búnker,10.75,7.33516
2017-06-29,Diésel,15.74,7.33516
2017-06-29,GLP,105.0,7.33516
2017-06-29,Regular,20.35,7.33516
2017-06-29,Superior,21.84,7.33516
2017-06-30,Búnker,10.75,7.33516
2017-06-30,Diésel,15.74,7.33516
2017-06-30,GLP,105.0,7.33516
2017-06-30,Regular,20.35,7.33516
2017-06-30,Superior,21.84,7.33516
2017-07-05,Búnker,10.75,7.33135
2017-07-05,Diésel,15.99,7.33135
2017-07-05,GLP,105.0,7.33135
2017-07-05,Regular,20.32,7.33135
2017-07-05,Superior,21.81,7.33135
2017-07-06,Búnker,10.75,7.33214
2017-07-06,Diésel,15.99,7.33214
2017-07-06,GLP,105.0,7.33214
2017-07-06,Regular,20.32,7.33214
2017-07-06,Superior,21.81,7.33214
2017-07-07,Búnker,10.75,7.32816
2017-07-07,Diésel,15.99,7.32816
2017-07-07,GLP,105.0,7.32816
2017-07-07,Regular,20.32,7.32816
2017-07-07,Superior,21.81,7.32816
2017-07-10,Búnker,10.87,7.32629
2017-07-10,Diésel,16.0,7.32629
2017-07-10,GLP,105.0,7.32629
2017-07-10,Regular,20.34,7.32629
2017-07-10,Superior,21.82,7.32629
2017-07-11,Búnker,10.87,7.31921
2017-07-11,Diésel,16.0,7.31921
2017-07-11,GLP,105.0,7.31921
2017-07-11,Regular,20.34,7.31921
2017-07-11,Superior,21.82,7.31921
2017-07-12,Búnker,10.87,7.31622
2017-07-12,Diésel,16.0,7.31622
2017-07-12,GLP,105.0,7.31622
2017-07-12,Regular,20.34,7.31622
2017-07-12,Superior,21.82,7.31622
2017-07-13,Búnker,10.87,7.30393
2017-07-13,Diésel,16.0,7.30393
2017-07-13,GLP,105.0,7.30393
2017-07-13,Regular,20.34,7.30393
2017-07-13,Superior,21.82,7.30393
2017-07-14,Búnker,10.87,7.29483
2017-07-14,Diésel,16.0,7.29483
2017-07-14,GLP,105.0,7.29483
2017-07-14,Regular,20.34,7.29483
2017-07-14,Superior,21.82,7.29483
2017-07-17,Búnker,11.05,7.28746
2017-07-17,Diésel,16.89,7.28746
2017-07-17,GLP,105.0,7.28746
2017-07-17,Regular,21.21,7.28746
2017-07-17,Superior,22.51,7.28746
2017-07-18,Búnker,11.05,7.28906
2017-07-18,Diésel,16.89,7.28906
2017-07-18,GLP,105.0,7.28906
2017-07-18,Regular,21.21,7.28906
2017-07-18,Superior,22.51,7.28906
2017-07-19,Búnker,11.05,7.29304
2017-07-19,Diésel,16.89,7.29304
2017-07-19,GLP,105.0,7.29304
2017-07-19,Regular,21.21,7.29304
2017-07-19,Superior,22.51,7.29304
2017-07-20,Búnker,11.05,7.29395
2017-07-20,Diésel,16.89,7.29395
2017-07-20,GLP,105.0,7.29395
2017-07-20,Regular,21.21,7.29395
2017-07-20,Superior,22.51,7.29395
2017-07-21,Búnker,11.05,7.29349
2017-07-21,Diésel,16.89,7.29349
2017-07-21,GLP,105.0,7.29349
2017-07-21,Regular,21.21,7.29349
2017-07-21,Superior,22.51,7.29349
2017-07-24,Búnker,11.09,7.29298
2017-07-24,Diésel,16.76,7.29298
2017-07-24,GLP,105.0,7.29298
2017-07-24,Regular,21.07,7.29298
2017-07-24,Superior,22.37,7.29298
2017-07-25,Búnker,11.09,7.29003
2017-07-25,Diésel,16.76,7.29003
2017-07-25,GLP,105.0,7.29003
2017-07-25,Regular,21.07,7.29003
2017-07-25,Superior,22.37,7.29003
2017-07-26,Búnker,11.09,7.29198
2017-07-26,Diésel,16.76,7.29198
2017-07-26,GLP,105.0,7.29198
2017-07-26,Regular,21.07,7.29198
2017-07-26,Superior,22.37,7.29198
2017-07-27,Búnker,11.09,7.29042
2017-07-27,Diésel,16.76,7.29042
2017-07-27,GLP,105.0,7.29042
2017-07-27,Regular,21.07,7.29042
2017-07-27,Superior,22.37,7.29042
2017-07-28,Búnker,11.09,7.28981
2017-07-28,Diésel,16.76,7.28981
2017-07-28,GLP,105.0,7.28981
2017-07-28,Regular,21.07,7.28981
2017-07-28,Superior,22.37,7.28981
2017-07-31,Búnker,11.16,7.28235
2017-07-31,Diésel,17.39,7.28235
2017-07-31,GLP,105.0,7.28235
2017-07-31,Regular,21.51,7.28235
2017-07-31,Superior,22.79,7.28235
2017-08-01,Búnker,11.16,7.27849
2017-08-01,Diésel,17.39,7.27849
2017-08-01,GLP,105.0,7.27849
2017-08-01,Regular,21.51,7.27849
2017-08-01,Superior,22.79,7.27849
2017-08-02,Búnker,11.16,7.27341
2017-08-02,Diésel,17.39,7.27341
2017-08-02,GLP,105.0,7.27341
2017-08-02,Regular,21.51,7.27341
2017-08-02,Superior,22.79,7.27341
2017-08-03,Búnker,11.16,7.27076
2017-08-03,Diésel,17.39,7.27076
2017-08-03,GLP,105.0,7.27076
2017-08-03,Regular,21.51,7.27076
2017-08-03,Superior,22.79,7.27076
2017-08-04,Búnker,11.16,7.27372
2017-08-04,Diésel,17.39,7.27372
2017-08-04,GLP,105.0,7.27372
2017-08-04,Regular,21.51,7.27372
2017-08-04,Superior,22.79,7.27372
2017-08-07,Búnker,11.18,7.27189
2017-08-07,Diésel,18.0,7.27189
2017-08-07,GLP,105.0,7.27189
2017-08-07,Regular,22.01,7.27189
2017-08-07,Superior,23.31,7.27189
2017-08-08,Búnker,11.18,7.27228
2017-08-08,Diésel,18.0,7.27228
2017-08-08,GLP,105.0,7.27228
2017-08-08,Regular,22.01,7.27228
2017-08-08,Superior,23.31,7.27228
2017-08-09,Búnker,11.18,7.27383
2017-08-09,Diésel,18.0,7.27383
2017-08-09,GLP,105.0,7.27383
2017-08-09,Regular,22.01,7.27383
2017-08-09,Superior,23.31,7.27383
2017-08-10,Búnker,11.18,7.27541
2017-08-10,Diésel,18.0,7.27541
2017-08-10,GLP,105.0,7.27541
2017-08-10,Regular,22.01,7.27541
2017-08-10,Superior,23.31,7.27541
2017-08-11,Búnker,11.18,7.27345
2017-08-11,Diésel,18.0,7.27345
2017-08-11,GLP,105.0,7.27345
2017-08-11,Regular,22.01,7.27345
2017-08-11,Superior,23.31,7.27345
2017-08-14,Búnker,11.22,7.2697
2017-08-14,Diésel,17.51,7.2697
2017-08-14,GLP,105.0,7.2697
2017-08-14,Regular,21.63,7.2697
2017-08-14,Superior,22.91,7.2697
2017-08-15,Búnker,11.22,7.2697
2017-08-15,Diésel,17.51,7.2697
2017-08-15,GLP,105.0,7.2697
2017-08-15,Regular,21.63,7.2697
2017-08-15,Superior,22.91,7.2697
2017-08-16,Búnker,11.22,7.26986
2017-08-16,Diésel,17.51,7.26986
2017-08-16,GLP,105.0,7.26986
2017-08-16,Regular,21.63,7.26986
2017-08-16,Superior,22.91,7.26986
2017-08-17,Búnker,11.22,7.27004
2017-08-17,Diésel,17.51,7.27004
2017-08-17,GLP,105.0,7.27004
2017-08-17,Regular,21.63,7.27004
2017-08-17,Superior,22.91,7.27004
2017-08-18,Búnker,11.22,7.27317
2017-08-18,Diésel,17.34,7.27317
2017-08-18,GLP,105.0,7.27317
2017-08-18,Regular,21.27,7.27317
2017-08-18,Superior,22.55,7.27317
2017-08-21,Búnker,11.05,7.26935
2017-08-21,Diésel,17.34,7.26935
2017-08-21,GLP,105.0,7.26935
2017-08-21,Regular,21.27,7.26935
2017-08-21,Superior,22.55,7.26935
2017-08-22,Búnker,11.05,7.27247
2017-08-22,Diésel,17.34,7.27247
2017-08-22,GLP,105.0,7.27247
2017-08-22,Regular,21.27,7.27247
2017-08-22,Superior,22.55,7.27247
2017-08-23,Búnker,11.05,7.27799
2017-08-23,Diésel,17.34,7.27799
2017-08-23,GLP,105.0,7.27799
2017-08-23,Regular,21.27,7.27799
2017-08-23,Superior,22.55,7.27799
2017-08-24,Búnker,11.05,7.27505
2017-08-24,Diésel,17.34,7.27505
2017-08-24,GLP,105.0,7.27505
2017-08-24,Regular,21.27,7.27505
2017-08-24,Superior,22.55,7.27505
2017-08-25,Búnker,11.05,7.27758
2017-08-25,Diésel,17.34,7.27758
2017-08-25,GLP,105.0,7.27758
2017-08-25,Regular,21.27,7.27758
2017-08-25,Superior,22.55,7.27758
2017-08-28,Búnker,11.14,7.2824
2017-08-28,Diésel,17.34,7.2824
2017-08-28,GLP,105.0,7.2824
2017-08-28,Regular,21.29,7.2824
2017-08-28,Superior,22.58,7.2824
2017-08-29,Búnker,11.14,7.28583
2017-08-29,Diésel,17.34,7.28583
2017-08-29,GLP,105.0,7.28583
2017-08-29,Regular,21.29,7.28583
2017-08-29,Superior,22.58,7.28583
2017-08-30,Búnker,11.14,7.28789
2017-08-30,Diésel,17.34,7.28789
2017-08-30,GLP,105.0,7.28789
2017-08-30,Regular,21.29,7.28789
2017-08-30,Superior,22.58,7.28789
2017-08-31,Búnker,11.14,7.29086
2017-08-31,Diésel,17.34,7.29086
2017-08-31,GLP,105.0,7.29086
2017-08-31,Regular,21.29,7.29086
2017-08-31,Superior,22.58,7.29086
2017-09-01,Búnker,11.14,7.2964
2017-09-01,Diésel,18.19,7.2964
2017-09-01,GLP,105.0,7.2964
2017-09-01,Regular,23.69,7.2964
2017-09-01,Superior,24.99,7.2964
2017-09-05,Búnker,11.14,7.29697
2017-09-05,Diésel,18.22,7.29697
2017-09-05,GLP,105.0,7.29697
2017-09-05,Regular,23.72,7.29697
2017-09-05,Superior,25.0,7.29697
2017-09-06,Búnker,11.14,7.29204
2017-09-06,Diésel,17.99,7.29204
2017-09-06,GLP,105.0,7.29204
2017-09-06,Regular,23.39,7.29204
2017-09-06,Superior,24.69,7.29204
2017-09-07,Búnker,11.14,7.2923
2017-09-07,Diésel,17.99,7.2923
2017-09-07,GLP,105.0,7.2923
2017-09-07,Regular,23.39,7.2923
2017-09-07,Superior,24.69,7.2923
2017-09-08,Búnker,11.14,7.29239
2017-09-08,Diésel,17.99,7.29239
2017-09-08,GLP,105.0,7.29239
2017-09-08,Regular,23.39,7.29239
2017-09-08,Superior,24.69,7.29239
2017-09-11,Búnker,11.8,7.29129
2017-09-11,Diésel,18.04,7.29129
2017-09-11,GLP,105.0,7.29129
2017-09-11,Regular,23.43,7.29129
2017-09-11,Superior,24.73,7.29129
2017-09-12,Búnker,11.8,7.292
2017-09-12,Diésel,18.04,7.292
2017-09-12,GLP,105.0,7.292
2017-09-12,Regular,23.43,7.292
2017-09-12,Superior,24.73,7.292
2017-09-13,Búnker,11.8,7.29201
2017-09-13,Diésel,18.04,7.29201
2017-09-13,GLP,105.0,7.29201
2017-09-13,Regular,23.43,7.29201
2017-09-13,Superior,24.73,7.29201
2017-09-14,Búnker,11.8,7.29227
2017-09-14,Diésel,18.04,7.29227
2017-09-14,GLP,105.0,7.29227
2017-09-14,Regular,23.43,7.29227
2017-09-14,Superior,24.73,7.29227
2017-09-15,Búnker,11.8,7.29227
2017-09-15,Diésel,18.04,7.29227
2017-09-15,GLP,105.0,7.29227
2017-09-15,Regular,23.43,7.29227
2017-09-15,Superior,24.73,7.29227
2017-09-18,Búnker,11.56,7.29292
2017-09-18,Diésel,18.05,7.29292
2017-09-18,GLP,105.0,7.29292
2017-09-18,Regular,22.94,7.29292
2017-09-18,Superior,24.25,7.29292
2017-09-19,Búnker,11.56,7.29348
2017-09-19,Diésel,18.05,7.29348
2017-09-19,GLP,105.0,7.29348
2017-09-19,Regular,22.94,7.29348
2017-09-19,Superior,24.25,7.29348
2017-09-20,Búnker,11.56,7.29387
2017-09-20,Diésel,18.49,7.29387
2017-09-20,GLP,105.0,7.29387
2017-09-20,Regular,22.94,7.29387
2017-09-20,Superior,24.25,7.29387
2017-09-21,Búnker,11.56,7.29464
2017-09-21,Diésel,18.49,7.29464
2017-09-21,GLP,105.0,7.29464
2017-09-21,Regular,22.94,7.29464
2017-09-21,Superior,24.25,7.29464
2017-09-22,Búnker,11.56,7.30357
2017-09-22,Diésel,18.49,7.30357
2017-09-22,GLP,105.0,7.30357
2017-09-22,Regular,22.94,7.30357
2017-09-22,Superior,24.25,7.30357
2017-09-25,Búnker,11.56,7.31431
2017-09-25,Diésel,18.9,7.31431
2017-09-25,GLP,105.0,7.31431
2017-09-25,Regular,22.41,7.31431
2017-09-25,Superior,23.71,7.31431
2017-09-26,Búnker,11.56,7.32164
2017-09-26,Diésel,18.9,7.32164
2017-09-26,GLP,105.0,7.32164
2017-09-26,Regular,22.41,7.32164
2017-09-26,Superior,23.71,7.32164
2017-09-27,Búnker,11.56,7.32884
2017-09-27,Diésel,18.9,7.32884
2017-09-27,GLP,105.0,7.32884
2017-09-27,Regular,22.41,7.32884
2017-09-27,Superior,23.71,7.32884
2017-09-28,Búnker,11.56,7.33372
2017-09-28,Diésel,18.9,7.33372
2017-09-28,GLP,105.0,7.33372
2017-09-28,Regular,22.41,7.33372
2017-09-28,Superior,23.71,7.33372
2017-09-29,Búnker,11.56,7.34427
2017-09-29,Diésel,18.9,7.34427
2017-09-29,GLP,105.0,7.34427
2017-09-29,Regular,22.41,7.34427
2017-09-29,Superior,23.71,7.34427
2017-10-02,Búnker,11.56,7.34988
2017-10-02,Diésel,18.99,7.34988
2017-10-02,GLP,105.0,7.34988
2017-10-02,Regular,22.23,7.34988
2017-10-02,Superior,23.51,7.34988
2017-10-03,Búnker,11.56,7.34364
2017-10-03,Diésel,18.99,7.34364
2017-10-03,GLP,105.0,7.34364
2017-10-03,Regular,22.23,7.34364
2017-10-03,Superior,23.51,7.34364
2017-10-04,Búnker,11.56,7.34327
2017-10-04,Diésel,18.99,7.34327
2017-10-04,GLP,105.0,7.34327
2017-10-04,Regular,22.23,7.34327
2017-10-04,Superior,23.51,7.34327
2017-10-05,Búnker,11.56,7.34192
2017-10-05,Diésel,18.99,7.34192
2017-10-05,GLP,105.0,7.34192
2017-10-05,Regular,22.23,7.34192
2017-10-05,Superior,23.51,7.34192
2017-10-06,Búnker,11.56,7.34378
2017-10-06,Diésel,18.99,7.34378
2017-10-06,GLP,105.0,7.34378
2017-10-06,Regular,22.23,7.34378
2017-10-06,Superior,23.51,7.34378
2017-10-09,Búnker,11.41,7.34027
2017-10-09,Diésel,19.01,7.34027
2017-10-09,GLP,105.0,7.34027
2017-10-09,Regular,22.31,7.34027
2017-10-09,Superior,23.61,7.34027
2017-10-10,Búnker,11.41,7.34417
2017-10-10,Diésel,19.01,7.34417
2017-10-10,GLP,105.0,7.34417
2017-10-10,Regular,22.31,7.34417
2017-10-10,Superior,23.61,7.34417
2017-10-11,Búnker,11.41,7.34409
2017-10-11,Diésel,19.01,7.34409
2017-10-11,GLP,105.0,7.34409
2017-10-11,Regular,22.31,7.34409
2017-10-11,Superior,23.61,7.34409
2017-10-12,Búnker,11.41,7.34409
2017-10-12,Diésel,19.01,7.34409
2017-10-12,GLP,105.0,7.34409
2017-10-12,Regular,22.31,7.34409
2017-10-12,Superior,23.61,7.34409
2017-10-13,Búnker,11.41,7.34127
2017-10-13,Diésel,19.01,7.34127
2017-10-13,GLP,105.0,7.34127
2017-10-13,Regular,22.31,7.34127
2017-10-13,Superior,23.61,7.34127
2017-10-16,Búnker,11.5,7.34129
2017-10-16,Diésel,18.91,7.34129
2017-10-16,GLP,105.0,7.34129
2017-10-16,Regular,22.13,7.34129
2017-10-16,Superior,23.43,7.34129
2017-10-17,Búnker,11.5,7.34078
2017-10-17,Diésel,18.91,7.34078
2017-10-17,GLP,105.0,7.34078
2017-10-17,Regular,22.13,7.34078
2017-10-17,Superior,23.43,7.34078
2017-10-18,Búnker,11.5,7.34422
2017-10-18,Diésel,18.91,7.34422
2017-10-18,GLP,105.0,7.34422
2017-10-18,Regular,22.13,7.34422
2017-10-18,Superior,23.43,7.34422
2017-10-19,Búnker,11.5,7.34321
2017-10-19,Diésel,18.91,7.34321
2017-10-19,GLP,105.0,7.34321
2017-10-19,Regular,22.13,7.34321
2017-10-19,Superior,23.43,7.34321
2017-10-20,Búnker,11.5,7.34321
2017-10-20,Diésel,18.91,7.34321
2017-10-20,GLP,105.0,7.34321
2017-10-20,Regular,22.13,7.34321
2017-10-20,Superior,23.43,7.34321
2017-10-23,Búnker,11.62,7.34261
2017-10-23,Diésel,19.21,7.34261
2017-10-23,GLP,105.0,7.34261
2017-10-23,Regular,22.11,7.34261
2017-10-23,Superior,23.41,7.34261
2017-10-24,Búnker,11.62,7.34331
2017-10-24,Diésel,0.0,7.34331
2017-10-24,GLP,105.0,7.34331
2017-10-24,Regular,0.0,7.34331
2017-10-24,Superior,0.0,7.34331
2017-10-25,Búnker,11.62,7.34586
2017-10-25,Diésel,0.0,7.34586
2017-10-25,GLP,105.0,7.34586
2017-10-25,Regular,0.0,7.34586
2017-10-25,Superior,0.0,7.34586
2017-10-26,Búnker,11.62,7.34622
2017-10-26,Diésel,0.0,7.34622
2017-10-26,GLP,105.0,7.34622
2017-10-26,Regular,0.0,7.34622
2017-10-26,Superior,0.0,7.34622
2017-10-27,Búnker,11.62,7.34592
2017-10-27,Diésel,0.0,7.34592
2017-10-27,GLP,105.0,7.34592
2017-10-27,Regular,0.0,7.34592
2017-10-27,Superior,0.0,7.34592
2017-10-30,Búnker,11.98,7.34387
2017-10-30,Diésel,19.39,7.34387
2017-10-30,GLP,105.0,7.34387
2017-10-30,Regular,22.5,7.34387
2017-10-30,Superior,23.79,7.34387
2017-10-31,Búnker,11.98,7.34271
2017-10-31,Diésel,0.0,7.34271
2017-10-31,GLP,105.0,7.34271
2017-10-31,Regular,0.0,7.34271
2017-10-31,Superior,0.0,7.34271
2017-11-01,Búnker,11.98,7.34271
2017-11-01,Diésel,0.0,7.34271
2017-11-01,GLP,105.0,7.34271
2017-11-01,Regular,0.0,7.34271
2017-11-01,Superior,0.0,7.34271
2017-11-02,Búnker,11.98,7.34245
2017-11-02,Diésel,0.0,7.34245
2017-11-02,GLP,105.0,7.34245
2017-11-02,Regular,0.0,7.34245
2017-11-02,Superior,0.0,7.34245
2017-11-03,Búnker,11.98,7.34134
2017-11-03,Diésel,0.0,7.34134
2017-11-03,GLP,105.0,7.34134
2017-11-03,Regular,0.0,7.34134
2017-11-03,Superior,0.0,7.34134
2017-11-06,Búnker,12.33,7.33708
2017-11-06,Diésel,19.68,7.33708
2017-11-06,GLP,105.0,7.33708
2017-11-06,Regular,23.02,7.33708
2017-11-06,Superior,24.3,7.33708
2017-11-07,Búnker,12.33,7.33413
2017-11-07,Diésel,0.0,7.33413
2017-11-07,GLP,105.0,7.33413
2017-11-07,Regular,0.0,7.33413
2017-11-07,Superior,0.0,7.33413
2017-11-08,Búnker,12.33,7.33237
2017-11-08,Diésel,0.0,7.33237
2017-11-08,GLP,105.0,7.33237
2017-11-08,Regular,0.0,7.33237
2017-11-08,Superior,0.0,7.33237
2017-11-09,Búnker,12.33,7.3305
2017-11-09,Diésel,0.0,7.3305
2017-11-09,GLP,105.0,7.3305
2017-11-09,Regular,0.0,7.3305
2017-11-09,Superior,0.0,7.3305
2017-11-10,Búnker,12.33,7.32413
2017-11-10,Diésel,0.0,7.32413
2017-11-10,GLP,105.0,7.32413
2017-11-10,Regular,0.0,7.32413
2017-11-10,Superior,0.0,7.32413
2017-11-13,Búnker,12.77,7.32102
2017-11-13,Diésel,20.19,7.32102
2017-11-13,GLP,105.0,7.32102
2017-11-13,Regular,23.49,7.32102
2017-11-13,Superior,24.79,7.32102
2017-11-14,Búnker,12.77,7.32061
2017-11-14,Diésel,0.0,7.32061
2017-11-14,GLP,105.0,7.32061
2017-11-14,Regular,0.0,7.32061
2017-11-14,Superior,0.0,7.32061
2017-11-15,Búnker,12.77,7.32337
2017-11-15,Diésel,0.0,7.32337
2017-11-15,GLP,105.0,7.32337
2017-11-15,Regular,0.0,7.32337
2017-11-15,Superior,0.0,7.32337
2017-11-16,Búnker,12.77,7.32168
2017-11-16,Diésel,0.0,7.32168
2017-11-16,GLP,105.0,7.32168
2017-11-16,Regular,0.0,7.32168
2017-11-16,Superior,0.0,7.32168
2017-11-17,Búnker,12.77,7.32897
2017-11-17,Diésel,0.0,7.32897
2017-11-17,GLP,120.0,7.32897
2017-11-17,Regular,0.0,7.32897
2017-11-17,Superior,0.0,7.32897
2017-11-20,Búnker,12.89,7.32501
2017-11-20,Diésel,19.86,7.32501
2017-11-20,GLP,120.0,7.32501
2017-11-20,Regular,23.18,7.32501
2017-11-20,Superior,24.48,7.32501
2017-11-21,Búnker,12.89,7.33504
2017-11-21,Diésel,0.0,7.33504
2017-11-21,GLP,120.0,7.33504
2017-11-21,Regular,0.0,7.33504
2017-11-21,Superior,0.0,7.33504
2017-11-22,Búnker,12.89,7.33309
2017-11-22,Diésel,0.0,7.33309
2017-11-22,GLP,120.0,7.33309
2017-11-22,Regular,0.0,7.33309
2017-11-22,Superior,0.0,7.33309
2017-11-27,Búnker,12.87,7.33841
2017-11-27,Diésel,19.99,7.33841
2017-11-27,GLP,120.0,7.33841
2017-11-27,Regular,23.3,7.33841
2017-11-27,Superior,24.33,7.33841
2017-11-28,Búnker,12.87,7.34004
2017-11-28,Diésel,0.0,7.34004
2017-11-28,GLP,120.0,7.34004
2017-11-28,Regular,0.0,7.34004
2017-11-28,Superior,0.0,7.34004
2017-11-29,Búnker,12.87,7.34178
2017-11-29,Diésel,0.0,7.34178
2017-11-29,GLP,120.0,7.34178
2017-11-29,Regular,0.0,7.34178
2017-11-29,Superior,0.0,7.34178
2017-11-30,Búnker,12.87,7.34136
2017-11-30,Diésel,0.0,7.34136
2017-11-30,GLP,120.0,7.34136
2017-11-30,Regular,0.0,7.34136
2017-11-30,Superior,0.0,7.34136
2017-12-01,Búnker,12.87,7.33996
2017-12-01,Diésel,0.0,7.33996
2017-12-01,GLP,120.0,7.33996
2017-12-01,Regular,0.0,7.33996
2017-12-01,Superior,0.0,7.33996
2017-12-04,Búnker,12.91,7.33963
2017-12-04,Diésel,20.29,7.33963
2017-12-04,GLP,120.0,7.33963
2017-12-04,Regular,23.59,7.33963
2017-12-04,Superior,24.61,7.33963
2017-12-05,Búnker,12.91,7.34028
2017-12-05,Diésel,0.0,7.34028
2017-12-05,GLP,120.0,7.34028
2017-12-05,Regular,0.0,7.34028
2017-12-05,Superior,0.0,7.34028
2017-12-06,Búnker,12.91,7.34053
2017-12-06,Diésel,0.0,7.34053
2017-12-06,GLP,120.0,7.34053
2017-12-06,Regular,0.0,7.34053
2017-12-06,Superior,0.0,7.34053
2017-12-07,Búnker,12.91,7.3373
2017-12-07,Diésel,0.0,7.3373
2017-12-07,GLP,120.0,7.3373
2017-12-07,Regular,0.0,7.3373
2017-12-07,Superior,0.0,7.3373
2017-12-08,Búnker,12.91,7.33879
2017-12-08,Diésel,0.0,7.33879
2017-12-08,GLP,120.0,7.33879
2017-12-08,Regular,0.0,7.33879
2017-12-08,Superior,0.0,7.33879
2017-12-11,Búnker,12.75,7.33766
2017-12-11,Diésel,19.74,7.33766
2017-12-11,GLP,120.0,7.33766
2017-12-11,Regular,23.04,7.33766
2017-12-11,Superior,24.08,7.33766
2017-12-12,Búnker,12.75,7.33865
2017-12-12,Diésel,0.0,7.33865
2017-12-12,GLP,120.0,7.33865
2017-12-12,Regular,0.0,7.33865
2017-12-12,Superior,0.0,7.33865
2017-12-13,Búnker,12.75,7.34074
2017-12-13,Diésel,0.0,7.34074
2017-12-13,GLP,120.0,7.34074
2017-12-13,Regular,0.0,7.34074
2017-12-13,Superior,0.0,7.34074
2017-12-14,Búnker,12.75,7.33676
2017-12-14,Diésel,0.0,7.33676
2017-12-14,GLP,120.0,7.33676
2017-12-14,Regular,0.0,7.33676
2017-12-14,Superior,0.0,7.33676
2017-12-15,Búnker,12.75,7.3395
2017-12-15,Diésel,0.0,7.3395
2017-12-15,GLP,120.0,7.3395
2017-12-15,Regular,0.0,7.3395
2017-12-15,Superior,0.0,7.3395
2017-12-18,Búnker,12.79,7.33862
2017-12-18,Diésel,20.02,7.33862
2017-12-18,GLP,120.0,7.33862
2017-12-18,Regular,23.0,7.33862
2017-12-18,Superior,24.02,7.33862
2017-12-19,Búnker,12.79,7.33874
2017-12-19,Diésel,0.0,7.33874
2017-12-19,GLP,120.0,7.33874
2017-12-19,Regular,0.0,7.33874
2017-12-19,Superior,0.0,7.33874
2017-12-20,Búnker,12.79,7.34152
2017-12-20,Diésel,0.0,7.34152
2017-12-20,GLP,120.0,7.34152
2017-12-20,Regular,0.0,7.34152
2017-12-20,Superior,0.0,7.34152
2017-12-21,Búnker,12.79,7.34168
2017-12-21,Diésel,0.0,7.34168
2017-12-21,GLP,120.0,7.34168
2017-12-21,Regular,0.0,7.34168
2017-12-21,Superior,0.0,7.34168
2017-12-22,Búnker,12.79,7.34253
2017-12-22,Diésel,0.0,7.34253
2017-12-22,GLP,120.0,7.34253
2017-12-22,Regular,0.0,7.34253
2017-12-22,Superior,0.0,7.34253
2017-12-26,Búnker,12.79,7.3443
2017-12-26,Diésel,20.24,7.3443
2017-12-26,GLP,120.0,7.3443
2017-12-26,Regular,23.17,7.3443
2017-12-26,Superior,24.16,7.3443
2017-12-27,Búnker,12.79,7.34413
2017-12-27,Diésel,0.0,7.34413
2017-12-27,GLP,120.0,7.34413
2017-12-27,Regular,0.0,7.34413
2017-12-27,Superior,0.0,7.34413
2017-12-28,Búnker,12.79,7.34477
2017-12-28,Diésel,0.0,7.34477
2017-12-28,GLP,120.0,7.34477
2017-12-28,Regular,0.0,7.34477
2017-12-28,Superior,0.0,7.34477
2017-12-29,Búnker,12.79,7.34477
2017-12-29,Diésel,0.0,7.34477
2017-12-29,GLP,120.0,7.34477
2017-12-29,Regular,0.0,7.34477
2017-12-29,Superior,0.0,7.34477
2018-01-02,Búnker,13.055,7.34746
2018-01-02,Diésel,0.0,7.34746
2018-01-02,GLP,120.0,7.34746
2018-01-02,Regular,0.0,7.34746
2018-01-02,Superior,0.0,7.34746
2018-01-03,Búnker,13.055,7.34126
2018-01-03,Diésel,20.52,7.34126
2018-01-03,GLP,120.0,7.34126
2018-01-03,Regular,23.31,7.34126
2018-01-03,Superior,24.31,7.34126
2018-01-04,Búnker,13.055,7.34148
2018-01-04,Diésel,0.0,7.34148
2018-01-04,GLP,120.0,7.34148
2018-01-04,Regular,0.0,7.34148
2018-01-04,Superior,0.0,7.34148
2018-01-05,Búnker,13.055,7.34406
2018-01-05,Diésel,0.0,7.34406
2018-01-05,GLP,120.0,7.34406
2018-01-05,Regular,0.0,7.34406
2018-01-05,Superior,0.0,7.34406
2018-01-08,Búnker,13.055,7.34077
2018-01-08,Diésel,20.5,7.34077
2018-01-08,GLP,120.0,7.34077
2018-01-08,Regular,23.32,7.34077
2018-01-08,Superior,24.32,7.34077
2018-01-09,Búnker,13.055,7.33935
2018-01-09,Diésel,0.0,7.33935
2018-01-09,GLP,120.0,7.33935
2018-01-09,Regular,0.0,7.33935
2018-01-09,Superior,0.0,7.33935
2018-01-10,Búnker,13.055,7.34239
2018-01-10,Diésel,0.0,7.34239
2018-01-10,GLP,120.0,7.34239
2018-01-10,Regular,0.0,7.34239
2018-01-10,Superior,0.0,7.34239
2018-01-11,Búnker,13.055,7.34201
2018-01-11,Diésel,0.0,7.34201
2018-01-11,GLP,120.0,7.34201
2018-01-11,Regular,0.0,7.34201
2018-01-11,Superior,0.0,7.34201
2018-01-12,Búnker,13.055,7.33984
2018-01-12,Diésel,0.0,7.33984
2018-01-12,GLP,120.0,7.33984
2018-01-12,Regular,0.0,7.33984
2018-01-12,Superior,0.0,7.33984
2018-01-16,Búnker,13.115,7.33785
2018-01-16,Diésel,0.0,7.33785
2018-01-16,GLP,120.0,7.33785
2018-01-16,Regular,0.0,7.33785
2018-01-16,Superior,0.0,7.33785
2018-01-17,Búnker,13.115,7.33931
2018-01-17,Diésel,0.0,7.33931
2018-01-17,GLP,120.0,7.33931
2018-01-17,Regular,0.0,7.33931
2018-01-17,Superior,0.0,7.33931
2018-01-18,Búnker,13.115,7.34071
2018-01-18,Diésel,0.0,7.34071
2018-01-18,GLP,120.0,7.34071
2018-01-18,Regular,0.0,7.34071
2018-01-18,Superior,0.0,7.34071
2018-01-19,Búnker,13.115,7.34111
2018-01-19,Diésel,0.0,7.34111
2018-01-19,GLP,120.0,7.34111
2018-01-19,Regular,0.0,7.34111
2018-01-19,Superior,0.0,7.34111
2018-01-22,Búnker,13.115,7.34189
2018-01-22,Diésel,20.8,7.34189
2018-01-22,GLP,120.0,7.34189
2018-01-22,Regular,24.32,7.34189
2018-01-22,Superior,25.4,7.34189
2018-01-23,Búnker,13.115,7.34445
2018-01-23,Diésel,0.0,7.34445
2018-01-23,GLP,120.0,7.34445
2018-01-23,Regular,0.0,7.34445
2018-01-23,Superior,0.0,7.34445
2018-01-24,Búnker,13.115,7.34736
2018-01-24,Diésel,0.0,7.34736
2018-01-24,GLP,120.0,7.34736
2018-01-24,Regular,0.0,7.34736
2018-01-24,Superior,0.0,7.34736
2018-01-25,Búnker,13.115,7.34868
2018-01-25,Diésel,0.0,7.34868
2018-01-25,GLP,120.0,7.34868
2018-01-25,Regular,0.0,7.34868
2018-01-25,Superior,0.0,7.34868
2018-01-26,Búnker,13.115,7.3486
2018-01-26,Diésel,0.0,7.3486
2018-01-26,GLP,120.0,7.3486
2018-01-26,Regular,0.0,7.3486
2018-01-26,Superior,0.0,7.3486
2018-01-29,Búnker,13.26,7.34651
2018-01-29,Diésel,21.11,7.34651
2018-01-29,GLP,120.0,7.34651
2018-01-29,Regular,24.61,7.34651
2018-01-29,Superior,25.71,7.34651
2018-01-30,Búnker,13.26,7.34993
2018-01-30,Diésel,0.0,7.34993
2018-01-30,GLP,120.0,7.34993
2018-01-30,Regular,0.0,7.34993
2018-01-30,Superior,0.0,7.34993
2018-01-31,Búnker,13.26,7.35246
2018-01-31,Diésel,0.0,7.35246
2018-01-31,GLP,120.0,7.35246
2018-01-31,Regular,0.0,7.35246
2018-01-31,Superior,0.0,7.35246
2018-02-01,Búnker,13.26,7.34864
2018-02-01,Diésel,0.0,7.34864
2018-02-01,GLP,120.0,7.34864
2018-02-01,Regular,0.0,7.34864
2018-02-01,Superior,0.0,7.34864
2018-02-02,Búnker,13.26,7.34737
2018-02-02,Diésel,0.0,7.34737
2018-02-02,GLP,120.0,7.34737
2018-02-02,Regular,0.0,7.34737
2018-02-02,Superior,0.0,7.34737
2018-02-05,Búnker,13.26,7.35044
2018-02-05,Diésel,21.02,7.35044
2018-02-05,GLP,120.0,7.35044
2018-02-05,Regular,24.44,7.35044
2018-02-05,Superior,25.54,7.35044
2018-02-06,Búnker,13.26,7.35203
2018-02-06,Diésel,0.0,7.35203
2018-02-06,GLP,120.0,7.35203
2018-02-06,Regular,0.0,7.35203
2018-02-06,Superior,0.0,7.35203
2018-02-07,Búnker,13.26,7.35273
2018-02-07,Diésel,0.0,7.35273
2018-02-07,GLP,120.0,7.35273
2018-02-07,Regular,0.0,7.35273
2018-02-07,Superior,0.0,7.35273
2018-02-08,Búnker,13.26,7.35714
2018-02-08,Diésel,0.0,7.35714
2018-02-08,GLP,120.0,7.35714
2018-02-08,Regular,0.0,7.35714
2018-02-08,Superior,0.0,7.35714
2018-02-09,Búnker,13.26,7.35779
2018-02-09,Diésel,0.0,7.35779
2018-02-09,GLP,120.0,7.35779
2018-02-09,Regular,0.0,7.35779
2018-02-09,Superior,0.0,7.35779
2018-02-12,Búnker,12.95,7.3564
2018-02-12,Diésel,20.48,7.3564
2018-02-12,GLP,120.0,7.3564
2018-02-12,Regular,23.97,7.3564
2018-02-12,Superior,25.07,7.3564
2018-02-13,Búnker,12.95,7.35883
2018-02-13,Diésel,0.0,7.35883
2018-02-13,GLP,120.0,7.35883
2018-02-13,Regular,0.0,7.35883
2018-02-13,Superior,0.0,7.35883
2018-02-14,Búnker,12.95,7.35963
2018-02-14,Diésel,0.0,7.35963
2018-02-14,GLP,120.0,7.35963
2018-02-14,Regular,0.0,7.35963
2018-02-14,Superior,0.0,7.35963
2018-02-15,Búnker,12.95,7.35764
2018-02-15,Diésel,0.0,7.35764
2018-02-15,GLP,120.0,7.35764
2018-02-15,Regular,0.0,7.35764
2018-02-15,Superior,0.0,7.35764
2018-02-16,Búnker,12.95,7.35801
2018-02-16,Diésel,0.0,7.35801
2018-02-16,GLP,120.0,7.35801
2018-02-16,Regular,0.0,7.35801
2018-02-16,Superior,0.0,7.35801
2018-02-20,Búnker,12.9,7.36612
2018-02-20,Diésel,20.23,7.36612
2018-02-20,GLP,120.0,7.36612
2018-02-20,Regular,23.65,7.36612
2018-02-20,Superior,24.74,7.36612
2018-02-21,Búnker,12.9,7.36476
2018-02-21,Diésel,0.0,7.36476
2018-02-21,GLP,120.0,7.36476
2018-02-21,Regular,0.0,7.36476
2018-02-21,Superior,0.0,7.36476
2018-02-22,Búnker,12.9,7.36952
2018-02-22,Diésel,0.0,7.36952
2018-02-22,GLP,120.0,7.36952
2018-02-22,Regular,0.0,7.36952
2018-02-22,Superior,0.0,7.36952
2018-02-23,Búnker,12.9,7.36797
2018-02-23,Diésel,0.0,7.36797
2018-02-23,GLP,120.0,7.36797
2018-02-23,Regular,0.0,7.36797
2018-02-23,Superior,0.0,7.36797
2018-02-26,Búnker,13.015,7.37023
2018-02-26,Diésel,19.82,7.37023
2018-02-26,GLP,120.0,7.37023
2018-02-26,Regular,23.1,7.37023
2018-02-26,Superior,24.21,7.37023
2018-02-27,Búnker,13.015,7.37298
2018-02-27,Diésel,0.0,7.37298
2018-02-27,GLP,120.0,7.37298
2018-02-27,Regular,0.0,7.37298
2018-02-27,Superior,0.0,7.37298
2018-02-28,Búnker,13.015,7.37757
2018-02-28,Diésel,0.0,7.37757
2018-02-28,GLP,120.0,7.37757
2018-02-28,Regular,0.0,7.37757
2018-02-28,Superior,0.0,7.37757
2018-03-01,Búnker,13.015,7.37651
2018-03-01,Diésel,0.0,7.37651
2018-03-01,GLP,120.0,7.37651
2018-03-01,Regular,0.0,7.37651
2018-03-01,Superior,0.0,7.37651
2018-03-02,Búnker,13.015,7.37825
2018-03-02,Diésel,0.0,7.37825
2018-03-02,GLP,120.0,7.37825
2018-03-02,Regular,0.0,7.37825
2018-03-02,Superior,0.0,7.37825
2018-03-05,Búnker,12.95,7.37723
2018-03-05,Diésel,20.3,7.37723
2018-03-05,GLP,120.0,7.37723
2018-03-05,Regular,23.72,7.37723
2018-03-05,Superior,24.82,7.37723
2018-03-06,Búnker,12.95,7.37867
2018-03-06,Diésel,0.0,7.37867
2018-03-06,GLP,120.0,7.37867
2018-03-06,Regular,0.0,7.37867
2018-03-06,Superior,0.0,7.37867
2018-03-07,Búnker,12.95,7.38002
2018-03-07,Diésel,0.0,7.38002
2018-03-07,GLP,120.0,7.38002
2018-03-07,Regular,0.0,7.38002
2018-03-07,Superior,0.0,7.38002
2018-03-08,Búnker,12.95,7.38534
2018-03-08,Diésel,0.0,7.38534
2018-03-08,GLP,120.0,7.38534
2018-03-08,Regular,0.0,7.38534
2018-03-08,Superior,0.0,7.38534
2018-03-09,Búnker,12.95,7.38842
2018-03-09,Diésel,0.0,7.38842
2018-03-09,GLP,120.0,7.38842
2018-03-09,Regular,0.0,7.38842
2018-03-09,Superior,0.0,7.38842
2018-03-12,Búnker,12.969999999999999,7.3949
2018-03-12,Diésel,19.75,7.3949
2018-03-12,GLP,120.0,7.3949
2018-03-12,Regular,23.47,7.3949
2018-03-12,Superior,24.56,7.3949
2018-03-13,Búnker,12.969999999999999,7.39983
2018-03-13,Diésel,0.0,7.39983
2018-03-13,GLP,120.0,7.39983
2018-03-13,Regular,0.0,7.39983
2018-03-13,Superior,0.0,7.39983
2018-03-14,Búnker,12.969999999999999,7.40006
2018-03-14,Diésel,0.0,7.40006
2018-03-14,GLP,120.0,7.40006
2018-03-14,Regular,0.0,7.40006
2018-03-14,Superior,0.0,7.40006
2018-03-15,Búnker,12.969999999999999,7.39907
2018-03-15,Diésel,0.0,7.39907
2018-03-15,GLP,120.0,7.39907
2018-03-15,Regular,0.0,7.39907
2018-03-15,Superior,0.0,7.39907
2018-03-16,Búnker,12.969999999999999,7.40066
2018-03-16,Diésel,0.0,7.40066
2018-03-16,GLP,120.0,7.40066
2018-03-16,Regular,0.0,7.40066
2018-03-16,Superior,0.0,7.40066
2018-03-19,Búnker,13.004999999999999,7.40006
2018-03-19,Diésel,19.72,7.40006
2018-03-19,GLP,120.0,7.40006
2018-03-19,Regular,23.63,7.40006
2018-03-19,Superior,24.73,7.40006
2018-03-20,Búnker,13.004999999999999,7.40099
2018-03-20,Diésel,0.0,7.40099
2018-03-20,GLP,120.0,7.40099
2018-03-20,Regular,0.0,7.40099
2018-03-20,Superior,0.0,7.40099
2018-03-21,Búnker,13.004999999999999,7.39972
2018-03-21,Diésel,0.0,7.39972
2018-03-21,GLP,120.0,7.39972
2018-03-21,Regular,0.0,7.39972
2018-03-21,Superior,0.0,7.39972
2018-03-22,Búnker,13.004999999999999,7.39989
2018-03-22,Diésel,0.0,7.39989
2018-03-22,GLP,120.0,7.39989
2018-03-22,Regular,0.0,7.39989
2018-03-22,Superior,0.0,7.39989
2018-03-23,Búnker,13.004999999999999,7.39761
2018-03-23,Diésel,0.0,7.39761
2018-03-23,GLP,120.0,7.39761
2018-03-23,Regular,0.0,7.39761
2018-03-23,Superior,0.0,7.39761
2018-03-26,Búnker,13.135,7.3987
2018-03-26,Diésel,20.59,7.3987
2018-03-26,GLP,120.0,7.3987
2018-03-26,Regular,24.79,7.3987
2018-03-26,Superior,25.89,7.3987
2018-03-27,Búnker,13.135,7.39778
2018-03-27,Diésel,0.0,7.39778
2018-03-27,GLP,120.0,7.39778
2018-03-27,Regular,0.0,7.39778
2018-03-27,Superior,0.0,7.39778
2018-03-28,Búnker,13.135,7.39919
2018-03-28,Diésel,0.0,7.39919
2018-03-28,GLP,120.0,7.39919
2018-03-28,Regular,0.0,7.39919
2018-03-28,Superior,0.0,7.39919
2018-03-29,Búnker,13.135,7.39919
2018-03-29,Diésel,0.0,7.39919
2018-03-29,GLP,120.0,7.39919
2018-03-29,Regular,0.0,7.39919
2018-03-29,Superior,0.0,7.39919
2018-04-02,Búnker,13.125,7.40398
2018-04-02,Diésel,20.61,7.40398
2018-04-02,GLP,120.0,7.40398
2018-04-02,Regular,24.82,7.40398
2018-04-02,Superior,25.91,7.40398
2018-04-03,Búnker,13.125,7.40192
2018-04-03,Diésel,0.0,7.40192
2018-04-03,GLP,120.0,7.40192
2018-04-03,Regular,0.0,7.40192
2018-04-03,Superior,0.0,7.40192
2018-04-04,Búnker,13.125,7.40348
2018-04-04,Diésel,0.0,7.40348
2018-04-04,GLP,120.0,7.40348
2018-04-04,Regular,0.0,7.40348
2018-04-04,Superior,0.0,7.40348
2018-04-05,Búnker,13.125,7.40319
2018-04-05,Diésel,0.0,7.40319
2018-04-05,GLP,120.0,7.40319
2018-04-05,Regular,0.0,7.40319
2018-04-05,Superior,0.0,7.40319
2018-04-06,Búnker,13.125,7.40095
2018-04-06,Diésel,0.0,7.40095
2018-04-06,GLP,120.0,7.40095
2018-04-06,Regular,0.0,7.40095
2018-04-06,Superior,0.0,7.40095
2018-04-09,Búnker,13.065000000000001,7.39911
2018-04-09,Diésel,20.89,7.39911
2018-04-09,GLP,120.0,7.39911
2018-04-09,Regular,24.81,7.39911
2018-04-09,Superior,25.91,7.39911
2018-04-10,Búnker,13.065000000000001,7.40214
2018-04-10,Diésel,0.0,7.40214
2018-04-10,GLP,120.0,7.40214
2018-04-10,Regular,0.0,7.40214
2018-04-10,Superior,0.0,7.40214
2018-04-11,Búnker,13.065000000000001,7.40181
2018-04-11,Diésel,0.0,7.40181
2018-04-11,GLP,120.0,7.40181
2018-04-11,Regular,0.0,7.40181
2018-04-11,Superior,0.0,7.40181
2018-04-12,Búnker,13.065000000000001,7.40113
2018-04-12,Diésel,0.0,7.40113
2018-04-12,GLP,120.0,7.40113
2018-04-12,Regular,0.0,7.40113
2018-04-12,Superior,0.0,7.40113
2018-04-13,Búnker,13.065000000000001,7.39977
2018-04-13,Diésel,0.0,7.39977
2018-04-13,GLP,120.0,7.39977
2018-04-13,Regular,0.0,7.39977
2018-04-13,Superior,0.0,7.39977
2018-04-16,Búnker,13.32,7.40189
2018-04-16,Diésel,0.0,7.40189
2018-04-16,GLP,120.0,7.40189
2018-04-16,Regular,0.0,7.40189
2018-04-16,Superior,0.0,7.40189
2018-04-17,Búnker,13.32,7.40082
2018-04-17,Diésel,21.69,7.40082
2018-04-17,GLP,120.0,7.40082
2018-04-17,Regular,25.41,7.40082
2018-04-17,Superior,26.51,7.40082
2018-04-18,Búnker,13.32,7.40499
2018-04-18,Diésel,0.0,7.40499
2018-04-18,GLP,120.0,7.40499
2018-04-18,Regular,0.0,7.40499
2018-04-18,Superior,0.0,7.40499
2018-04-19,Búnker,13.32,7.40171
2018-04-19,Diésel,0.0,7.40171
2018-04-19,GLP,120.0,7.40171
2018-04-19,Regular,0.0,7.40171
2018-04-19,Superior,0.0,7.40171
2018-04-20,Búnker,13.32,7.40069
2018-04-20,Diésel,0.0,7.40069
2018-04-20,GLP,120.0,7.40069
2018-04-20,Regular,0.0,7.40069
2018-04-20,Superior,0.0,7.40069
2018-04-23,Búnker,13.469999999999999,7.4012
2018-04-23,Diésel,21.7,7.4012
2018-04-23,GLP,120.0,7.4012
2018-04-23,Regular,25.41,7.4012
2018-04-23,Superior,26.51,7.4012
2018-04-24,Búnker,13.469999999999999,7.4024
2018-04-24,Diésel,0.0,7.4024
2018-04-24,GLP,120.0,7.4024
2018-04-24,Regular,0.0,7.4024
2018-04-24,Superior,0.0,7.4024
2018-04-25,Búnker,13.469999999999999,7.40478
2018-04-25,Diésel,0.0,7.40478
2018-04-25,GLP,120.0,7.40478
2018-04-25,Regular,0.0,7.40478
2018-04-25,Superior,0.0,7.40478
2018-04-26,Búnker,13.469999999999999,7.40187
2018-04-26,Diésel,0.0,7.40187
2018-04-26,GLP,120.0,7.40187
2018-04-26,Regular,0.0,7.40187
2018-04-26,Superior,0.0,7.40187
2018-04-27,Búnker,13.469999999999999,7.4087
2018-04-27,Diésel,0.0,7.4087
2018-04-27,GLP,120.0,7.4087
2018-04-27,Regular,0.0,7.4087
2018-04-27,Superior,0.0,7.4087
2018-04-30,Búnker,13.719999999999999,7.41205
2018-04-30,Diésel,0.0,7.41205
2018-04-30,GLP,120.0,7.41205
2018-04-30,Regular,0.0,7.41205
2018-04-30,Superior,0.0,7.41205
2018-05-01,Búnker,13.719999999999999,7.41205
2018-05-01,Diésel,0.0,7.41205
2018-05-01,GLP,120.0,7.41205
2018-05-01,Regular,0.0,7.41205
2018-05-01,Superior,0.0,7.41205
2018-05-02,Búnker,13.719999999999999,7.41487
2018-05-02,Diésel,21.7,7.41487
2018-05-02,GLP,120.0,7.41487
2018-05-02,Regular,25.91,7.41487
2018-05-02,Superior,27.0,7.41487
2018-05-03,Búnker,13.719999999999999,7.41326
2018-05-03,Diésel,0.0,7.41326
2018-05-03,GLP,120.0,7.41326
2018-05-03,Regular,0.0,7.41326
2018-05-03,Superior,0.0,7.41326
2018-05-04,Búnker,13.719999999999999,7.41529
2018-05-04,Diésel,0.0,7.41529
2018-05-04,GLP,120.0,7.41529
2018-05-04,Regular,0.0,7.41529
2018-05-04,Superior,0.0,7.41529
2018-05-07,Búnker,13.9,7.416
2018-05-07,Diésel,21.68,7.416
2018-05-07,GLP,120.0,7.416
2018-05-07,Regular,25.91,7.416
2018-05-07,Superior,27.0,7.416
2018-05-08,Búnker,13.9,7.41825
2018-05-08,Diésel,0.0,7.41825
2018-05-08,GLP,120.0,7.41825
2018-05-08,Regular,0.0,7.41825
2018-05-08,Superior,0.0,7.41825
2018-05-09,Búnker,13.9,7.42103
2018-05-09,Diésel,0.0,7.42103
2018-05-09,GLP,120.0,7.42103
2018-05-09,Regular,0.0,7.42103
2018-05-09,Superior,0.0,7.42103
2018-05-10,Búnker,13.9,7.42502
2018-05-10,Diésel,0.0,7.42502
2018-05-10,GLP,120.0,7.42502
2018-05-10,Regular,0.0,7.42502
2018-05-10,Superior,0.0,7.42502
2018-05-11,Búnker,13.9,7.42315
2018-05-11,Diésel,22.29,7.42315
2018-05-11,GLP,120.0,7.42315
2018-05-11,Regular,26.29,7.42315
2018-05-11,Superior,27.39,7.42315
2018-05-14,Búnker,14.55,7.42458
2018-05-14,Diésel,22.29,7.42458
2018-05-14,GLP,120.0,7.42458
2018-05-14,Regular,26.29,7.42458
2018-05-14,Superior,27.39,7.42458
2018-05-15,Búnker,14.55,7.42243
2018-05-15,Diésel,0.0,7.42243
2018-05-15,GLP,120.0,7.42243
2018-05-15,Regular,0.0,7.42243
2018-05-15,Superior,0.0,7.42243
2018-05-16,Búnker,14.55,7.42884
2018-05-16,Diésel,0.0,7.42884
2018-05-16,GLP,120.0,7.42884
2018-05-16,Regular,0.0,7.42884
2018-05-16,Superior,0.0,7.42884
2018-05-17,Búnker,14.55,7.43436
2018-05-17,Diésel,22.89,7.43436
2018-05-17,GLP,120.0,7.43436
2018-05-17,Regular,26.79,7.43436
2018-05-17,Superior,27.89,7.43436
2018-05-18,Búnker,14.55,7.44352
2018-05-18,Diésel,0.0,7.44352
2018-05-18,GLP,120.0,7.44352
2018-05-18,Regular,0.0,7.44352
2018-05-18,Superior,0.0,7.44352
2018-05-21,Búnker,14.95,7.4454
2018-05-21,Diésel,22.89,7.4454
2018-05-21,GLP,120.0,7.4454
2018-05-21,Regular,26.79,7.4454
2018-05-21,Superior,27.89,7.4454
2018-05-22,Búnker,14.95,7.45413
2018-05-22,Diésel,0.0,7.45413
2018-05-22,GLP,120.0,7.45413
2018-05-22,Regular,0.0,7.45413
2018-05-22,Superior,0.0,7.45413
2018-05-23,Búnker,14.95,7.46214
2018-05-23,Diésel,0.0,7.46214
2018-05-23,GLP,120.0,7.46214
2018-05-23,Regular,0.0,7.46214
2018-05-23,Superior,0.0,7.46214
2018-05-24,Búnker,14.95,7.46608
2018-05-24,Diésel,0.0,7.46608
2018-05-24,GLP,120.0,7.46608
2018-05-24,Regular,0.0,7.46608
2018-05-24,Superior,0.0,7.46608
2018-05-25,Búnker,14.95,7.47266
2018-05-25,Diésel,0.0,7.47266
2018-05-25,GLP,120.0,7.47266
2018-05-25,Regular,0.0,7.47266
2018-05-25,Superior,0.0,7.47266
2018-05-29,Búnker,15.25,7.483
2018-05-29,Diésel,22.9,7.483
2018-05-29,GLP,120.0,7.483
2018-05-29,Regular,26.79,7.483
2018-05-29,Superior,27.89,7.483
2018-05-30,Búnker,15.25,7.48295
2018-05-30,Diésel,0.0,7.48295
2018-05-30,GLP,120.0,7.48295
2018-05-30,Regular,0.0,7.48295
2018-05-30,Superior,0.0,7.48295
2018-05-31,Búnker,15.25,7.48595
2018-05-31,Diésel,0.0,7.48595
2018-05-31,GLP,120.0,7.48595
2018-05-31,Regular,0.0,7.48595
2018-05-31,Superior,0.0,7.48595
2018-06-01,Búnker,15.25,7.48448
2018-06-01,Diésel,0.0,7.48448
2018-06-01,GLP,120.0,7.48448
2018-06-01,Regular,0.0,7.48448
2018-06-01,Superior,0.0,7.48448
2018-06-04,Búnker,15.125,7.48293
2018-06-04,Diésel,22.53,7.48293
2018-06-04,GLP,120.0,7.48293
2018-06-04,Regular,26.53,7.48293
2018-06-04,Superior,27.62,7.48293
2018-06-05,Búnker,15.125,7.48251
2018-06-05,Diésel,21.99,7.48251
2018-06-05,GLP,120.0,7.48251
2018-06-05,Regular,25.89,7.48251
2018-06-05,Superior,26.99,7.48251
2018-06-06,Búnker,15.125,7.47964
2018-06-06,Diésel,0.0,7.47964
2018-06-06,GLP,120.0,7.47964
2018-06-06,Regular,0.0,7.47964
2018-06-06,Superior,0.0,7.47964
2018-06-07,Búnker,15.125,7.48219
2018-06-07,Diésel,0.0,7.48219
2018-06-07,GLP,120.0,7.48219
2018-06-07,Regular,0.0,7.48219
2018-06-07,Superior,0.0,7.48219
2018-06-08,Búnker,15.125,7.4824
2018-06-08,Diésel,0.0,7.4824
2018-06-08,GLP,120.0,7.4824
2018-06-08,Regular,0.0,7.4824
2018-06-08,Superior,0.0,7.4824
2018-06-11,Búnker,15.1,7.47961
2018-06-11,Diésel,21.99,7.47961
2018-06-11,GLP,120.0,7.47961
2018-06-11,Regular,25.89,7.47961
2018-06-11,Superior,26.99,7.47961
2018-06-12,Búnker,15.1,7.48109
2018-06-12,Diésel,0.0,7.48109
2018-06-12,GLP,120.0,7.48109
2018-06-12,Regular,0.0,7.48109
2018-06-12,Superior,0.0,7.48109
2018-06-13,Búnker,15.1,7.48376
2018-06-13,Diésel,0.0,7.48376
2018-06-13,GLP,120.0,7.48376
2018-06-13,Regular,0.0,7.48376
2018-06-13,Superior,0.0,7.48376
2018-06-14,Búnker,15.1,7.48332
2018-06-14,Diésel,0.0,7.48332
2018-06-14,GLP,120.0,7.48332
2018-06-14,Regular,0.0,7.48332
2018-06-14,Superior,0.0,7.48332
2018-06-15,Búnker,15.1,7.48058
2018-06-15,Diésel,0.0,7.48058
2018-06-15,GLP,120.0,7.48058
2018-06-15,Regular,0.0,7.48058
2018-06-15,Superior,0.0,7.48058
2018-06-18,Búnker,15.1,7.48248
2018-06-18,Diésel,22.0,7.48248
2018-06-18,GLP,120.0,7.48248
2018-06-18,Regular,25.91,7.48248
2018-06-18,Superior,27.01,7.48248
2018-06-19,Búnker,15.1,7.48296
2018-06-19,Diésel,0.0,7.48296
2018-06-19,GLP,120.0,7.48296
2018-06-19,Regular,0.0,7.48296
2018-06-19,Superior,0.0,7.48296
2018-06-20,Búnker,15.1,7.48315
2018-06-20,Diésel,0.0,7.48315
2018-06-20,GLP,120.0,7.48315
2018-06-20,Regular,0.0,7.48315
2018-06-20,Superior,0.0,7.48315
2018-06-21,Búnker,15.1,7.48813
2018-06-21,Diésel,0.0,7.48813
2018-06-21,GLP,120.0,7.48813
2018-06-21,Regular,0.0,7.48813
2018-06-21,Superior,0.0,7.48813
2018-06-22,Búnker,15.1,7.48996
2018-06-22,Diésel,0.0,7.48996
2018-06-22,GLP,120.0,7.48996
2018-06-22,Regular,0.0,7.48996
2018-06-22,Superior,0.0,7.48996
2018-06-25,Búnker,15.075,7.48919
2018-06-25,Diésel,21.84,7.48919
2018-06-25,GLP,120.0,7.48919
2018-06-25,Regular,25.47,7.48919
2018-06-25,Superior,26.56,7.48919
2018-06-26,Búnker,15.075,7.49123
2018-06-26,Diésel,0.0,7.49123
2018-06-26,GLP,120.0,7.49123
2018-06-26,Regular,0.0,7.49123
2018-06-26,Superior,0.0,7.49123
2018-06-27,Búnker,15.075,7.49386
2018-06-27,Diésel,0.0,7.49386
2018-06-27,GLP,120.0,7.49386
2018-06-27,Regular,0.0,7.49386
2018-06-27,Superior,0.0,7.49386
2018-06-28,Búnker,15.075,7.49326
2018-06-28,Diésel,0.0,7.49326
2018-06-28,GLP,120.0,7.49326
2018-06-28,Regular,0.0,7.49326
2018-06-28,Superior,0.0,7.49326
2018-06-29,Búnker,15.075,7.49326
2018-06-29,Diésel,0.0,7.49326
2018-06-29,GLP,120.0,7.49326
2018-06-29,Regular,0.0,7.49326
2018-06-29,Superior,0.0,7.49326
2018-07-03,Búnker,15.425,7.49349
2018-07-03,Diésel,21.19,7.49349
2018-07-03,GLP,120.0,7.49349
2018-07-03,Regular,25.89,7.49349
2018-07-03,Superior,27.0,7.49349
2018-07-05,Búnker,15.425,7.49133
2018-07-05,Diésel,0.0,7.49133
2018-07-05,GLP,120.0,7.49133
2018-07-05,Regular,0.0,7.49133
2018-07-05,Superior,0.0,7.49133
2018-07-06,Búnker,15.425,7.48284
2018-07-06,Diésel,0.0,7.48284
2018-07-06,GLP,120.0,7.48284
2018-07-06,Regular,0.0,7.48284
2018-07-06,Superior,0.0,7.48284
2018-07-09,Búnker,15.575,7.48759
2018-07-09,Diésel,21.19,7.48759
2018-07-09,GLP,120.0,7.48759
2018-07-09,Regular,25.89,7.48759
2018-07-09,Superior,27.0,7.48759
2018-07-10,Búnker,15.575,7.48713
2018-07-10,Diésel,0.0,7.48713
2018-07-10,GLP,120.0,7.48713
2018-07-10,Regular,0.0,7.48713
2018-07-10,Superior,0.0,7.48713
2018-07-11,Búnker,15.575,7.48647
2018-07-11,Diésel,0.0,7.48647
2018-07-11,GLP,120.0,7.48647
2018-07-11,Regular,0.0,7.48647
2018-07-11,Superior,0.0,7.48647
2018-07-12,Búnker,15.7,7.4855
2018-07-12,Diésel,0.0,7.4855
2018-07-12,GLP,120.0,7.4855
2018-07-12,Regular,0.0,7.4855
2018-07-12,Superior,0.0,7.4855
2018-07-13,Búnker,15.7,7.48203
2018-07-13,Diésel,0.0,7.48203
2018-07-13,GLP,120.0,7.48203
2018-07-13,Regular,0.0,7.48203
2018-07-13,Superior,0.0,7.48203
2018-07-16,Búnker,15.675,7.48122
2018-07-16,Diésel,22.41,7.48122
2018-07-16,GLP,120.0,7.48122
2018-07-16,Regular,26.22,7.48122
2018-07-16,Superior,27.3,7.48122
2018-07-17,Búnker,15.675,7.47831
2018-07-17,Diésel,0.0,7.47831
2018-07-17,GLP,120.0,7.47831
2018-07-17,Regular,0.0,7.47831
2018-07-17,Superior,0.0,7.47831
2018-07-18,Búnker,15.675,7.48046
2018-07-18,Diésel,0.0,7.48046
2018-07-18,GLP,120.0,7.48046
2018-07-18,Regular,0.0,7.48046
2018-07-18,Superior,0.0,7.48046
2018-07-19,Búnker,15.675,7.47875
2018-07-19,Diésel,0.0,7.47875
2018-07-19,GLP,120.0,7.47875
2018-07-19,Regular,0.0,7.47875
2018-07-19,Superior,0.0,7.47875
2018-07-20,Búnker,15.675,7.47764
2018-07-20,Diésel,0.0,7.47764
2018-07-20,GLP,120.0,7.47764
2018-07-20,Regular,0.0,7.47764
2018-07-20,Superior,0.0,7.47764
2018-07-23,Búnker,15.925,7.47632
2018-07-23,Diésel,21.85,7.47632
2018-07-23,GLP,120.0,7.47632
2018-07-23,Regular,25.74,7.47632
2018-07-23,Superior,26.82,7.47632
2018-07-24,Búnker,15.925,7.47813
2018-07-24,Diésel,0.0,7.47813
2018-07-24,GLP,120.0,7.47813
2018-07-24,Regular,0.0,7.47813
2018-07-24,Superior,0.0,7.47813
2018-07-25,Búnker,15.925,7.48146
2018-07-25,Diésel,0.0,7.48146
2018-07-25,GLP,120.0,7.48146
2018-07-25,Regular,0.0,7.48146
2018-07-25,Superior,0.0,7.48146
2018-07-26,Búnker,15.925,7.49312
2018-07-26,Diésel,0.0,7.49312
2018-07-26,GLP,120.0,7.49312
2018-07-26,Regular,0.0,7.49312
2018-07-26,Superior,0.0,7.49312
2018-07-27,Búnker,15.925,7.48577
2018-07-27,Diésel,0.0,7.48577
2018-07-27,GLP,120.0,7.48577
2018-07-27,Regular,0.0,7.48577
2018-07-27,Superior,0.0,7.48577
2018-07-30,Búnker,15.875,7.48415
2018-07-30,Diésel,22.19,7.48415
2018-07-30,GLP,120.0,7.48415
2018-07-30,Regular,26.19,7.48415
2018-07-30,Superior,27.29,7.48415
2018-07-31,Búnker,15.875,7.48477
2018-07-31,Diésel,0.0,7.48477
2018-07-31,GLP,120.0,7.48477
2018-07-31,Regular,0.0,7.48477
2018-07-31,Superior,0.0,7.48477
2018-08-01,Búnker,15.875,7.48405
2018-08-01,Diésel,0.0,7.48405
2018-08-01,GLP,120.0,7.48405
2018-08-01,Regular,0.0,7.48405
2018-08-01,Superior,0.0,7.48405
2018-08-02,Búnker,15.875,7.4884
2018-08-02,Diésel,0.0,7.4884
2018-08-02,GLP,120.0,7.4884
2018-08-02,Regular,0.0,7.4884
2018-08-02,Superior,0.0,7.4884
2018-08-03,Búnker,15.875,7.48659
2018-08-03,Diésel,0.0,7.48659
2018-08-03,GLP,120.0,7.48659
2018-08-03,Regular,0.0,7.48659
2018-08-03,Superior,0.0,7.48659
2018-08-06,Búnker,15.625,7.48536
2018-08-06,Diésel,22.21,7.48536
2018-08-06,GLP,120.0,7.48536
2018-08-06,Regular,26.2,7.48536
2018-08-06,Superior,27.3,7.48536
2018-08-07,Búnker,15.625,7.48269
2018-08-07,Diésel,0.0,7.48269
2018-08-07,GLP,120.0,7.48269
2018-08-07,Regular,0.0,7.48269
2018-08-07,Superior,0.0,7.48269
2018-08-08,Búnker,15.625,7.48487
2018-08-08,Diésel,0.0,7.48487
2018-08-08,GLP,120.0,7.48487
2018-08-08,Regular,0.0,7.48487
2018-08-08,Superior,0.0,7.48487
2018-08-09,Búnker,15.625,7.48541
2018-08-09,Diésel,0.0,7.48541
2018-08-09,GLP,120.0,7.48541
2018-08-09,Regular,0.0,7.48541
2018-08-09,Superior,0.0,7.48541
2018-08-10,Búnker,15.625,7.48332
2018-08-10,Diésel,0.0,7.48332
2018-08-10,GLP,120.0,7.48332
2018-08-10,Regular,0.0,7.48332
2018-08-10,Superior,0.0,7.48332
2018-08-13,Búnker,15.4,7.48156
2018-08-13,Diésel,22.01,7.48156
2018-08-13,GLP,120.0,7.48156
2018-08-13,Regular,25.91,7.48156
2018-08-13,Superior,27.02,7.48156
2018-08-14,Búnker,15.4,7.48051
2018-08-14,Diésel,0.0,7.48051
2018-08-14,GLP,120.0,7.48051
2018-08-14,Regular,0.0,7.48051
2018-08-14,Superior,0.0,7.48051
2018-08-15,Búnker,15.4,7.48051
2018-08-15,Diésel,0.0,7.48051
2018-08-15,GLP,120.0,7.48051
2018-08-15,Regular,0.0,7.48051
2018-08-15,Superior,0.0,7.48051
2018-08-16,Búnker,15.4,7.48209
2018-08-16,Diésel,0.0,7.48209
2018-08-16,GLP,120.0,7.48209
2018-08-16,Regular,0.0,7.48209
2018-08-16,Superior,0.0,7.48209
2018-08-17,Búnker,15.4,7.48205
2018-08-17,Diésel,0.0,7.48205
2018-08-17,GLP,120.0,7.48205
2018-08-17,Regular,0.0,7.48205
2018-08-17,Superior,0.0,7.48205
2018-08-20,Búnker,15.2,7.48205
2018-08-20,Diésel,21.73,7.48205
2018-08-20,GLP,120.0,7.48205
2018-08-20,Regular,25.64,7.48205
2018-08-20,Superior,26.81,7.48205
2018-08-21,Búnker,15.2,7.49348
2018-08-21,Diésel,0.0,7.49348
2018-08-21,GLP,120.0,7.49348
2018-08-21,Regular,0.0,7.49348
2018-08-21,Superior,0.0,7.49348
2018-08-22,Búnker,15.2,7.50591
2018-08-22,Diésel,0.0,7.50591
2018-08-22,GLP,120.0,7.50591
2018-08-22,Regular,0.0,7.50591
2018-08-22,Superior,0.0,7.50591
2018-08-23,Búnker,15.2,7.52114
2018-08-23,Diésel,0.0,7.52114
2018-08-23,GLP,120.0,7.52114
2018-08-23,Regular,0.0,7.52114
2018-08-23,Superior,0.0,7.52114
2018-08-24,Búnker,15.2,7.52649
2018-08-24,Diésel,0.0,7.52649
2018-08-24,GLP,120.0,7.52649
2018-08-24,Regular,0.0,7.52649
2018-08-24,Superior,0.0,7.52649
2018-08-27,Búnker,15.375,7.5341
2018-08-27,Diésel,22.27,7.5341
2018-08-27,GLP,120.0,7.5341
2018-08-27,Regular,25.91,7.5341
2018-08-27,Superior,27.09,7.5341
2018-08-28,Búnker,15.375,7.54193
2018-08-28,Diésel,0.0,7.54193
2018-08-28,GLP,120.0,7.54193
2018-08-28,Regular,0.0,7.54193
2018-08-28,Superior,0.0,7.54193
2018-08-29,Búnker,15.375,7.54823
2018-08-29,Diésel,0.0,7.54823
2018-08-29,GLP,120.0,7.54823
2018-08-29,Regular,0.0,7.54823
2018-08-29,Superior,0.0,7.54823
2018-08-30,Búnker,15.375,7.55456
2018-08-30,Diésel,0.0,7.55456
2018-08-30,GLP,120.0,7.55456
2018-08-30,Regular,0.0,7.55456
2018-08-30,Superior,0.0,7.55456
2018-08-31,Búnker,15.375,7.56254
2018-08-31,Diésel,0.0,7.56254
2018-08-31,GLP,120.0,7.56254
2018-08-31,Regular,0.0,7.56254
2018-08-31,Superior,0.0,7.56254
2018-09-03,Búnker,15.675,7.5715
2018-09-03,Diésel,22.69,7.5715
2018-09-03,GLP,120.0,7.5715
2018-09-03,Regular,26.3,7.5715
2018-09-03,Superior,27.5,7.5715
2018-09-04,Búnker,15.675,7.58791
2018-09-04,Diésel,0.0,7.58791
2018-09-04,GLP,120.0,7.58791
2018-09-04,Regular,0.0,7.58791
2018-09-04,Superior,0.0,7.58791
2018-09-05,Búnker,15.675,7.58912
2018-09-05,Diésel,0.0,7.58912
2018-09-05,GLP,120.0,7.58912
2018-09-05,Regular,0.0,7.58912
2018-09-05,Superior,0.0,7.58912
2018-09-06,Búnker,15.675,7.60397
2018-09-06,Diésel,0.0,7.60397
2018-09-06,GLP,120.0,7.60397
2018-09-06,Regular,0.0,7.60397
2018-09-06,Superior,0.0,7.60397
2018-09-07,Búnker,15.675,7.62148
2018-09-07,Diésel,0.0,7.62148
2018-09-07,GLP,120.0,7.62148
2018-09-07,Regular,0.0,7.62148
2018-09-07,Superior,0.0,7.62148
2018-09-10,Búnker,15.82,7.6373
2018-09-10,Diésel,22.99,7.6373
2018-09-10,GLP,120.0,7.6373
2018-09-10,Regular,26.31,7.6373
2018-09-10,Superior,27.5,7.6373
2018-09-11,Búnker,15.82,7.64822
2018-09-11,Diésel,0.0,7.64822
2018-09-11,GLP,120.0,7.64822
2018-09-11,Regular,0.0,7.64822
2018-09-11,Superior,0.0,7.64822
2018-09-12,Búnker,15.82,7.65366
2018-09-12,Diésel,0.0,7.65366
2018-09-12,GLP,120.0,7.65366
2018-09-12,Regular,0.0,7.65366
2018-09-12,Superior,0.0,7.65366
2018-09-13,Búnker,15.82,7.65455
2018-09-13,Diésel,0.0,7.65455
2018-09-13,GLP,120.0,7.65455
2018-09-13,Regular,0.0,7.65455
2018-09-13,Superior,0.0,7.65455
2018-09-14,Búnker,15.82,7.65455
2018-09-14,Diésel,0.0,7.65455
2018-09-14,GLP,120.0,7.65455
2018-09-14,Regular,0.0,7.65455
2018-09-14,Superior,0.0,7.65455
2018-09-17,Búnker,15.8,7.65951
2018-09-17,Diésel,23.2,7.65951
2018-09-17,GLP,120.0,7.65951
2018-09-17,Regular,26.01,7.65951
2018-09-17,Superior,27.21,7.65951
2018-09-18,Búnker,15.8,7.66453
2018-09-18,Diésel,0.0,7.66453
2018-09-18,GLP,120.0,7.66453
2018-09-18,Regular,0.0,7.66453
2018-09-18,Superior,0.0,7.66453
2018-09-19,Búnker,15.8,7.67223
2018-09-19,Diésel,0.0,7.67223
2018-09-19,GLP,120.0,7.67223
2018-09-19,Regular,0.0,7.67223
2018-09-19,Superior,0.0,7.67223
2018-09-20,Búnker,15.8,7.6885
2018-09-20,Diésel,0.0,7.6885
2018-09-20,GLP,120.0,7.6885
2018-09-20,Regular,0.0,7.6885
2018-09-20,Superior,0.0,7.6885
2018-09-21,Búnker,15.8,7.70422
2018-09-21,Diésel,0.0,7.70422
2018-09-21,GLP,120.0,7.70422
2018-09-21,Regular,0.0,7.70422
2018-09-21,Superior,0.0,7.70422
2018-09-24,Búnker,15.8,7.70983
2018-09-24,Diésel,23.02,7.70983
2018-09-24,GLP,120.0,7.70983
2018-09-24,Regular,25.83,7.70983
2018-09-24,Superior,27.03,7.70983
2018-09-25,Búnker,15.8,7.70951
2018-09-25,Diésel,0.0,7.70951
2018-09-25,GLP,120.0,7.70951
2018-09-25,Regular,0.0,7.70951
2018-09-25,Superior,0.0,7.70951
2018-09-26,Búnker,15.8,7.70445
2018-09-26,Diésel,0.0,7.70445
2018-09-26,GLP,120.0,7.70445
2018-09-26,Regular,0.0,7.70445
2018-09-26,Superior,0.0,7.70445
2018-09-27,Búnker,15.8,7.70374
2018-09-27,Diésel,0.0,7.70374
2018-09-27,GLP,120.0,7.70374
2018-09-27,Regular,0.0,7.70374
2018-09-27,Superior,0.0,7.70374
2018-09-28,Búnker,15.8,7.70206
2018-09-28,Diésel,0.0,7.70206
2018-09-28,GLP,120.0,7.70206
2018-09-28,Regular,0.0,7.70206
2018-09-28,Superior,0.0,7.70206
2018-10-01,Búnker,16.1,7.69836
2018-10-01,Diésel,23.99,7.69836
2018-10-01,GLP,120.0,7.69836
2018-10-01,Regular,26.79,7.69836
2018-10-01,Superior,27.99,7.69836
2018-10-02,Búnker,16.1,7.69961
2018-10-02,Diésel,0.0,7.69961
2018-10-02,GLP,120.0,7.69961
2018-10-02,Regular,0.0,7.69961
2018-10-02,Superior,0.0,7.69961
2018-10-03,Búnker,16.1,7.70059
2018-10-03,Diésel,0.0,7.70059
2018-10-03,GLP,128.0,7.70059
2018-10-03,Regular,0.0,7.70059
2018-10-03,Superior,0.0,7.70059
2018-10-04,Búnker,16.1,7.69991
2018-10-04,Diésel,0.0,7.69991
2018-10-04,GLP,128.0,7.69991
2018-10-04,Regular,0.0,7.69991
2018-10-04,Superior,0.0,7.69991
2018-10-05,Búnker,16.1,7.69883
2018-10-05,Diésel,0.0,7.69883
2018-10-05,GLP,128.0,7.69883
2018-10-05,Regular,0.0,7.69883
2018-10-05,Superior,0.0,7.69883
2018-10-08,Búnker,16.4,7.70017
2018-10-08,Diésel,24.79,7.70017
2018-10-08,GLP,128.0,7.70017
2018-10-08,Regular,27.59,7.70017
2018-10-08,Superior,28.79,7.70017
2018-10-09,Búnker,16.4,7.7064
2018-10-09,Diésel,0.0,7.7064
2018-10-09,GLP,128.0,7.7064
2018-10-09,Regular,0.0,7.7064
2018-10-09,Superior,0.0,7.7064
2018-10-10,Búnker,16.4,7.70767
2018-10-10,Diésel,0.0,7.70767
2018-10-10,GLP,128.0,7.70767
2018-10-10,Regular,0.0,7.70767
2018-10-10,Superior,0.0,7.70767
2018-10-11,Búnker,16.4,7.71494
2018-10-11,Diésel,0.0,7.71494
2018-10-11,GLP,128.0,7.71494
2018-10-11,Regular,0.0,7.71494
2018-10-11,Superior,0.0,7.71494
2018-10-12,Búnker,16.4,7.71494
2018-10-12,Diésel,0.0,7.71494
2018-10-12,GLP,128.0,7.71494
2018-10-12,Regular,0.0,7.71494
2018-10-12,Superior,0.0,7.71494
2018-10-15,Búnker,16.4,7.72351
2018-10-15,Diésel,24.72,7.72351
2018-10-15,GLP,128.0,7.72351
2018-10-15,Regular,27.15,7.72351
2018-10-15,Superior,28.35,7.72351
2018-10-16,Búnker,16.4,7.72678
2018-10-16,Diésel,0.0,7.72678
2018-10-16,GLP,128.0,7.72678
2018-10-16,Regular,0.0,7.72678
2018-10-16,Superior,0.0,7.72678
2018-10-17,Búnker,16.4,7.73596
2018-10-17,Diésel,0.0,7.73596
2018-10-17,GLP,128.0,7.73596
2018-10-17,Regular,0.0,7.73596
2018-10-17,Superior,0.0,7.73596
2018-10-18,Búnker,16.4,7.73678
2018-10-18,Diésel,0.0,7.73678
2018-10-18,GLP,128.0,7.73678
2018-10-18,Regular,0.0,7.73678
2018-10-18,Superior,0.0,7.73678
2018-10-19,Búnker,16.4,7.74183
2018-10-19,Diésel,0.0,7.74183
2018-10-19,GLP,128.0,7.74183
2018-10-19,Regular,0.0,7.74183
2018-10-19,Superior,0.0,7.74183
2018-10-22,Búnker,16.4,7.74183
2018-10-22,Diésel,0.0,7.74183
2018-10-22,GLP,128.0,7.74183
2018-10-22,Regular,0.0,7.74183
2018-10-22,Superior,0.0,7.74183
2018-10-23,Búnker,16.4,7.7462
2018-10-23,Diésel,24.19,7.7462
2018-10-23,GLP,128.0,7.7462
2018-10-23,Regular,26.09,7.7462
2018-10-23,Superior,27.29,7.7462
2018-10-24,Búnker,16.4,7.7475
2018-10-24,Diésel,0.0,7.7475
2018-10-24,GLP,128.0,7.7475
2018-10-24,Regular,0.0,7.7475
2018-10-24,Superior,0.0,7.7475
2018-10-25,Búnker,16.4,7.74961
2018-10-25,Diésel,0.0,7.74961
2018-10-25,GLP,128.0,7.74961
2018-10-25,Regular,0.0,7.74961
2018-10-25,Superior,0.0,7.74961
2018-10-26,Búnker,16.4,7.74534
2018-10-26,Diésel,0.0,7.74534
2018-10-26,GLP,128.0,7.74534
2018-10-26,Regular,0.0,7.74534
2018-10-26,Superior,0.0,7.74534
2018-10-29,Búnker,16.6,7.74307
2018-10-29,Diésel,24.03,7.74307
2018-10-29,GLP,128.0,7.74307
2018-10-29,Regular,25.46,7.74307
2018-10-29,Superior,26.67,7.74307
2018-10-30,Búnker,16.6,7.7374
2018-10-30,Diésel,0.0,7.7374
2018-10-30,GLP,128.0,7.7374
2018-10-30,Regular,0.0,7.7374
2018-10-30,Superior,0.0,7.7374
2018-10-31,Búnker,16.6,7.7334
2018-10-31,Diésel,0.0,7.7334
2018-10-31,GLP,128.0,7.7334
2018-10-31,Regular,0.0,7.7334
2018-10-31,Superior,0.0,7.7334
2018-11-01,Búnker,16.6,7.7334
2018-11-01,Diésel,0.0,7.7334
2018-11-01,GLP,128.0,7.7334
2018-11-01,Regular,0.0,7.7334
2018-11-01,Superior,0.0,7.7334
2018-11-02,Búnker,16.6,7.72162
2018-11-02,Diésel,0.0,7.72162
2018-11-02,GLP,128.0,7.72162
2018-11-02,Regular,0.0,7.72162
2018-11-02,Superior,0.0,7.72162
2018-11-05,Búnker,16.6,7.71656
2018-11-05,Diésel,23.72,7.71656
2018-11-05,GLP,128.0,7.71656
2018-11-05,Regular,24.91,7.71656
2018-11-05,Superior,26.11,7.71656
2018-11-06,Búnker,16.6,7.70913
2018-11-06,Diésel,0.0,7.70913
2018-11-06,GLP,128.0,7.70913
2018-11-06,Regular,0.0,7.70913
2018-11-06,Superior,0.0,7.70913
2018-11-07,Búnker,16.6,7.70459
2018-11-07,Diésel,0.0,7.70459
2018-11-07,GLP,128.0,7.70459
2018-11-07,Regular,0.0,7.70459
2018-11-07,Superior,0.0,7.70459
2018-11-08,Búnker,16.6,7.69478
2018-11-08,Diésel,0.0,7.69478
2018-11-08,GLP,128.0,7.69478
2018-11-08,Regular,0.0,7.69478
2018-11-08,Superior,0.0,7.69478
2018-11-09,Búnker,16.6,7.69015
2018-11-09,Diésel,0.0,7.69015
2018-11-09,GLP,128.0,7.69015
2018-11-09,Regular,0.0,7.69015
2018-11-09,Superior,0.0,7.69015
2018-11-12,Búnker,16.6,7.6957
2018-11-12,Diésel,23.29,7.6957
2018-11-12,GLP,128.0,7.6957
2018-11-12,Regular,24.19,7.6957
2018-11-12,Superior,25.39,7.6957
2018-11-13,Búnker,16.6,7.6986
2018-11-13,Diésel,0.0,7.6986
2018-11-13,GLP,128.0,7.6986
2018-11-13,Regular,0.0,7.6986
2018-11-13,Superior,0.0,7.6986
2018-11-14,Búnker,16.6,7.69484
2018-11-14,Diésel,0.0,7.69484
2018-11-14,GLP,128.0,7.69484
2018-11-14,Regular,0.0,7.69484
2018-11-14,Superior,0.0,7.69484
2018-11-15,Búnker,16.6,7.69549
2018-11-15,Diésel,0.0,7.69549
2018-11-15,GLP,128.0,7.69549
2018-11-15,Regular,0.0,7.69549
2018-11-15,Superior,0.0,7.69549
2018-11-16,Búnker,16.6,7.69649
2018-11-16,Diésel,0.0,7.69649
2018-11-16,GLP,128.0,7.69649
2018-11-16,Regular,0.0,7.69649
2018-11-16,Superior,0.0,7.69649
2018-11-19,Búnker,16.6,7.69738
2018-11-19,Diésel,22.546348314606654,7.69738
2018-11-19,GLP,128.0,7.69738
2018-11-19,Regular,23.268232044198932,7.69738
2018-11-19,Superior,24.46,7.69738
2018-11-20,Búnker,16.6,7.69598
2018-11-20,Diésel,0.0,7.69598
2018-11-20,GLP,128.0,7.69598
2018-11-20,Regular,0.0,7.69598
2018-11-20,Superior,0.0,7.69598
2018-11-21,Búnker,16.6,7.6943
2018-11-21,Diésel,0.0,7.6943
2018-11-21,GLP,128.0,7.6943
2018-11-21,Regular,0.0,7.6943
2018-11-21,Superior,0.0,7.6943
2018-11-26,Búnker,16.2,7.69313
2018-11-26,Diésel,21.84,7.69313
2018-11-26,GLP,123.0,7.69313
2018-11-26,Regular,22.46,7.69313
2018-11-26,Superior,23.64,7.69313
2018-11-27,Búnker,16.2,7.70028
2018-11-27,Diésel,0.0,7.70028
2018-11-27,GLP,123.0,7.70028
2018-11-27,Regular,0.0,7.70028
2018-11-27,Superior,0.0,7.70028
2018-11-28,Búnker,16.2,7.69664
2018-11-28,Diésel,0.0,7.69664
2018-11-28,GLP,123.0,7.69664
2018-11-28,Regular,0.0,7.69664
2018-11-28,Superior,0.0,7.69664
2018-11-29,Búnker,16.2,7.6967
2018-11-29,Diésel,0.0,7.6967
2018-11-29,GLP,123.0,7.6967
2018-11-29,Regular,0.0,7.6967
2018-11-29,Superior,0.0,7.6967
2018-11-30,Búnker,16.2,7.70115
2018-11-30,Diésel,0.0,7.70115
2018-11-30,GLP,123.0,7.70115
2018-11-30,Regular,0.0,7.70115
2018-11-30,Superior,0.0,7.70115
2018-12-03,Búnker,15.9,7.70414
2018-12-03,Diésel,21.23,7.70414
2018-12-03,GLP,123.0,7.70414
2018-12-03,Regular,21.83,7.70414
2018-12-03,Superior,23.03,7.70414
2018-12-04,Búnker,15.9,7.70996
2018-12-04,Diésel,0.0,7.70996
2018-12-04,GLP,123.0,7.70996
2018-12-04,Regular,0.0,7.70996
2018-12-04,Superior,0.0,7.70996
2018-12-05,Búnker,15.9,7.71954
2018-12-05,Diésel,0.0,7.71954
2018-12-05,GLP,123.0,7.71954
2018-12-05,Regular,0.0,7.71954
2018-12-05,Superior,0.0,7.71954
2018-12-06,Búnker,15.9,7.72058
2018-12-06,Diésel,0.0,7.72058
2018-12-06,GLP,123.0,7.72058
2018-12-06,Regular,0.0,7.72058
2018-12-06,Superior,0.0,7.72058
2018-12-07,Búnker,15.9,7.72843
2018-12-07,Diésel,0.0,7.72843
2018-12-07,GLP,123.0,7.72843
2018-12-07,Regular,0.0,7.72843
2018-12-07,Superior,0.0,7.72843
2018-12-10,Búnker,15.9,7.72773
2018-12-10,Diésel,20.72,7.72773
2018-12-10,GLP,123.0,7.72773
2018-12-10,Regular,21.8,7.72773
2018-12-10,Superior,23.0,7.72773
2018-12-11,Búnker,15.9,7.73026
2018-12-11,Diésel,0.0,7.73026
2018-12-11,GLP,123.0,7.73026
2018-12-11,Regular,0.0,7.73026
2018-12-11,Superior,0.0,7.73026
2018-12-12,Búnker,15.9,7.73056
2018-12-12,Diésel,0.0,7.73056
2018-12-12,GLP,123.0,7.73056
2018-12-12,Regular,0.0,7.73056
2018-12-12,Superior,0.0,7.73056
2018-12-13,Búnker,15.9,7.73038
2018-12-13,Diésel,0.0,7.73038
2018-12-13,GLP,123.0,7.73038
2018-12-13,Regular,0.0,7.73038
2018-12-13,Superior,0.0,7.73038
2018-12-14,Búnker,15.9,7.72977
2018-12-14,Diésel,0.0,7.72977
2018-12-14,GLP,123.0,7.72977
2018-12-14,Regular,0.0,7.72977
2018-12-14,Superior,0.0,7.72977
2018-12-17,Búnker,15.9,7.7386
2018-12-17,Diésel,20.72,7.7386
2018-12-17,GLP,123.0,7.7386
2018-12-17,Regular,21.8,7.7386
2018-12-17,Superior,22.99,7.7386
2018-12-18,Búnker,15.9,7.7463
2018-12-18,Diésel,0.0,7.7463
2018-12-18,GLP,123.0,7.7463
2018-12-18,Regular,0.0,7.7463
2018-12-18,Superior,0.0,7.7463
2018-12-19,Búnker,15.9,7.74502
2018-12-19,Diésel,0.0,7.74502
2018-12-19,GLP,123.0,7.74502
2018-12-19,Regular,0.0,7.74502
2018-12-19,Superior,0.0,7.74502
2018-12-20,Búnker,15.9,7.74145
2018-12-20,Diésel,0.0,7.74145
2018-12-20,GLP,123.0,7.74145
2018-12-20,Regular,0.0,7.74145
2018-12-20,Superior,0.0,7.74145
2018-12-21,Búnker,15.9,7.73892
2018-12-21,Diésel,0.0,7.73892
2018-12-21,GLP,123.0,7.73892
2018-12-21,Regular,0.0,7.73892
2018-12-21,Superior,0.0,7.73892
2018-12-24,Búnker,15.9,7.73552
2018-12-24,Diésel,0.0,7.73552
2018-12-24,GLP,123.0,7.73552
2018-12-24,Regular,0.0,7.73552
2018-12-24,Superior,0.0,7.73552
2018-12-25,Búnker,15.9,7.73552
2018-12-25,Diésel,0.0,7.73552
2018-12-25,GLP,123.0,7.73552
2018-12-25,Regular,0.0,7.73552
2018-12-25,Superior,0.0,7.73552
2018-12-26,Búnker,15.9,7.73582
2018-12-26,Diésel,20.22,7.73582
2018-12-26,GLP,123.0,7.73582
2018-12-26,Regular,21.52,7.73582
2018-12-26,Superior,22.71,7.73582
2018-12-27,Búnker,15.9,7.73718
2018-12-27,Diésel,0.0,7.73718
2018-12-27,GLP,123.0,7.73718
2018-12-27,Regular,0.0,7.73718
2018-12-27,Superior,0.0,7.73718
2018-12-28,Búnker,15.9,7.73695
2018-12-28,Diésel,0.0,7.73695
2018-12-28,GLP,123.0,7.73695
2018-12-28,Regular,0.0,7.73695
2018-12-28,Superior,0.0,7.73695
2018-12-31,Búnker,15.9,7.73695
2018-12-31,Diésel,0.0,7.73695
2018-12-31,GLP,123.0,7.73695
2018-12-31,Regular,0.0,7.73695
2018-12-31,Superior,0.0,7.73695
2019-01-01,Búnker,15.9,7.73695
2019-01-01,Diésel,0.0,7.73695
2019-01-01,GLP,123.0,7.73695
2019-01-01,Regular,0.0,7.73695
2019-01-01,Superior,0.0,7.73695
2019-01-02,Búnker,14.5,7.73248
2019-01-02,Diésel,19.73,7.73248
2019-01-02,GLP,123.0,7.73248
2019-01-02,Regular,21.02,7.73248
2019-01-02,Superior,22.2,7.73248
2019-01-03,Búnker,14.5,7.7302
2019-01-03,Diésel,0.0,7.7302
2019-01-03,GLP,123.0,7.7302
2019-01-03,Regular,0.0,7.7302
2019-01-03,Superior,0.0,7.7302
2019-01-04,Búnker,14.5,7.72824
2019-01-04,Diésel,0.0,7.72824
2019-01-04,GLP,123.0,7.72824
2019-01-04,Regular,0.0,7.72824
2019-01-04,Superior,0.0,7.72824
2019-01-05,Búnker,14.5,7.72824
2019-01-05,Diésel,0.0,7.72824
2019-01-05,GLP,123.0,7.72824
2019-01-05,Regular,0.0,7.72824
2019-01-05,Superior,0.0,7.72824
2019-01-06,Búnker,14.5,7.72824
2019-01-06,Diésel,0.0,7.72824
2019-01-06,GLP,123.0,7.72824
2019-01-06,Regular,0.0,7.72824
2019-01-06,Superior,0.0,7.72824
2019-01-07,Búnker,14.6,7.72825
2019-01-07,Diésel,19.21,7.72825
2019-01-07,GLP,123.0,7.72825
2019-01-07,Regular,20.52,7.72825
2019-01-07,Superior,21.72,7.72825
2019-01-08,Búnker,14.6,7.7267
2019-01-08,Diésel,0.0,7.7267
2019-01-08,GLP,123.0,7.7267
2019-01-08,Regular,0.0,7.7267
2019-01-08,Superior,0.0,7.7267
2019-01-09,Búnker,14.6,7.72707
2019-01-09,Diésel,0.0,7.72707
2019-01-09,GLP,123.0,7.72707
2019-01-09,Regular,0.0,7.72707
2019-01-09,Superior,0.0,7.72707
2019-01-10,Búnker,14.6,7.72621
2019-01-10,Diésel,0.0,7.72621
2019-01-10,GLP,123.0,7.72621
2019-01-10,Regular,0.0,7.72621
2019-01-10,Superior,0.0,7.72621
2019-01-11,Búnker,14.6,7.72582
2019-01-11,Diésel,0.0,7.72582
2019-01-11,GLP,123.0,7.72582
2019-01-11,Regular,0.0,7.72582
2019-01-11,Superior,0.0,7.72582
2019-01-12,Búnker,14.6,7.72582
2019-01-12,Diésel,0.0,7.72582
2019-01-12,GLP,123.0,7.72582
2019-01-12,Regular,0.0,7.72582
2019-01-12,Superior,0.0,7.72582
2019-01-13,Búnker,14.6,7.72582
2019-01-13,Diésel,0.0,7.72582
2019-01-13,GLP,123.0,7.72582
2019-01-13,Regular,0.0,7.72582
2019-01-13,Superior,0.0,7.72582
2019-01-14,Búnker,14.6,7.72847
2019-01-14,Diésel,19.81,7.72847
2019-01-14,GLP,123.0,7.72847
2019-01-14,Regular,20.91,7.72847
2019-01-14,Superior,22.1,7.72847
2019-01-15,Búnker,14.6,7.72379
2019-01-15,Diésel,0.0,7.72379
2019-01-15,GLP,115.0,7.72379
2019-01-15,Regular,0.0,7.72379
2019-01-15,Superior,0.0,7.72379
2019-01-16,Búnker,14.6,7.72622
2019-01-16,Diésel,0.0,7.72622
2019-01-16,GLP,115.0,7.72622
2019-01-16,Regular,0.0,7.72622
2019-01-16,Superior,0.0,7.72622
2019-01-17,Búnker,14.6,7.72311
2019-01-17,Diésel,0.0,7.72311
2019-01-17,GLP,115.0,7.72311
2019-01-17,Regular,0.0,7.72311
2019-01-17,Superior,0.0,7.72311
2019-01-18,Búnker,14.6,7.72226
2019-01-18,Diésel,0.0,7.72226
2019-01-18,GLP,115.0,7.72226
2019-01-18,Regular,0.0,7.72226
2019-01-18,Superior,0.0,7.72226
2019-01-19,Búnker,14.6,7.72226
2019-01-19,Diésel,0.0,7.72226
2019-01-19,GLP,115.0,7.72226
2019-01-19,Regular,0.0,7.72226
2019-01-19,Superior,0.0,7.72226
2019-01-20,Búnker,14.6,7.72226
2019-01-20,Diésel,0.0,7.72226
2019-01-20,GLP,115.0,7.72226
2019-01-20,Regular,0.0,7.72226
2019-01-20,Superior,0.0,7.72226
2019-01-21,Búnker,14.6,7.72376
2019-01-21,Diésel,20.2,7.72376
2019-01-21,GLP,115.0,7.72376
2019-01-21,Regular,21.1,7.72376
2019-01-21,Superior,22.3,7.72376
2019-01-22,Búnker,14.6,7.72366
2019-01-22,Diésel,0.0,7.72366
2019-01-22,GLP,115.0,7.72366
2019-01-22,Regular,0.0,7.72366
2019-01-22,Superior,0.0,7.72366
2019-01-23,Búnker,14.6,7.72459
2019-01-23,Diésel,0.0,7.72459
2019-01-23,GLP,115.0,7.72459
2019-01-23,Regular,0.0,7.72459
2019-01-23,Superior,0.0,7.72459
2019-01-24,Búnker,14.6,7.72765
2019-01-24,Diésel,0.0,7.72765
2019-01-24,GLP,115.0,7.72765
2019-01-24,Regular,0.0,7.72765
2019-01-24,Superior,0.0,7.72765
2019-01-25,Búnker,14.6,7.72917
2019-01-25,Diésel,0.0,7.72917
2019-01-25,GLP,115.0,7.72917
2019-01-25,Regular,0.0,7.72917
2019-01-25,Superior,0.0,7.72917
2019-01-26,Búnker,14.6,7.72917
2019-01-26,Diésel,0.0,7.72917
2019-01-26,GLP,115.0,7.72917
2019-01-26,Regular,0.0,7.72917
2019-01-26,Superior,0.0,7.72917
2019-01-27,Búnker,14.6,7.72917
2019-01-27,Diésel,0.0,7.72917
2019-01-27,GLP,115.0,7.72917
2019-01-27,Regular,0.0,7.72917
2019-01-27,Superior,0.0,7.72917
2019-01-28,Búnker,14.6,7.73199
2019-01-28,Diésel,20.4,7.73199
2019-01-28,GLP,115.0,7.73199
2019-01-28,Regular,21.31,7.73199
2019-01-28,Superior,22.51,7.73199
2019-01-29,Búnker,14.6,7.73738
2019-01-29,Diésel,0.0,7.73738
2019-01-29,GLP,115.0,7.73738
2019-01-29,Regular,0.0,7.73738
2019-01-29,Superior,0.0,7.73738
2019-01-30,Búnker,14.6,7.74444
2019-01-30,Diésel,0.0,7.74444
2019-01-30,GLP,115.0,7.74444
2019-01-30,Regular,0.0,7.74444
2019-01-30,Superior,0.0,7.74444
2019-01-31,Búnker,14.6,7.76425
2019-01-31,Diésel,0.0,7.76425
2019-01-31,GLP,115.0,7.76425
2019-01-31,Regular,0.0,7.76425
2019-01-31,Superior,0.0,7.76425
2019-02-01,Búnker,14.6,7.76239
2019-02-01,Diésel,0.0,7.76239
2019-02-01,GLP,115.0,7.76239
2019-02-01,Regular,0.0,7.76239
2019-02-01,Superior,0.0,7.76239
2019-02-02,Búnker,14.6,7.76239
2019-02-02,Diésel,0.0,7.76239
2019-02-02,GLP,115.0,7.76239
2019-02-02,Regular,0.0,7.76239
2019-02-02,Superior,0.0,7.76239
2019-02-03,Búnker,14.6,7.76239
2019-02-03,Diésel,0.0,7.76239
2019-02-03,GLP,115.0,7.76239
2019-02-03,Regular,0.0,7.76239
2019-02-03,Superior,0.0,7.76239
2019-02-04,Búnker,14.6,7.7626
2019-02-04,Diésel,20.69,7.7626
2019-02-04,GLP,115.0,7.7626
2019-02-04,Regular,21.31,7.7626
2019-02-04,Superior,22.51,7.7626
2019-02-05,Búnker,14.6,7.75934
2019-02-05,Diésel,0.0,7.75934
2019-02-05,GLP,115.0,7.75934
2019-02-05,Regular,0.0,7.75934
2019-02-05,Superior,0.0,7.75934
2019-02-06,Búnker,14.6,7.75849
2019-02-06,Diésel,0.0,7.75849
2019-02-06,GLP,115.0,7.75849
2019-02-06,Regular,0.0,7.75849
2019-02-06,Superior,0.0,7.75849
2019-02-07,Búnker,14.6,7.75362
2019-02-07,Diésel,0.0,7.75362
2019-02-07,GLP,115.0,7.75362
2019-02-07,Regular,0.0,7.75362
2019-02-07,Superior,0.0,7.75362
2019-02-08,Búnker,14.6,7.75143
2019-02-08,Diésel,0.0,7.75143
2019-02-08,GLP,115.0,7.75143
2019-02-08,Regular,0.0,7.75143
2019-02-08,Superior,0.0,7.75143
2019-02-09,Búnker,14.6,7.75143
2019-02-09,Diésel,0.0,7.75143
2019-02-09,GLP,115.0,7.75143
2019-02-09,Regular,0.0,7.75143
2019-02-09,Superior,0.0,7.75143
2019-02-10,Búnker,14.6,7.75143
2019-02-10,Diésel,0.0,7.75143
2019-02-10,GLP,115.0,7.75143
2019-02-10,Regular,0.0,7.75143
2019-02-10,Superior,0.0,7.75143
2019-02-11,Búnker,15.15,7.74481
2019-02-11,Diésel,20.69,7.74481
2019-02-11,GLP,115.0,7.74481
2019-02-11,Regular,21.31,7.74481
2019-02-11,Superior,22.51,7.74481
2019-02-12,Búnker,15.15,7.74786
2019-02-12,Diésel,0.0,7.74786
2019-02-12,GLP,115.0,7.74786
2019-02-12,Regular,0.0,7.74786
2019-02-12,Superior,0.0,7.74786
2019-02-13,Búnker,15.15,7.74271
2019-02-13,Diésel,0.0,7.74271
2019-02-13,GLP,115.0,7.74271
2019-02-13,Regular,0.0,7.74271
2019-02-13,Superior,0.0,7.74271
2019-02-14,Búnker,15.15,7.74017
2019-02-14,Diésel,0.0,7.74017
2019-02-14,GLP,115.0,7.74017
2019-02-14,Regular,0.0,7.74017
2019-02-14,Superior,0.0,7.74017
2019-02-15,Búnker,15.15,7.73771
2019-02-15,Diésel,0.0,7.73771
2019-02-15,GLP,115.0,7.73771
2019-02-15,Regular,0.0,7.73771
2019-02-15,Superior,0.0,7.73771
2019-02-16,Búnker,15.15,7.73771
2019-02-16,Diésel,0.0,7.73771
2019-02-16,GLP,115.0,7.73771
2019-02-16,Regular,0.0,7.73771
2019-02-16,Superior,0.0,7.73771
2019-02-17,Búnker,15.15,7.73771
2019-02-17,Diésel,0.0,7.73771
2019-02-17,GLP,115.0,7.73771
2019-02-17,Regular,0.0,7.73771
2019-02-17,Superior,0.0,7.73771
2019-02-18,Búnker,15.15,7.72983
2019-02-18,Diésel,21.2,7.72983
2019-02-18,GLP,115.0,7.72983
2019-02-18,Regular,21.79,7.72983
2019-02-18,Superior,22.99,7.72983
2019-02-19,Búnker,15.15,7.72228
2019-02-19,Diésel,0.0,7.72228
2019-02-19,GLP,115.0,7.72228
2019-02-19,Regular,0.0,7.72228
2019-02-19,Superior,0.0,7.72228
2019-02-20,Búnker,15.15,7.72134
2019-02-20,Diésel,0.0,7.72134
2019-02-20,GLP,115.0,7.72134
2019-02-20,Regular,0.0,7.72134
2019-02-20,Superior,0.0,7.72134
2019-02-21,Búnker,15.15,7.72108
2019-02-21,Diésel,0.0,7.72108
2019-02-21,GLP,115.0,7.72108
2019-02-21,Regular,0.0,7.72108
2019-02-21,Superior,0.0,7.72108
2019-02-22,Búnker,15.15,7.71924
2019-02-22,Diésel,0.0,7.71924
2019-02-22,GLP,115.0,7.71924
2019-02-22,Regular,0.0,7.71924
2019-02-22,Superior,0.0,7.71924
2019-02-23,Búnker,15.15,7.71924
2019-02-23,Diésel,0.0,7.71924
2019-02-23,GLP,115.0,7.71924
2019-02-23,Regular,0.0,7.71924
2019-02-23,Superior,0.0,7.71924
2019-02-24,Búnker,15.15,7.71924
2019-02-24,Diésel,0.0,7.71924
2019-02-24,GLP,115.0,7.71924
2019-02-24,Regular,0.0,7.71924
2019-02-24,Superior,0.0,7.71924
2019-02-25,Búnker,15.7,7.71361
2019-02-25,Diésel,21.79,7.71361
2019-02-25,GLP,115.0,7.71361
2019-02-25,Regular,22.79,7.71361
2019-02-25,Superior,23.99,7.71361
2019-02-26,Búnker,15.7,7.71091
2019-02-26,Diésel,0.0,7.71091
2019-02-26,GLP,115.0,7.71091
2019-02-26,Regular,0.0,7.71091
2019-02-26,Superior,0.0,7.71091
2019-02-27,Búnker,15.7,7.71045
2019-02-27,Diésel,0.0,7.71045
2019-02-27,GLP,115.0,7.71045
2019-02-27,Regular,0.0,7.71045
2019-02-27,Superior,0.0,7.71045
2019-02-28,Búnker,15.7,7.70778
2019-02-28,Diésel,0.0,7.70778
2019-02-28,GLP,115.0,7.70778
2019-02-28,Regular,0.0,7.70778
2019-02-28,Superior,0.0,7.70778
2019-03-01,Búnker,15.7,7.70445
2019-03-01,Diésel,0.0,7.70445
2019-03-01,GLP,115.0,7.70445
2019-03-01,Regular,0.0,7.70445
2019-03-01,Superior,0.0,7.70445
2019-03-02,Búnker,15.7,7.70445
2019-03-02,Diésel,0.0,7.70445
2019-03-02,GLP,115.0,7.70445
2019-03-02,Regular,0.0,7.70445
2019-03-02,Superior,0.0,7.70445
2019-03-03,Búnker,15.7,7.70445
2019-03-03,Diésel,0.0,7.70445
2019-03-03,GLP,115.0,7.70445
2019-03-03,Regular,0.0,7.70445
2019-03-03,Superior,0.0,7.70445
2019-03-04,Búnker,15.7,7.70537
2019-03-04,Diésel,21.79,7.70537
2019-03-04,GLP,115.0,7.70537
2019-03-04,Regular,22.79,7.70537
2019-03-04,Superior,23.99,7.70537
2019-03-05,Búnker,15.7,7.70243
2019-03-05,Diésel,0.0,7.70243
2019-03-05,GLP,115.0,7.70243
2019-03-05,Regular,0.0,7.70243
2019-03-05,Superior,0.0,7.70243
2019-03-06,Búnker,15.7,7.6994
2019-03-06,Diésel,0.0,7.6994
2019-03-06,GLP,115.0,7.6994
2019-03-06,Regular,0.0,7.6994
2019-03-06,Superior,0.0,7.6994
2019-03-07,Búnker,15.7,7.69823
2019-03-07,Diésel,0.0,7.69823
2019-03-07,GLP,115.0,7.69823
2019-03-07,Regular,0.0,7.69823
2019-03-07,Superior,0.0,7.69823
2019-03-08,Búnker,15.7,7.69653
2019-03-08,Diésel,0.0,7.69653
2019-03-08,GLP,115.0,7.69653
2019-03-08,Regular,0.0,7.69653
2019-03-08,Superior,0.0,7.69653
2019-03-09,Búnker,15.7,7.69653
2019-03-09,Diésel,0.0,7.69653
2019-03-09,GLP,115.0,7.69653
2019-03-09,Regular,0.0,7.69653
2019-03-09,Superior,0.0,7.69653
2019-03-10,Búnker,15.7,7.69653
2019-03-10,Diésel,0.0,7.69653
2019-03-10,GLP,115.0,7.69653
2019-03-10,Regular,0.0,7.69653
2019-03-10,Superior,0.0,7.69653
2019-03-11,Búnker,15.7,7.69333
2019-03-11,Diésel,21.99,7.69333
2019-03-11,GLP,115.0,7.69333
2019-03-11,Regular,23.23,7.69333
2019-03-11,Superior,24.41,7.69333
2019-03-12,Búnker,15.7,7.69438
2019-03-12,Diésel,0.0,7.69438
2019-03-12,GLP,115.0,7.69438
2019-03-12,Regular,0.0,7.69438
2019-03-12,Superior,0.0,7.69438
2019-03-13,Búnker,15.7,7.69433
2019-03-13,Diésel,0.0,7.69433
2019-03-13,GLP,115.0,7.69433
2019-03-13,Regular,0.0,7.69433
2019-03-13,Superior,0.0,7.69433
2019-03-14,Búnker,15.7,7.68603
2019-03-14,Diésel,0.0,7.68603
2019-03-14,GLP,115.0,7.68603
2019-03-14,Regular,0.0,7.68603
2019-03-14,Superior,0.0,7.68603
2019-03-15,Búnker,15.7,7.69214
2019-03-15,Diésel,0.0,7.69214
2019-03-15,GLP,115.0,7.69214
2019-03-15,Regular,0.0,7.69214
2019-03-15,Superior,0.0,7.69214
2019-03-16,Búnker,15.7,7.69214
2019-03-16,Diésel,0.0,7.69214
2019-03-16,GLP,115.0,7.69214
2019-03-16,Regular,0.0,7.69214
2019-03-16,Superior,0.0,7.69214
2019-03-17,Búnker,15.7,7.69214
2019-03-17,Diésel,0.0,7.69214
2019-03-17,GLP,115.0,7.69214
2019-03-17,Regular,0.0,7.69214
2019-03-17,Superior,0.0,7.69214
2019-03-18,Búnker,15.7,7.69154
2019-03-18,Diésel,21.84,7.69154
2019-03-18,GLP,115.0,7.69154
2019-03-18,Regular,24.24,7.69154
2019-03-18,Superior,25.42,7.69154
2019-03-19,Búnker,15.7,7.69039
2019-03-19,Diésel,0.0,7.69039
2019-03-19,GLP,115.0,7.69039
2019-03-19,Regular,0.0,7.69039
2019-03-19,Superior,0.0,7.69039
2019-03-20,Búnker,15.7,7.68898
2019-03-20,Diésel,0.0,7.68898
2019-03-20,GLP,115.0,7.68898
2019-03-20,Regular,0.0,7.68898
2019-03-20,Superior,0.0,7.68898
2019-03-21,Búnker,15.7,7.68497
2019-03-21,Diésel,0.0,7.68497
2019-03-21,GLP,115.0,7.68497
2019-03-21,Regular,0.0,7.68497
2019-03-21,Superior,0.0,7.68497
2019-03-22,Búnker,15.7,7.68067
2019-03-22,Diésel,0.0,7.68067
2019-03-22,GLP,115.0,7.68067
2019-03-22,Regular,0.0,7.68067
2019-03-22,Superior,0.0,7.68067
2019-03-23,Búnker,15.7,7.68067
2019-03-23,Diésel,0.0,7.68067
2019-03-23,GLP,115.0,7.68067
2019-03-23,Regular,0.0,7.68067
2019-03-23,Superior,0.0,7.68067
2019-03-24,Búnker,15.7,7.68067
2019-03-24,Diésel,0.0,7.68067
2019-03-24,GLP,115.0,7.68067
2019-03-24,Regular,0.0,7.68067
2019-03-24,Superior,0.0,7.68067
2019-03-25,Búnker,15.7,7.67577
2019-03-25,Diésel,21.81,7.67577
2019-03-25,GLP,115.0,7.67577
2019-03-25,Regular,24.73,7.67577
2019-03-25,Superior,25.93,7.67577
2019-03-26,Búnker,15.7,7.67909
2019-03-26,Diésel,0.0,7.67909
2019-03-26,GLP,115.0,7.67909
2019-03-26,Regular,0.0,7.67909
2019-03-26,Superior,0.0,7.67909
2019-03-27,Búnker,15.7,7.6769
2019-03-27,Diésel,0.0,7.6769
2019-03-27,GLP,115.0,7.6769
2019-03-27,Regular,0.0,7.6769
2019-03-27,Superior,0.0,7.6769
2019-03-28,Búnker,15.7,7.6792
2019-03-28,Diésel,0.0,7.6792
2019-03-28,GLP,115.0,7.6792
2019-03-28,Regular,0.0,7.6792
2019-03-28,Superior,0.0,7.6792
2019-03-29,Búnker,15.7,7.68104
2019-03-29,Diésel,0.0,7.68104
2019-03-29,GLP,115.0,7.68104
2019-03-29,Regular,0.0,7.68104
2019-03-29,Superior,0.0,7.68104
2019-03-30,Búnker,15.7,7.68104
2019-03-30,Diésel,0.0,7.68104
2019-03-30,GLP,115.0,7.68104
2019-03-30,Regular,0.0,7.68104
2019-03-30,Superior,0.0,7.68104
2019-03-31,Búnker,15.7,7.68104
2019-03-31,Diésel,0.0,7.68104
2019-03-31,GLP,115.0,7.68104
2019-03-31,Regular,0.0,7.68104
2019-03-31,Superior,0.0,7.68104
2019-04-01,Búnker,15.7,7.68031
2019-04-01,Diésel,21.81,7.68031
2019-04-01,GLP,115.0,7.68031
2019-04-01,Regular,24.73,7.68031
2019-04-01,Superior,25.93,7.68031
2019-04-02,Búnker,15.7,7.67452
2019-04-02,Diésel,0.0,7.67452
2019-04-02,GLP,115.0,7.67452
2019-04-02,Regular,0.0,7.67452
2019-04-02,Superior,0.0,7.67452
2019-04-03,Búnker,15.7,7.67399
2019-04-03,Diésel,0.0,7.67399
2019-04-03,GLP,115.0,7.67399
2019-04-03,Regular,0.0,7.67399
2019-04-03,Superior,0.0,7.67399
2019-04-04,Búnker,15.7,7.66934
2019-04-04,Diésel,0.0,7.66934
2019-04-04,GLP,115.0,7.66934
2019-04-04,Regular,0.0,7.66934
2019-04-04,Superior,0.0,7.66934
2019-04-05,Búnker,15.7,7.66855
2019-04-05,Diésel,0.0,7.66855
2019-04-05,GLP,115.0,7.66855
2019-04-05,Regular,0.0,7.66855
2019-04-05,Superior,0.0,7.66855
2019-04-06,Búnker,15.7,7.66855
2019-04-06,Diésel,0.0,7.66855
2019-04-06,GLP,115.0,7.66855
2019-04-06,Regular,0.0,7.66855
2019-04-06,Superior,0.0,7.66855
2019-04-07,Búnker,15.7,7.66855
2019-04-07,Diésel,0.0,7.66855
2019-04-07,GLP,115.0,7.66855
2019-04-07,Regular,0.0,7.66855
2019-04-07,Superior,0.0,7.66855
2019-04-08,Búnker,15.7,7.65806
2019-04-08,Diésel,21.78,7.65806
2019-04-08,GLP,115.0,7.65806
2019-04-08,Regular,25.19,7.65806
2019-04-08,Superior,26.38,7.65806
2019-04-09,Búnker,15.7,7.64809
2019-04-09,Diésel,0.0,7.64809
2019-04-09,GLP,115.0,7.64809
2019-04-09,Regular,0.0,7.64809
2019-04-09,Superior,0.0,7.64809
2019-04-10,Búnker,15.7,7.64366
2019-04-10,Diésel,0.0,7.64366
2019-04-10,GLP,115.0,7.64366
2019-04-10,Regular,0.0,7.64366
2019-04-10,Superior,0.0,7.64366
2019-04-11,Búnker,15.7,7.63603
2019-04-11,Diésel,0.0,7.63603
2019-04-11,GLP,115.0,7.63603
2019-04-11,Regular,0.0,7.63603
2019-04-11,Superior,0.0,7.63603
2019-04-12,Búnker,15.7,7.63445
2019-04-12,Diésel,0.0,7.63445
2019-04-12,GLP,115.0,7.63445
2019-04-12,Regular,0.0,7.63445
2019-04-12,Superior,0.0,7.63445
2019-04-13,Búnker,15.7,7.63445
2019-04-13,Diésel,0.0,7.63445
2019-04-13,GLP,115.0,7.63445
2019-04-13,Regular,0.0,7.63445
2019-04-13,Superior,0.0,7.63445
2019-04-14,Búnker,15.7,7.63445
2019-04-14,Diésel,0.0,7.63445
2019-04-14,GLP,115.0,7.63445
2019-04-14,Regular,0.0,7.63445
2019-04-14,Superior,0.0,7.63445
2019-04-15,Búnker,15.7,7.63429
2019-04-15,Diésel,21.99,7.63429
2019-04-15,GLP,115.0,7.63429
2019-04-15,Regular,26.29,7.63429
2019-04-15,Superior,27.48,7.63429
2019-04-16,Búnker,15.7,7.63108
2019-04-16,Diésel,0.0,7.63108
2019-04-16,GLP,115.0,7.63108
2019-04-16,Regular,0.0,7.63108
2019-04-16,Superior,0.0,7.63108
2019-04-17,Búnker,15.7,7.62817
2019-04-17,Diésel,0.0,7.62817
2019-04-17,GLP,115.0,7.62817
2019-04-17,Regular,0.0,7.62817
2019-04-17,Superior,0.0,7.62817
2019-04-18,Búnker,15.7,7.62817
2019-04-18,Diésel,0.0,7.62817
2019-04-18,GLP,115.0,7.62817
2019-04-18,Regular,0.0,7.62817
2019-04-18,Superior,0.0,7.62817
2019-04-19,Búnker,15.7,7.62817
2019-04-19,Diésel,0.0,7.62817
2019-04-19,GLP,115.0,7.62817
2019-04-19,Regular,0.0,7.62817
2019-04-19,Superior,0.0,7.62817
2019-04-20,Búnker,15.7,7.62817
2019-04-20,Diésel,0.0,7.62817
2019-04-20,GLP,115.0,7.62817
2019-04-20,Regular,0.0,7.62817
2019-04-20,Superior,0.0,7.62817
2019-04-21,Búnker,15.7,7.62817
2019-04-21,Diésel,0.0,7.62817
2019-04-21,GLP,115.0,7.62817
2019-04-21,Regular,0.0,7.62817
2019-04-21,Superior,0.0,7.62817
2019-04-22,Búnker,15.7,7.62409
2019-04-22,Diésel,21.99,7.62409
2019-04-22,GLP,115.0,7.62409
2019-04-22,Regular,26.31,7.62409
2019-04-22,Superior,27.49,7.62409
2019-04-23,Búnker,15.7,7.62187
2019-04-23,Diésel,0.0,7.62187
2019-04-23,GLP,115.0,7.62187
2019-04-23,Regular,0.0,7.62187
2019-04-23,Superior,0.0,7.62187
2019-04-24,Búnker,15.7,7.62239
2019-04-24,Diésel,0.0,7.62239
2019-04-24,GLP,115.0,7.62239
2019-04-24,Regular,0.0,7.62239
2019-04-24,Superior,0.0,7.62239
2019-04-25,Búnker,15.7,7.63297
2019-04-25,Diésel,0.0,7.63297
2019-04-25,GLP,115.0,7.63297
2019-04-25,Regular,0.0,7.63297
2019-04-25,Superior,0.0,7.63297
2019-04-26,Búnker,15.7,7.64411
2019-04-26,Diésel,0.0,7.64411
2019-04-26,GLP,115.0,7.64411
2019-04-26,Regular,0.0,7.64411
2019-04-26,Superior,0.0,7.64411
2019-04-27,Búnker,15.7,7.64411
2019-04-27,Diésel,0.0,7.64411
2019-04-27,GLP,115.0,7.64411
2019-04-27,Regular,0.0,7.64411
2019-04-27,Superior,0.0,7.64411
2019-04-28,Búnker,15.7,7.64411
2019-04-28,Diésel,0.0,7.64411
2019-04-28,GLP,115.0,7.64411
2019-04-28,Regular,0.0,7.64411
2019-04-28,Superior,0.0,7.64411
2019-04-29,Búnker,15.7,7.64411
2019-04-29,Diésel,0.0,7.64411
2019-04-29,GLP,115.0,7.64411
2019-04-29,Regular,0.0,7.64411
2019-04-29,Superior,0.0,7.64411
2019-04-30,Búnker,15.7,7.65219
2019-04-30,Diésel,22.14,7.65219
2019-04-30,GLP,115.0,7.65219
2019-04-30,Regular,26.3,7.65219
2019-04-30,Superior,27.49,7.65219
2019-05-01,Búnker,15.7,7.65228
2019-05-01,Diésel,0.0,7.65228
2019-05-01,GLP,115.0,7.65228
2019-05-01,Regular,0.0,7.65228
2019-05-01,Superior,0.0,7.65228
2019-05-02,Búnker,15.7,7.65683
2019-05-02,Diésel,0.0,7.65683
2019-05-02,GLP,115.0,7.65683
2019-05-02,Regular,0.0,7.65683
2019-05-02,Superior,0.0,7.65683
2019-05-03,Búnker,15.7,7.65718
2019-05-03,Diésel,0.0,7.65718
2019-05-03,GLP,115.0,7.65718
2019-05-03,Regular,0.0,7.65718
2019-05-03,Superior,0.0,7.65718
2019-05-04,Búnker,15.7,7.65718
2019-05-04,Diésel,0.0,7.65718
2019-05-04,GLP,115.0,7.65718
2019-05-04,Regular,0.0,7.65718
2019-05-04,Superior,0.0,7.65718
2019-05-05,Búnker,15.7,7.65718
2019-05-05,Diésel,0.0,7.65718
2019-05-05,GLP,115.0,7.65718
2019-05-05,Regular,0.0,7.65718
2019-05-05,Superior,0.0,7.65718
2019-05-06,Búnker,15.7,7.65604
2019-05-06,Diésel,22.2,7.65604
2019-05-06,GLP,115.0,7.65604
2019-05-06,Regular,26.3,7.65604
2019-05-06,Superior,27.5,7.65604
2019-05-07,Búnker,15.7,7.65644
2019-05-07,Diésel,0.0,7.65644
2019-05-07,GLP,115.0,7.65644
2019-05-07,Regular,0.0,7.65644
2019-05-07,Superior,0.0,7.65644
2019-05-08,Búnker,15.7,7.65613
2019-05-08,Diésel,0.0,7.65613
2019-05-08,GLP,115.0,7.65613
2019-05-08,Regular,0.0,7.65613
2019-05-08,Superior,0.0,7.65613
2019-05-09,Búnker,15.7,7.65443
2019-05-09,Diésel,0.0,7.65443
2019-05-09,GLP,115.0,7.65443
2019-05-09,Regular,0.0,7.65443
2019-05-09,Superior,0.0,7.65443
2019-05-10,Búnker,15.7,7.65614
2019-05-10,Diésel,0.0,7.65614
2019-05-10,GLP,115.0,7.65614
2019-05-10,Regular,0.0,7.65614
2019-05-10,Superior,0.0,7.65614
2019-05-11,Búnker,15.7,7.65614
2019-05-11,Diésel,0.0,7.65614
2019-05-11,GLP,115.0,7.65614
2019-05-11,Regular,0.0,7.65614
2019-05-11,Superior,0.0,7.65614
2019-05-12,Búnker,15.7,7.65614
2019-05-12,Diésel,0.0,7.65614
2019-05-12,GLP,115.0,7.65614
2019-05-12,Regular,0.0,7.65614
2019-05-12,Superior,0.0,7.65614
2019-05-13,Búnker,16.0,7.65274
2019-05-13,Diésel,21.92,7.65274
2019-05-13,GLP,115.0,7.65274
2019-05-13,Regular,25.85,7.65274
2019-05-13,Superior,27.03,7.65274
2019-05-14,Búnker,16.0,7.65357
2019-05-14,Diésel,0.0,7.65357
2019-05-14,GLP,115.0,7.65357
2019-05-14,Regular,0.0,7.65357
2019-05-14,Superior,0.0,7.65357
2019-05-15,Búnker,16.0,7.6537
2019-05-15,Diésel,0.0,7.6537
2019-05-15,GLP,115.0,7.6537
2019-05-15,Regular,0.0,7.6537
2019-05-15,Superior,0.0,7.6537
2019-05-16,Búnker,16.0,7.65714
2019-05-16,Diésel,0.0,7.65714
2019-05-16,GLP,115.0,7.65714
2019-05-16,Regular,0.0,7.65714
2019-05-16,Superior,0.0,7.65714
2019-05-17,Búnker,16.0,7.66162
2019-05-17,Diésel,0.0,7.66162
2019-05-17,GLP,115.0,7.66162
2019-05-17,Regular,0.0,7.66162
2019-05-17,Superior,0.0,7.66162
2019-05-18,Búnker,16.0,7.66162
2019-05-18,Diésel,0.0,7.66162
2019-05-18,GLP,115.0,7.66162
2019-05-18,Regular,0.0,7.66162
2019-05-18,Superior,0.0,7.66162
2019-05-19,Búnker,16.0,7.66162
2019-05-19,Diésel,0.0,7.66162
2019-05-19,GLP,115.0,7.66162
2019-05-19,Regular,0.0,7.66162
2019-05-19,Superior,0.0,7.66162
2019-05-20,Búnker,15.3,7.65827
2019-05-20,Diésel,21.9,7.65827
2019-05-20,GLP,115.0,7.65827
2019-05-20,Regular,25.82,7.65827
2019-05-20,Superior,27.0,7.65827
2019-05-21,Búnker,15.3,7.66192
2019-05-21,Diésel,0.0,7.66192
2019-05-21,GLP,115.0,7.66192
2019-05-21,Regular,0.0,7.66192
2019-05-21,Superior,0.0,7.66192
2019-05-22,Búnker,15.3,7.66578
2019-05-22,Diésel,0.0,7.66578
2019-05-22,GLP,115.0,7.66578
2019-05-22,Regular,0.0,7.66578
2019-05-22,Superior,0.0,7.66578
2019-05-23,Búnker,15.3,7.6683
2019-05-23,Diésel,0.0,7.6683
2019-05-23,GLP,115.0,7.6683
2019-05-23,Regular,0.0,7.6683
2019-05-23,Superior,0.0,7.6683
2019-05-24,Búnker,15.3,7.68075
2019-05-24,Diésel,0.0,7.68075
2019-05-24,GLP,115.0,7.68075
2019-05-24,Regular,0.0,7.68075
2019-05-24,Superior,0.0,7.68075
2019-05-25,Búnker,15.3,7.68075
2019-05-25,Diésel,0.0,7.68075
2019-05-25,GLP,115.0,7.68075
2019-05-25,Regular,0.0,7.68075
2019-05-25,Superior,0.0,7.68075
2019-05-26,Búnker,15.3,7.68075
2019-05-26,Diésel,0.0,7.68075
2019-05-26,GLP,115.0,7.68075
2019-05-26,Regular,0.0,7.68075
2019-05-26,Superior,0.0,7.68075
2019-05-27,Búnker,15.3,7.68826
2019-05-27,Diésel,21.84,7.68826
2019-05-27,GLP,115.0,7.68826
2019-05-27,Regular,25.25,7.68826
2019-05-27,Superior,26.45,7.68826
2019-05-28,Búnker,15.3,7.70055
2019-05-28,Diésel,0.0,7.70055
2019-05-28,GLP,115.0,7.70055
2019-05-28,Regular,0.0,7.70055
2019-05-28,Superior,0.0,7.70055
2019-05-29,Búnker,15.3,7.70191
2019-05-29,Diésel,0.0,7.70191
2019-05-29,GLP,115.0,7.70191
2019-05-29,Regular,0.0,7.70191
2019-05-29,Superior,0.0,7.70191
2019-05-30,Búnker,15.3,7.71248
2019-05-30,Diésel,0.0,7.71248
2019-05-30,GLP,115.0,7.71248
2019-05-30,Regular,0.0,7.71248
2019-05-30,Superior,0.0,7.71248
2019-05-31,Búnker,15.3,7.7227
2019-05-31,Diésel,0.0,7.7227
2019-05-31,GLP,115.0,7.7227
2019-05-31,Regular,0.0,7.7227
2019-05-31,Superior,0.0,7.7227
2019-06-01,Búnker,15.3,7.7227
2019-06-01,Diésel,0.0,7.7227
2019-06-01,GLP,115.0,7.7227
2019-06-01,Regular,0.0,7.7227
2019-06-01,Superior,0.0,7.7227
2019-06-02,Búnker,15.3,7.7227
2019-06-02,Diésel,0.0,7.7227
2019-06-02,GLP,115.0,7.7227
2019-06-02,Regular,0.0,7.7227
2019-06-02,Superior,0.0,7.7227
2019-06-03,Búnker,15.3,7.71675
2019-06-03,Diésel,21.52,7.71675
2019-06-03,GLP,115.0,7.71675
2019-06-03,Regular,25.02,7.71675
2019-06-03,Superior,26.21,7.71675
2019-06-04,Búnker,15.3,7.71465
2019-06-04,Diésel,0.0,7.71465
2019-06-04,GLP,115.0,7.71465
2019-06-04,Regular,0.0,7.71465
2019-06-04,Superior,0.0,7.71465
2019-06-05,Búnker,15.3,7.71156
2019-06-05,Diésel,0.0,7.71156
2019-06-05,GLP,115.0,7.71156
2019-06-05,Regular,0.0,7.71156
2019-06-05,Superior,0.0,7.71156
2019-06-06,Búnker,15.3,7.7095
2019-06-06,Diésel,0.0,7.7095
2019-06-06,GLP,115.0,7.7095
2019-06-06,Regular,0.0,7.7095
2019-06-06,Superior,0.0,7.7095
2019-06-07,Búnker,15.3,7.70576
2019-06-07,Diésel,0.0,7.70576
2019-06-07,GLP,115.0,7.70576
2019-06-07,Regular,0.0,7.70576
2019-06-07,Superior,0.0,7.70576
2019-06-08,Búnker,15.3,7.70576
2019-06-08,Diésel,0.0,7.70576
2019-06-08,GLP,115.0,7.70576
2019-06-08,Regular,0.0,7.70576
2019-06-08,Superior,0.0,7.70576
2019-06-09,Búnker,15.3,7.70576
2019-06-09,Diésel,0.0,7.70576
2019-06-09,GLP,115.0,7.70576
2019-06-09,Regular,0.0,7.70576
2019-06-09,Superior,0.0,7.70576
2019-06-10,Búnker,14.3,7.70183
2019-06-10,Diésel,20.84,7.70183
2019-06-10,GLP,115.0,7.70183
2019-06-10,Regular,24.53,7.70183
2019-06-10,Superior,25.72,7.70183
2019-06-11,Búnker,14.3,7.69664
2019-06-11,Diésel,0.0,7.69664
2019-06-11,GLP,115.0,7.69664
2019-06-11,Regular,0.0,7.69664
2019-06-11,Superior,0.0,7.69664
2019-06-12,Búnker,14.3,7.69365
2019-06-12,Diésel,0.0,7.69365
2019-06-12,GLP,115.0,7.69365
2019-06-12,Regular,0.0,7.69365
2019-06-12,Superior,0.0,7.69365
2019-06-13,Búnker,14.3,7.69442
2019-06-13,Diésel,0.0,7.69442
2019-06-13,GLP,115.0,7.69442
2019-06-13,Regular,0.0,7.69442
2019-06-13,Superior,0.0,7.69442
2019-06-14,Búnker,14.3,7.69462
2019-06-14,Diésel,0.0,7.69462
2019-06-14,GLP,115.0,7.69462
2019-06-14,Regular,0.0,7.69462
2019-06-14,Superior,0.0,7.69462
2019-06-15,Búnker,14.3,7.69462
2019-06-15,Diésel,0.0,7.69462
2019-06-15,GLP,115.0,7.69462
2019-06-15,Regular,0.0,7.69462
2019-06-15,Superior,0.0,7.69462
2019-06-16,Búnker,14.3,7.69462
2019-06-16,Diésel,0.0,7.69462
2019-06-16,GLP,115.0,7.69462
2019-06-16,Regular,0.0,7.69462
2019-06-16,Superior,0.0,7.69462
2019-06-17,Búnker,13.85,7.69217
2019-06-17,Diésel,0.0,7.69217
2019-06-17,GLP,115.0,7.69217
2019-06-17,Regular,0.0,7.69217
2019-06-17,Superior,0.0,7.69217
2019-06-18,Búnker,13.85,7.69626
2019-06-18,Diésel,20.41,7.69626
2019-06-18,GLP,115.0,7.69626
2019-06-18,Regular,24.02,7.69626
2019-06-18,Superior,25.22,7.69626
2019-06-19,Búnker,13.85,7.70029
2019-06-19,Diésel,0.0,7.70029
2019-06-19,GLP,115.0,7.70029
2019-06-19,Regular,0.0,7.70029
2019-06-19,Superior,0.0,7.70029
2019-06-20,Búnker,13.85,7.70266
2019-06-20,Diésel,0.0,7.70266
2019-06-20,GLP,110.0,7.70266
2019-06-20,Regular,0.0,7.70266
2019-06-20,Superior,0.0,7.70266
2019-06-21,Búnker,13.85,7.70228
2019-06-21,Diésel,0.0,7.70228
2019-06-21,GLP,110.0,7.70228
2019-06-21,Regular,0.0,7.70228
2019-06-21,Superior,0.0,7.70228
2019-06-22,Búnker,13.85,7.70228
2019-06-22,Diésel,0.0,7.70228
2019-06-22,GLP,110.0,7.70228
2019-06-22,Regular,0.0,7.70228
2019-06-22,Superior,0.0,7.70228
2019-06-23,Búnker,13.85,7.70228
2019-06-23,Diésel,0.0,7.70228
2019-06-23,GLP,110.0,7.70228
2019-06-23,Regular,0.0,7.70228
2019-06-23,Superior,0.0,7.70228
2019-06-24,Búnker,13.85,7.70543
2019-06-24,Diésel,20.23,7.70543
2019-06-24,GLP,110.0,7.70543
2019-06-24,Regular,23.84,7.70543
2019-06-24,Superior,25.03,7.70543
2019-06-26,Búnker,13.85,7.71227
2019-06-26,Diésel,0.0,7.71227
2019-06-26,GLP,110.0,7.71227
2019-06-26,Regular,0.0,7.71227
2019-06-26,Superior,0.0,7.71227
2019-06-27,Búnker,13.85,7.71455
2019-06-27,Diésel,0.0,7.71455
2019-06-27,GLP,110.0,7.71455
2019-06-27,Regular,0.0,7.71455
2019-06-27,Superior,0.0,7.71455
2019-06-28,Búnker,13.85,7.70823
2019-06-28,Diésel,0.0,7.70823
2019-06-28,GLP,110.0,7.70823
2019-06-28,Regular,0.0,7.70823
2019-06-28,Superior,0.0,7.70823
2019-06-29,Búnker,13.85,7.70823
2019-06-29,Diésel,0.0,7.70823
2019-06-29,GLP,110.0,7.70823
2019-06-29,Regular,0.0,7.70823
2019-06-29,Superior,0.0,7.70823
2019-06-30,Búnker,13.85,7.70823
2019-06-30,Diésel,0.0,7.70823
2019-06-30,GLP,110.0,7.70823
2019-06-30,Regular,0.0,7.70823
2019-06-30,Superior,0.0,7.70823
2019-07-01,Búnker,13.85,7.70823
2019-07-01,Diésel,0.0,7.70823
2019-07-01,GLP,110.0,7.70823
2019-07-01,Regular,0.0,7.70823
2019-07-01,Superior,0.0,7.70823
2019-07-02,Búnker,14.7,7.70823
2019-07-02,Diésel,21.16,7.70823
2019-07-02,GLP,110.0,7.70823
2019-07-02,Regular,24.77,7.70823
2019-07-02,Superior,25.96,7.70823
2019-07-03,Búnker,14.7,7.70168
2019-07-03,Diésel,0.0,7.70168
2019-07-03,GLP,110.0,7.70168
2019-07-03,Regular,0.0,7.70168
2019-07-03,Superior,0.0,7.70168
2019-07-04,Búnker,14.7,7.69571
2019-07-04,Diésel,0.0,7.69571
2019-07-04,GLP,110.0,7.69571
2019-07-04,Regular,0.0,7.69571
2019-07-04,Superior,0.0,7.69571
2019-07-05,Búnker,14.7,7.69476
2019-07-05,Diésel,0.0,7.69476
2019-07-05,GLP,110.0,7.69476
2019-07-05,Regular,0.0,7.69476
2019-07-05,Superior,0.0,7.69476
2019-07-06,Búnker,14.7,7.69476
2019-07-06,Diésel,0.0,7.69476
2019-07-06,GLP,110.0,7.69476
2019-07-06,Regular,0.0,7.69476
2019-07-06,Superior,0.0,7.69476
2019-07-07,Búnker,14.7,7.69476
2019-07-07,Diésel,0.0,7.69476
2019-07-07,GLP,110.0,7.69476
2019-07-07,Regular,0.0,7.69476
2019-07-07,Superior,0.0,7.69476
2019-07-08,Búnker,14.7,7.68757
2019-07-08,Diésel,21.21,7.68757
2019-07-08,GLP,110.0,7.68757
2019-07-08,Regular,24.79,7.68757
2019-07-08,Superior,25.99,7.68757
2019-07-09,Búnker,14.7,7.68019
2019-07-09,Diésel,0.0,7.68019
2019-07-09,GLP,110.0,7.68019
2019-07-09,Regular,0.0,7.68019
2019-07-09,Superior,0.0,7.68019
2019-07-10,Búnker,14.7,7.67423
2019-07-10,Diésel,0.0,7.67423
2019-07-10,GLP,110.0,7.67423
2019-07-10,Regular,0.0,7.67423
2019-07-10,Superior,0.0,7.67423
2019-07-11,Búnker,14.7,7.67558
2019-07-11,Diésel,0.0,7.67558
2019-07-11,GLP,110.0,7.67558
2019-07-11,Regular,0.0,7.67558
2019-07-11,Superior,0.0,7.67558
2019-07-12,Búnker,14.7,7.6785
2019-07-12,Diésel,0.0,7.6785
2019-07-12,GLP,110.0,7.6785
2019-07-12,Regular,0.0,7.6785
2019-07-12,Superior,0.0,7.6785
2019-07-13,Búnker,14.7,7.6785
2019-07-13,Diésel,0.0,7.6785
2019-07-13,GLP,110.0,7.6785
2019-07-13,Regular,0.0,7.6785
2019-07-13,Superior,0.0,7.6785
2019-07-14,Búnker,14.7,7.6785
2019-07-14,Diésel,0.0,7.6785
2019-07-14,GLP,110.0,7.6785
2019-07-14,Regular,0.0,7.6785
2019-07-14,Superior,0.0,7.6785
2019-07-15,Búnker,15.1,7.6709
2019-07-15,Diésel,20.91,7.6709
2019-07-15,GLP,110.0,7.6709
2019-07-15,Regular,25.3,7.6709
2019-07-15,Superior,26.5,7.6709
2019-07-16,Búnker,15.1,7.66706
2019-07-16,Diésel,0.0,7.66706
2019-07-16,GLP,110.0,7.66706
2019-07-16,Regular,0.0,7.66706
2019-07-16,Superior,0.0,7.66706
2019-07-17,Búnker,15.1,7.66775
2019-07-17,Diésel,0.0,7.66775
2019-07-17,GLP,110.0,7.66775
2019-07-17,Regular,0.0,7.66775
2019-07-17,Superior,0.0,7.66775
2019-07-18,Búnker,15.1,7.66198
2019-07-18,Diésel,0.0,7.66198
2019-07-18,GLP,110.0,7.66198
2019-07-18,Regular,0.0,7.66198
2019-07-18,Superior,0.0,7.66198
2019-07-19,Búnker,15.1,7.65753
2019-07-19,Diésel,0.0,7.65753
2019-07-19,GLP,110.0,7.65753
2019-07-19,Regular,0.0,7.65753
2019-07-19,Superior,0.0,7.65753
2019-07-20,Búnker,15.1,7.65753
2019-07-20,Diésel,0.0,7.65753
2019-07-20,GLP,110.0,7.65753
2019-07-20,Regular,0.0,7.65753
2019-07-20,Superior,0.0,7.65753
2019-07-21,Búnker,15.1,7.65753
2019-07-21,Diésel,0.0,7.65753
2019-07-21,GLP,110.0,7.65753
2019-07-21,Regular,0.0,7.65753
2019-07-21,Superior,0.0,7.65753
2019-07-22,Búnker,14.9,7.65107
2019-07-22,Diésel,20.91,7.65107
2019-07-22,GLP,110.0,7.65107
2019-07-22,Regular,25.47,7.65107
2019-07-22,Superior,26.67,7.65107
2019-07-23,Búnker,14.9,7.64833
2019-07-23,Diésel,0.0,7.64833
2019-07-23,GLP,110.0,7.64833
2019-07-23,Regular,0.0,7.64833
2019-07-23,Superior,0.0,7.64833
2019-07-24,Búnker,14.9,7.65113
2019-07-24,Diésel,0.0,7.65113
2019-07-24,GLP,110.0,7.65113
2019-07-24,Regular,0.0,7.65113
2019-07-24,Superior,0.0,7.65113
2019-07-25,Búnker,14.9,7.66257
2019-07-25,Diésel,0.0,7.66257
2019-07-25,GLP,110.0,7.66257
2019-07-25,Regular,0.0,7.66257
2019-07-25,Superior,0.0,7.66257
2019-07-26,Búnker,14.9,7.66851
2019-07-26,Diésel,0.0,7.66851
2019-07-26,GLP,110.0,7.66851
2019-07-26,Regular,0.0,7.66851
2019-07-26,Superior,0.0,7.66851
2019-07-27,Búnker,14.9,7.66851
2019-07-27,Diésel,0.0,7.66851
2019-07-27,GLP,110.0,7.66851
2019-07-27,Regular,0.0,7.66851
2019-07-27,Superior,0.0,7.66851
2019-07-28,Búnker,14.9,7.66851
2019-07-28,Diésel,0.0,7.66851
2019-07-28,GLP,110.0,7.66851
2019-07-28,Regular,0.0,7.66851
2019-07-28,Superior,0.0,7.66851
2019-07-29,Búnker,14.3,7.6795
2019-07-29,Diésel,20.71,7.6795
2019-07-29,GLP,110.0,7.6795
2019-07-29,Regular,24.84,7.6795
2019-07-29,Superior,26.05,7.6795
2019-07-30,Búnker,14.3,7.68197
2019-07-30,Diésel,0.0,7.68197
2019-07-30,GLP,110.0,7.68197
2019-07-30,Regular,0.0,7.68197
2019-07-30,Superior,0.0,7.68197
2019-07-31,Búnker,14.3,7.68161
2019-07-31,Diésel,0.0,7.68161
2019-07-31,GLP,110.0,7.68161
2019-07-31,Regular,0.0,7.68161
2019-07-31,Superior,0.0,7.68161
2019-08-01,Búnker,14.3,7.67597
2019-08-01,Diésel,0.0,7.67597
2019-08-01,GLP,110.0,7.67597
2019-08-01,Regular,0.0,7.67597
2019-08-01,Superior,0.0,7.67597
2019-08-02,Búnker,14.3,7.67201
2019-08-02,Diésel,0.0,7.67201
2019-08-02,GLP,110.0,7.67201
2019-08-02,Regular,0.0,7.67201
2019-08-02,Superior,0.0,7.67201
2019-08-03,Búnker,14.3,7.67201
2019-08-03,Diésel,0.0,7.67201
2019-08-03,GLP,110.0,7.67201
2019-08-03,Regular,0.0,7.67201
2019-08-03,Superior,0.0,7.67201
2019-08-04,Búnker,14.3,7.67201
2019-08-04,Diésel,0.0,7.67201
2019-08-04,GLP,110.0,7.67201
2019-08-04,Regular,0.0,7.67201
2019-08-04,Superior,0.0,7.67201
2019-08-05,Búnker,14.3,7.6647
2019-08-05,Diésel,20.71,7.6647
2019-08-05,GLP,110.0,7.6647
2019-08-05,Regular,24.8,7.6647
2019-08-05,Superior,26.0,7.6647
2019-08-06,Búnker,14.3,7.66258
2019-08-06,Diésel,0.0,7.66258
2019-08-06,GLP,110.0,7.66258
2019-08-06,Regular,0.0,7.66258
2019-08-06,Superior,0.0,7.66258
2019-08-07,Búnker,14.3,7.6626
2019-08-07,Diésel,0.0,7.6626
2019-08-07,GLP,110.0,7.6626
2019-08-07,Regular,0.0,7.6626
2019-08-07,Superior,0.0,7.6626
2019-08-08,Búnker,14.3,7.66488
2019-08-08,Diésel,0.0,7.66488
2019-08-08,GLP,110.0,7.66488
2019-08-08,Regular,0.0,7.66488
2019-08-08,Superior,0.0,7.66488
2019-08-09,Búnker,14.3,7.66499
2019-08-09,Diésel,0.0,7.66499
2019-08-09,GLP,110.0,7.66499
2019-08-09,Regular,0.0,7.66499
2019-08-09,Superior,0.0,7.66499
2019-08-10,Búnker,14.3,7.66499
2019-08-10,Diésel,0.0,7.66499
2019-08-10,GLP,110.0,7.66499
2019-08-10,Regular,0.0,7.66499
2019-08-10,Superior,0.0,7.66499
2019-08-11,Búnker,14.3,7.66499
2019-08-11,Diésel,0.0,7.66499
2019-08-11,GLP,110.0,7.66499
2019-08-11,Regular,0.0,7.66499
2019-08-11,Superior,0.0,7.66499
2019-08-12,Búnker,13.85,7.66867
2019-08-12,Diésel,20.1,7.66867
2019-08-12,GLP,110.0,7.66867
2019-08-12,Regular,23.84,7.66867
2019-08-12,Superior,25.04,7.66867
2019-08-13,Búnker,13.85,7.67125
2019-08-13,Diésel,0.0,7.67125
2019-08-13,GLP,110.0,7.67125
2019-08-13,Regular,0.0,7.67125
2019-08-13,Superior,0.0,7.67125
2019-08-14,Búnker,13.85,7.67325
2019-08-14,Diésel,0.0,7.67325
2019-08-14,GLP,110.0,7.67325
2019-08-14,Regular,0.0,7.67325
2019-08-14,Superior,0.0,7.67325
2019-08-15,Búnker,13.85,7.67325
2019-08-15,Diésel,0.0,7.67325
2019-08-15,GLP,110.0,7.67325
2019-08-15,Regular,0.0,7.67325
2019-08-15,Superior,0.0,7.67325
2019-08-16,Búnker,13.85,7.67226
2019-08-16,Diésel,0.0,7.67226
2019-08-16,GLP,110.0,7.67226
2019-08-16,Regular,0.0,7.67226
2019-08-16,Superior,0.0,7.67226
2019-08-17,Búnker,13.85,7.67226
2019-08-17,Diésel,0.0,7.67226
2019-08-17,GLP,110.0,7.67226
2019-08-17,Regular,0.0,7.67226
2019-08-17,Superior,0.0,7.67226
2019-08-18,Búnker,13.85,7.67226
2019-08-18,Diésel,0.0,7.67226
2019-08-18,GLP,110.0,7.67226
2019-08-18,Regular,0.0,7.67226
2019-08-18,Superior,0.0,7.67226
2019-08-19,Búnker,13.3,7.67135
2019-08-19,Diésel,20.01,7.67135
2019-08-19,GLP,110.0,7.67135
2019-08-19,Regular,23.71,7.67135
2019-08-19,Superior,24.89,7.67135
2019-08-20,Búnker,13.3,7.67255
2019-08-20,Diésel,0.0,7.67255
2019-08-20,GLP,110.0,7.67255
2019-08-20,Regular,0.0,7.67255
2019-08-20,Superior,0.0,7.67255
2019-08-21,Búnker,13.3,7.67146
2019-08-21,Diésel,0.0,7.67146
2019-08-21,GLP,110.0,7.67146
2019-08-21,Regular,0.0,7.67146
2019-08-21,Superior,0.0,7.67146
2019-08-22,Búnker,13.3,7.67178
2019-08-22,Diésel,0.0,7.67178
2019-08-22,GLP,110.0,7.67178
2019-08-22,Regular,0.0,7.67178
2019-08-22,Superior,0.0,7.67178
2019-08-23,Búnker,13.3,7.67193
2019-08-23,Diésel,0.0,7.67193
2019-08-23,GLP,110.0,7.67193
2019-08-23,Regular,0.0,7.67193
2019-08-23,Superior,0.0,7.67193
2019-08-24,Búnker,13.3,7.67193
2019-08-24,Diésel,0.0,7.67193
2019-08-24,GLP,110.0,7.67193
2019-08-24,Regular,0.0,7.67193
2019-08-24,Superior,0.0,7.67193
2019-08-25,Búnker,13.3,7.67193
2019-08-25,Diésel,0.0,7.67193
2019-08-25,GLP,110.0,7.67193
2019-08-25,Regular,0.0,7.67193
2019-08-25,Superior,0.0,7.67193
2019-08-26,Búnker,12.85,7.66866
2019-08-26,Diésel,20.0,7.66866
2019-08-26,GLP,110.0,7.66866
2019-08-26,Regular,23.51,7.66866
2019-08-26,Superior,24.71,7.66866
2019-08-27,Búnker,12.85,7.66837
2019-08-27,Diésel,0.0,7.66837
2019-08-27,GLP,110.0,7.66837
2019-08-27,Regular,0.0,7.66837
2019-08-27,Superior,0.0,7.66837
2019-08-28,Búnker,12.85,7.67421
2019-08-28,Diésel,0.0,7.67421
2019-08-28,GLP,110.0,7.67421
2019-08-28,Regular,0.0,7.67421
2019-08-28,Superior,0.0,7.67421
2019-08-29,Búnker,12.85,7.67454
2019-08-29,Diésel,0.0,7.67454
2019-08-29,GLP,110.0,7.67454
2019-08-29,Regular,0.0,7.67454
2019-08-29,Superior,0.0,7.67454
2019-08-30,Búnker,12.85,7.68091
2019-08-30,Diésel,0.0,7.68091
2019-08-30,GLP,110.0,7.68091
2019-08-30,Regular,0.0,7.68091
2019-08-30,Superior,0.0,7.68091
2019-08-31,Búnker,12.85,7.68091
2019-08-31,Diésel,0.0,7.68091
2019-08-31,GLP,110.0,7.68091
2019-08-31,Regular,0.0,7.68091
2019-08-31,Superior,0.0,7.68091
2019-09-01,Búnker,12.85,7.68091
2019-09-01,Diésel,0.0,7.68091
2019-09-01,GLP,110.0,7.68091
2019-09-01,Regular,0.0,7.68091
2019-09-01,Superior,0.0,7.68091
2019-09-02,Búnker,12.75,7.68019
2019-09-02,Diésel,20.0,7.68019
2019-09-02,GLP,110.0,7.68019
2019-09-02,Regular,23.32,7.68019
2019-09-02,Superior,24.51,7.68019
2019-09-03,Búnker,12.75,7.68046
2019-09-03,Diésel,0.0,7.68046
2019-09-03,GLP,110.0,7.68046
2019-09-03,Regular,0.0,7.68046
2019-09-03,Superior,0.0,7.68046
2019-09-04,Búnker,12.75,7.68107
2019-09-04,Diésel,0.0,7.68107
2019-09-04,GLP,110.0,7.68107
2019-09-04,Regular,0.0,7.68107
2019-09-04,Superior,0.0,7.68107
2019-09-05,Búnker,12.75,7.68209
2019-09-05,Diésel,0.0,7.68209
2019-09-05,GLP,110.0,7.68209
2019-09-05,Regular,0.0,7.68209
2019-09-05,Superior,0.0,7.68209
2019-09-06,Búnker,12.75,7.68584
2019-09-06,Diésel,0.0,7.68584
2019-09-06,GLP,110.0,7.68584
2019-09-06,Regular,0.0,7.68584
2019-09-06,Superior,0.0,7.68584
2019-09-07,Búnker,12.75,7.68584
2019-09-07,Diésel,0.0,7.68584
2019-09-07,GLP,110.0,7.68584
2019-09-07,Regular,0.0,7.68584
2019-09-07,Superior,0.0,7.68584
2019-09-08,Búnker,12.75,7.68584
2019-09-08,Diésel,0.0,7.68584
2019-09-08,GLP,110.0,7.68584
2019-09-08,Regular,0.0,7.68584
2019-09-08,Superior,0.0,7.68584
2019-09-09,Búnker,12.9,7.6998
2019-09-09,Diésel,20.67,7.6998
2019-09-09,GLP,110.0,7.6998
2019-09-09,Regular,23.32,7.6998
2019-09-09,Superior,24.52,7.6998
2019-09-10,Búnker,12.9,7.70358
2019-09-10,Diésel,0.0,7.70358
2019-09-10,GLP,110.0,7.70358
2019-09-10,Regular,0.0,7.70358
2019-09-10,Superior,0.0,7.70358
2019-09-11,Búnker,12.9,7.70908
2019-09-11,Diésel,0.0,7.70908
2019-09-11,GLP,110.0,7.70908
2019-09-11,Regular,0.0,7.70908
2019-09-11,Superior,0.0,7.70908
2019-09-12,Búnker,12.9,7.70894
2019-09-12,Diésel,0.0,7.70894
2019-09-12,GLP,110.0,7.70894
2019-09-12,Regular,0.0,7.70894
2019-09-12,Superior,0.0,7.70894
2019-09-13,Búnker,12.9,7.70732
2019-09-13,Diésel,0.0,7.70732
2019-09-13,GLP,110.0,7.70732
2019-09-13,Regular,0.0,7.70732
2019-09-13,Superior,0.0,7.70732
2019-09-14,Búnker,12.9,7.70732
2019-09-14,Diésel,0.0,7.70732
2019-09-14,GLP,110.0,7.70732
2019-09-14,Regular,0.0,7.70732
2019-09-14,Superior,0.0,7.70732
2019-09-15,Búnker,12.9,7.70732
2019-09-15,Diésel,0.0,7.70732
2019-09-15,GLP,110.0,7.70732
2019-09-15,Regular,0.0,7.70732
2019-09-15,Superior,0.0,7.70732
2019-09-16,Búnker,14.63,7.70732
2019-09-16,Diésel,21.15,7.70732
2019-09-16,GLP,110.0,7.70732
2019-09-16,Regular,23.77,7.70732
2019-09-16,Superior,24.96,7.70732
2019-09-17,Búnker,14.63,7.70325
2019-09-17,Diésel,0.0,7.70325
2019-09-17,GLP,110.0,7.70325
2019-09-17,Regular,0.0,7.70325
2019-09-17,Superior,0.0,7.70325
2019-09-18,Búnker,14.63,7.70283
2019-09-18,Diésel,0.0,7.70283
2019-09-18,GLP,110.0,7.70283
2019-09-18,Regular,0.0,7.70283
2019-09-18,Superior,0.0,7.70283
2019-09-19,Búnker,14.63,7.70525
2019-09-19,Diésel,0.0,7.70525
2019-09-19,GLP,110.0,7.70525
2019-09-19,Regular,0.0,7.70525
2019-09-19,Superior,0.0,7.70525
2019-09-20,Búnker,14.63,7.71186
2019-09-20,Diésel,0.0,7.71186
2019-09-20,GLP,110.0,7.71186
2019-09-20,Regular,0.0,7.71186
2019-09-20,Superior,0.0,7.71186
2019-09-21,Búnker,14.63,7.71186
2019-09-21,Diésel,0.0,7.71186
2019-09-21,GLP,110.0,7.71186
2019-09-21,Regular,0.0,7.71186
2019-09-21,Superior,0.0,7.71186
2019-09-22,Búnker,14.63,7.71186
2019-09-22,Diésel,0.0,7.71186
2019-09-22,GLP,110.0,7.71186
2019-09-22,Regular,0.0,7.71186
2019-09-22,Superior,0.0,7.71186
2019-09-23,Búnker,14.88,7.71494
2019-09-23,Diésel,21.53,7.71494
2019-09-23,GLP,110.0,7.71494
2019-09-23,Regular,24.23,7.71494
2019-09-23,Superior,25.42,7.71494
2019-09-24,Búnker,14.88,7.72059
2019-09-24,Diésel,0.0,7.72059
2019-09-24,GLP,110.0,7.72059
2019-09-24,Regular,0.0,7.72059
2019-09-24,Superior,0.0,7.72059
2019-09-25,Búnker,14.88,7.72266
2019-09-25,Diésel,0.0,7.72266
2019-09-25,GLP,110.0,7.72266
2019-09-25,Regular,0.0,7.72266
2019-09-25,Superior,0.0,7.72266
2019-09-26,Búnker,14.88,7.72934
2019-09-26,Diésel,0.0,7.72934
2019-09-26,GLP,110.0,7.72934
2019-09-26,Regular,0.0,7.72934
2019-09-26,Superior,0.0,7.72934
2019-09-27,Búnker,14.88,7.7317
2019-09-27,Diésel,0.0,7.7317
2019-09-27,GLP,110.0,7.7317
2019-09-27,Regular,0.0,7.7317
2019-09-27,Superior,0.0,7.7317
2019-09-28,Búnker,14.88,7.7317
2019-09-28,Diésel,0.0,7.7317
2019-09-28,GLP,110.0,7.7317
2019-09-28,Regular,0.0,7.7317
2019-09-28,Superior,0.0,7.7317
2019-09-29,Búnker,14.88,7.7317
2019-09-29,Diésel,0.0,7.7317
2019-09-29,GLP,110.0,7.7317
2019-09-29,Regular,0.0,7.7317
2019-09-29,Superior,0.0,7.7317
2019-09-30,Búnker,15.03,7.73551
2019-09-30,Diésel,21.59,7.73551
2019-09-30,GLP,110.0,7.73551
2019-09-30,Regular,24.3,7.73551
2019-09-30,Superior,25.5,7.73551
2019-10-01,Búnker,15.03,7.73978
2019-10-01,Diésel,0.0,7.73978
2019-10-01,GLP,108.33,7.73978
2019-10-01,Regular,0.0,7.73978
2019-10-01,Superior,0.0,7.73978
2019-10-02,Búnker,15.03,7.75378
2019-10-02,Diésel,0.0,7.75378
2019-10-02,GLP,108.33,7.75378
2019-10-02,Regular,0.0,7.75378
2019-10-02,Superior,0.0,7.75378
2019-10-03,Búnker,15.03,7.75781
2019-10-03,Diésel,0.0,7.75781
2019-10-03,GLP,108.33,7.75781
2019-10-03,Regular,0.0,7.75781
2019-10-03,Superior,0.0,7.75781
2019-10-04,Búnker,15.03,7.77061
2019-10-04,Diésel,0.0,7.77061
2019-10-04,GLP,108.33,7.77061
2019-10-04,Regular,0.0,7.77061
2019-10-04,Superior,0.0,7.77061
2019-10-05,Búnker,15.03,7.77061
2019-10-05,Diésel,0.0,7.77061
2019-10-05,GLP,100.0,7.77061
2019-10-05,Regular,0.0,7.77061
2019-10-05,Superior,0.0,7.77061
2019-10-06,Búnker,15.03,7.77061
2019-10-06,Diésel,0.0,7.77061
2019-10-06,GLP,100.0,7.77061
2019-10-06,Regular,0.0,7.77061
2019-10-06,Superior,0.0,7.77061
2019-10-07,Búnker,15.13,7.77457
2019-10-07,Diésel,21.21,7.77457
2019-10-07,GLP,100.0,7.77457
2019-10-07,Regular,23.62,7.77457
2019-10-07,Superior,24.73,7.77457
2019-10-08,Búnker,15.13,7.77628
2019-10-08,Diésel,0.0,7.77628
2019-10-08,GLP,100.0,7.77628
2019-10-08,Regular,0.0,7.77628
2019-10-08,Superior,0.0,7.77628
2019-10-09,Búnker,15.13,7.7789
2019-10-09,Diésel,0.0,7.7789
2019-10-09,GLP,100.0,7.7789
2019-10-09,Regular,0.0,7.7789
2019-10-09,Superior,0.0,7.7789
2019-10-10,Búnker,15.13,7.77815
2019-10-10,Diésel,0.0,7.77815
2019-10-10,GLP,100.0,7.77815
2019-10-10,Regular,0.0,7.77815
2019-10-10,Superior,0.0,7.77815
2019-10-11,Búnker,15.13,7.77815
2019-10-11,Diésel,0.0,7.77815
2019-10-11,GLP,100.0,7.77815
2019-10-11,Regular,0.0,7.77815
2019-10-11,Superior,0.0,7.77815
2019-10-12,Búnker,15.13,7.77815
2019-10-12,Diésel,0.0,7.77815
2019-10-12,GLP,100.0,7.77815
2019-10-12,Regular,0.0,7.77815
2019-10-12,Superior,0.0,7.77815
2019-10-13,Búnker,15.13,7.77815
2019-10-13,Diésel,0.0,7.77815
2019-10-13,GLP,100.0,7.77815
2019-10-13,Regular,0.0,7.77815
2019-10-13,Superior,0.0,7.77815
2019-10-14,Búnker,15.13,7.77186
2019-10-14,Diésel,21.2,7.77186
2019-10-14,GLP,100.0,7.77186
2019-10-14,Regular,23.61,7.77186
2019-10-14,Superior,24.71,7.77186
2019-10-15,Búnker,15.13,7.77059
2019-10-15,Diésel,0.0,7.77059
2019-10-15,GLP,100.0,7.77059
2019-10-15,Regular,0.0,7.77059
2019-10-15,Superior,0.0,7.77059
2019-10-16,Búnker,15.13,7.77368
2019-10-16,Diésel,0.0,7.77368
2019-10-16,GLP,100.0,7.77368
2019-10-16,Regular,0.0,7.77368
2019-10-16,Superior,0.0,7.77368
2019-10-17,Búnker,15.13,7.77316
2019-10-17,Diésel,0.0,7.77316
2019-10-17,GLP,100.0,7.77316
2019-10-17,Regular,0.0,7.77316
2019-10-17,Superior,0.0,7.77316
2019-10-18,Búnker,15.13,7.77074
2019-10-18,Diésel,0.0,7.77074
2019-10-18,GLP,100.0,7.77074
2019-10-18,Regular,0.0,7.77074
2019-10-18,Superior,0.0,7.77074
2019-10-19,Búnker,15.13,7.77074
2019-10-19,Diésel,0.0,7.77074
2019-10-19,GLP,100.0,7.77074
2019-10-19,Regular,0.0,7.77074
2019-10-19,Superior,0.0,7.77074
2019-10-20,Búnker,15.13,7.77074
2019-10-20,Diésel,0.0,7.77074
2019-10-20,GLP,100.0,7.77074
2019-10-20,Regular,0.0,7.77074
2019-10-20,Superior,0.0,7.77074
2019-10-21,Búnker,15.13,7.77074
2019-10-21,Diésel,0.0,7.77074
2019-10-21,GLP,100.0,7.77074
2019-10-21,Regular,0.0,7.77074
2019-10-21,Superior,0.0,7.77074
2019-10-22,Búnker,12.83,7.7669
2019-10-22,Diésel,21.2,7.7669
2019-10-22,GLP,100.0,7.7669
2019-10-22,Regular,23.6,7.7669
2019-10-22,Superior,24.71,7.7669
2019-10-23,Búnker,12.83,7.76558
2019-10-23,Diésel,0.0,7.76558
2019-10-23,GLP,100.0,7.76558
2019-10-23,Regular,0.0,7.76558
2019-10-23,Superior,0.0,7.76558
2019-10-24,Búnker,12.83,7.76327
2019-10-24,Diésel,0.0,7.76327
2019-10-24,GLP,100.0,7.76327
2019-10-24,Regular,0.0,7.76327
2019-10-24,Superior,0.0,7.76327
2019-10-25,Búnker,12.83,7.75533
2019-10-25,Diésel,0.0,7.75533
2019-10-25,GLP,100.0,7.75533
2019-10-25,Regular,0.0,7.75533
2019-10-25,Superior,0.0,7.75533
2019-10-26,Búnker,12.83,7.75533
2019-10-26,Diésel,0.0,7.75533
2019-10-26,GLP,100.0,7.75533
2019-10-26,Regular,0.0,7.75533
2019-10-26,Superior,0.0,7.75533
2019-10-27,Búnker,12.83,7.75533
2019-10-27,Diésel,0.0,7.75533
2019-10-27,GLP,100.0,7.75533
2019-10-27,Regular,0.0,7.75533
2019-10-27,Superior,0.0,7.75533
2019-10-28,Búnker,12.93,7.74661
2019-10-28,Diésel,21.2,7.74661
2019-10-28,GLP,100.0,7.74661
2019-10-28,Regular,23.6,7.74661
2019-10-28,Superior,24.71,7.74661
2019-10-29,Búnker,12.93,7.73503
2019-10-29,Diésel,0.0,7.73503
2019-10-29,GLP,100.0,7.73503
2019-10-29,Regular,0.0,7.73503
2019-10-29,Superior,0.0,7.73503
2019-10-30,Búnker,12.93,7.72046
2019-10-30,Diésel,0.0,7.72046
2019-10-30,GLP,100.0,7.72046
2019-10-30,Regular,0.0,7.72046
2019-10-30,Superior,0.0,7.72046
2019-10-31,Búnker,12.93,7.71001
2019-10-31,Diésel,0.0,7.71001
2019-10-31,GLP,100.0,7.71001
2019-10-31,Regular,0.0,7.71001
2019-10-31,Superior,0.0,7.71001
2019-11-01,Búnker,12.93,7.71001
2019-11-01,Diésel,0.0,7.71001
2019-11-01,GLP,100.0,7.71001
2019-11-01,Regular,0.0,7.71001
2019-11-01,Superior,0.0,7.71001
2019-11-02,Búnker,12.93,7.71001
2019-11-02,Diésel,0.0,7.71001
2019-11-02,GLP,100.0,7.71001
2019-11-02,Regular,0.0,7.71001
2019-11-02,Superior,0.0,7.71001
2019-11-03,Búnker,12.93,7.71001
2019-11-03,Diésel,0.0,7.71001
2019-11-03,GLP,100.0,7.71001
2019-11-03,Regular,0.0,7.71001
2019-11-03,Superior,0.0,7.71001
2019-11-04,Búnker,12.53,7.70849
2019-11-04,Diésel,21.01,7.70849
2019-11-04,GLP,100.0,7.70849
2019-11-04,Regular,23.59,7.70849
2019-11-04,Superior,24.7,7.70849
2019-11-05,Búnker,12.53,7.69841
2019-11-05,Diésel,0.0,7.69841
2019-11-05,GLP,100.0,7.69841
2019-11-05,Regular,0.0,7.69841
2019-11-05,Superior,0.0,7.69841
2019-11-06,Búnker,12.53,7.69492
2019-11-06,Diésel,0.0,7.69492
2019-11-06,GLP,100.0,7.69492
2019-11-06,Regular,0.0,7.69492
2019-11-06,Superior,0.0,7.69492
2019-11-07,Búnker,12.53,7.69473
2019-11-07,Diésel,0.0,7.69473
2019-11-07,GLP,100.0,7.69473
2019-11-07,Regular,0.0,7.69473
2019-11-07,Superior,0.0,7.69473
2019-11-08,Búnker,12.53,7.69679
2019-11-08,Diésel,0.0,7.69679
2019-11-08,GLP,100.0,7.69679
2019-11-08,Regular,0.0,7.69679
2019-11-08,Superior,0.0,7.69679
2019-11-09,Búnker,12.53,7.69679
2019-11-09,Diésel,0.0,7.69679
2019-11-09,GLP,100.0,7.69679
2019-11-09,Regular,0.0,7.69679
2019-11-09,Superior,0.0,7.69679
2019-11-10,Búnker,12.53,7.69679
2019-11-10,Diésel,0.0,7.69679
2019-11-10,GLP,100.0,7.69679
2019-11-10,Regular,0.0,7.69679
2019-11-10,Superior,0.0,7.69679
2019-11-11,Búnker,12.23,7.70291
2019-11-11,Diésel,21.0,7.70291
2019-11-11,GLP,100.0,7.70291
2019-11-11,Regular,23.59,7.70291
2019-11-11,Superior,24.7,7.70291
2019-11-12,Búnker,12.23,7.71584
2019-11-12,Diésel,0.0,7.71584
2019-11-12,GLP,100.0,7.71584
2019-11-12,Regular,0.0,7.71584
2019-11-12,Superior,0.0,7.71584
2019-11-13,Búnker,12.23,7.70927
2019-11-13,Diésel,0.0,7.70927
2019-11-13,GLP,100.0,7.70927
2019-11-13,Regular,0.0,7.70927
2019-11-13,Superior,0.0,7.70927
2019-11-14,Búnker,12.23,7.71191
2019-11-14,Diésel,0.0,7.71191
2019-11-14,GLP,100.0,7.71191
2019-11-14,Regular,0.0,7.71191
2019-11-14,Superior,0.0,7.71191
2019-11-15,Búnker,12.23,7.70808
2019-11-15,Diésel,0.0,7.70808
2019-11-15,GLP,100.0,7.70808
2019-11-15,Regular,0.0,7.70808
2019-11-15,Superior,0.0,7.70808
2019-11-16,Búnker,12.23,7.70808
2019-11-16,Diésel,0.0,7.70808
2019-11-16,GLP,100.0,7.70808
2019-11-16,Regular,0.0,7.70808
2019-11-16,Superior,0.0,7.70808
2019-11-17,Búnker,12.23,7.70808
2019-11-17,Diésel,0.0,7.70808
2019-11-17,GLP,100.0,7.70808
2019-11-17,Regular,0.0,7.70808
2019-11-17,Superior,0.0,7.70808
2019-11-18,Búnker,11.78,7.70387
2019-11-18,Diésel,20.99,7.70387
2019-11-18,GLP,100.0,7.70387
2019-11-18,Regular,23.6,7.70387
2019-11-18,Superior,24.7,7.70387
2019-11-19,Búnker,11.78,7.7035
2019-11-19,Diésel,0.0,7.7035
2019-11-19,GLP,100.0,7.7035
2019-11-19,Regular,0.0,7.7035
2019-11-19,Superior,0.0,7.7035
2019-11-20,Búnker,11.78,7.7035
2019-11-20,Diésel,0.0,7.7035
2019-11-20,GLP,100.0,7.7035
2019-11-20,Regular,0.0,7.7035
2019-11-20,Superior,0.0,7.7035
2019-11-21,Búnker,11.78,7.7035
2019-11-21,Diésel,0.0,7.7035
2019-11-21,GLP,100.0,7.7035
2019-11-21,Regular,0.0,7.7035
2019-11-21,Superior,0.0,7.7035
2019-11-22,Búnker,11.78,7.7035
2019-11-22,Diésel,0.0,7.7035
2019-11-22,GLP,100.0,7.7035
2019-11-22,Regular,0.0,7.7035
2019-11-22,Superior,0.0,7.7035
2019-11-23,Búnker,11.78,7.7035
2019-11-23,Diésel,0.0,7.7035
2019-11-23,GLP,100.0,7.7035
2019-11-23,Regular,0.0,7.7035
2019-11-23,Superior,0.0,7.7035
2019-11-24,Búnker,11.78,7.7035
2019-11-24,Diésel,0.0,7.7035
2019-11-24,GLP,110.0,7.7035
2019-11-24,Regular,0.0,7.7035
2019-11-24,Superior,0.0,7.7035
2019-11-25,Búnker,11.83,7.70396
2019-11-25,Diésel,20.73,7.70396
2019-11-25,GLP,110.0,7.70396
2019-11-25,Regular,23.5,7.70396
2019-11-25,Superior,25.51,7.70396
2019-11-26,Búnker,11.83,7.70396
2019-11-26,Diésel,0.0,7.70396
2019-11-26,GLP,110.0,7.70396
2019-11-26,Regular,0.0,7.70396
2019-11-26,Superior,0.0,7.70396
2019-11-27,Búnker,11.83,7.70396
2019-11-27,Diésel,0.0,7.70396
2019-11-27,GLP,110.0,7.70396
2019-11-27,Regular,0.0,7.70396
2019-11-27,Superior,0.0,7.70396
2019-11-28,Búnker,11.83,7.70396
2019-11-28,Diésel,0.0,7.70396
2019-11-28,GLP,110.0,7.70396
2019-11-28,Regular,0.0,7.70396
2019-11-28,Superior,0.0,7.70396
2019-11-29,Búnker,11.83,7.70396
2019-11-29,Diésel,0.0,7.70396
2019-11-29,GLP,110.0,7.70396
2019-11-29,Regular,0.0,7.70396
2019-11-29,Superior,0.0,7.70396
2019-11-30,Búnker,11.83,7.70396
2019-11-30,Diésel,0.0,7.70396
2019-11-30,GLP,110.0,7.70396
2019-11-30,Regular,0.0,7.70396
2019-11-30,Superior,0.0,7.70396
2019-12-01,Búnker,11.83,7.70254
2019-12-01,Diésel,0.0,7.70254
2019-12-01,GLP,110.0,7.70254
2019-12-01,Regular,0.0,7.70254
2019-12-01,Superior,0.0,7.70254
2019-12-02,Búnker,11.78,7.69993
2019-12-02,Diésel,20.71,7.69993
2019-12-02,GLP,110.0,7.69993
2019-12-02,Regular,23.5,7.69993
2019-12-02,Superior,24.52,7.69993
2019-12-03,Búnker,11.78,7.69237
2019-12-03,Diésel,0.0,7.69237
2019-12-03,GLP,110.0,7.69237
2019-12-03,Regular,0.0,7.69237
2019-12-03,Superior,0.0,7.69237
2019-12-04,Búnker,11.78,7.68731
2019-12-04,Diésel,0.0,7.68731
2019-12-04,GLP,110.0,7.68731
2019-12-04,Regular,0.0,7.68731
2019-12-04,Superior,0.0,7.68731
2019-12-05,Búnker,11.78,7.68281
2019-12-05,Diésel,0.0,7.68281
2019-12-05,GLP,110.0,7.68281
2019-12-05,Regular,0.0,7.68281
2019-12-05,Superior,0.0,7.68281
2019-12-06,Búnker,11.78,7.6796
2019-12-06,Diésel,0.0,7.6796
2019-12-06,GLP,110.0,7.6796
2019-12-06,Regular,0.0,7.6796
2019-12-06,Superior,0.0,7.6796
2019-12-07,Búnker,11.78,7.6796
2019-12-07,Diésel,0.0,7.6796
2019-12-07,GLP,110.0,7.6796
2019-12-07,Regular,0.0,7.6796
2019-12-07,Superior,0.0,7.6796
2019-12-08,Búnker,11.78,7.6796
2019-12-08,Diésel,0.0,7.6796
2019-12-08,GLP,110.0,7.6796
2019-12-08,Regular,0.0,7.6796
2019-12-08,Superior,0.0,7.6796
2019-12-09,Búnker,11.48,7.67369
2019-12-09,Diésel,20.72,7.67369
2019-12-09,GLP,110.0,7.67369
2019-12-09,Regular,23.16,7.67369
2019-12-09,Superior,24.17,7.67369
2019-12-10,Búnker,11.48,7.66967
2019-12-10,Diésel,0.0,7.66967
2019-12-10,GLP,110.0,7.66967
2019-12-10,Regular,0.0,7.66967
2019-12-10,Superior,0.0,7.66967
2019-12-11,Búnker,11.48,7.66848
2019-12-11,Diésel,0.0,7.66848
2019-12-11,GLP,110.0,7.66848
2019-12-11,Regular,0.0,7.66848
2019-12-11,Superior,0.0,7.66848
2019-12-12,Búnker,11.48,7.6713
2019-12-12,Diésel,0.0,7.6713
2019-12-12,GLP,110.0,7.6713
2019-12-12,Regular,0.0,7.6713
2019-12-12,Superior,0.0,7.6713
2019-12-13,Búnker,11.48,7.67979
2019-12-13,Diésel,0.0,7.67979
2019-12-13,GLP,110.0,7.67979
2019-12-13,Regular,0.0,7.67979
2019-12-13,Superior,0.0,7.67979
2019-12-14,Búnker,11.48,7.67979
2019-12-14,Diésel,0.0,7.67979
2019-12-14,GLP,110.0,7.67979
2019-12-14,Regular,0.0,7.67979
2019-12-14,Superior,0.0,7.67979
2019-12-15,Búnker,11.48,7.67979
2019-12-15,Diésel,0.0,7.67979
2019-12-15,GLP,110.0,7.67979
2019-12-15,Regular,0.0,7.67979
2019-12-15,Superior,0.0,7.67979
2019-12-16,Búnker,12.43,7.68029
2019-12-16,Diésel,20.72,7.68029
2019-12-16,GLP,110.0,7.68029
2019-12-16,Regular,23.02,7.68029
2019-12-16,Superior,24.03,7.68029
2019-12-17,Búnker,12.43,7.68477
2019-12-17,Diésel,0.0,7.68477
2019-12-17,GLP,110.0,7.68477
2019-12-17,Regular,0.0,7.68477
2019-12-17,Superior,0.0,7.68477
2019-12-18,Búnker,12.43,7.68321
2019-12-18,Diésel,0.0,7.68321
2019-12-18,GLP,110.0,7.68321
2019-12-18,Regular,0.0,7.68321
2019-12-18,Superior,0.0,7.68321
2019-12-19,Búnker,12.43,7.68863
2019-12-19,Diésel,0.0,7.68863
2019-12-19,GLP,110.0,7.68863
2019-12-19,Regular,0.0,7.68863
2019-12-19,Superior,0.0,7.68863
2019-12-20,Búnker,12.43,7.6945
2019-12-20,Diésel,0.0,7.6945
2019-12-20,GLP,110.0,7.6945
2019-12-20,Regular,0.0,7.6945
2019-12-20,Superior,0.0,7.6945
2019-12-21,Búnker,12.43,7.6945
2019-12-21,Diésel,0.0,7.6945
2019-12-21,GLP,110.0,7.6945
2019-12-21,Regular,0.0,7.6945
2019-12-21,Superior,0.0,7.6945
2019-12-22,Búnker,12.43,7.6945
2019-12-22,Diésel,0.0,7.6945
2019-12-22,GLP,110.0,7.6945
2019-12-22,Regular,0.0,7.6945
2019-12-22,Superior,0.0,7.6945
2019-12-23,Búnker,12.38,7.70124
2019-12-23,Diésel,21.49,7.70124
2019-12-23,GLP,110.0,7.70124
2019-12-23,Regular,23.79,7.70124
2019-12-23,Superior,24.8,7.70124
2019-12-24,Búnker,12.38,7.703
2019-12-24,Diésel,0.0,7.703
2019-12-24,GLP,110.0,7.703
2019-12-24,Regular,0.0,7.703
2019-12-24,Superior,0.0,7.703
2019-12-25,Búnker,12.38,7.703
2019-12-25,Diésel,0.0,7.703
2019-12-25,GLP,110.0,7.703
2019-12-25,Regular,0.0,7.703
2019-12-25,Superior,0.0,7.703
2019-12-26,Búnker,12.38,7.69934
2019-12-26,Diésel,0.0,7.69934
2019-12-26,GLP,110.0,7.69934
2019-12-26,Regular,0.0,7.69934
2019-12-26,Superior,0.0,7.69934
2019-12-27,Búnker,12.38,7.69862
2019-12-27,Diésel,0.0,7.69862
2019-12-27,GLP,110.0,7.69862
2019-12-27,Regular,0.0,7.69862
2019-12-27,Superior,0.0,7.69862
2019-12-28,Búnker,12.38,7.69862
2019-12-28,Diésel,0.0,7.69862
2019-12-28,GLP,110.0,7.69862
2019-12-28,Regular,0.0,7.69862
2019-12-28,Superior,0.0,7.69862
2019-12-29,Búnker,12.38,7.69862
2019-12-29,Diésel,0.0,7.69862
2019-12-29,GLP,110.0,7.69862
2019-12-29,Regular,0.0,7.69862
2019-12-29,Superior,0.0,7.69862
2019-12-30,Búnker,12.38,7.69884
2019-12-30,Diésel,21.8,7.69884
2019-12-30,GLP,110.0,7.69884
2019-12-30,Regular,24.21,7.69884
2019-12-30,Superior,25.2,7.69884
2019-12-31,Búnker,12.38,7.69884
2019-12-31,Diésel,0.0,7.69884
2019-12-31,GLP,110.0,7.69884
2019-12-31,Regular,0.0,7.69884
2019-12-31,Superior,0.0,7.69884
2020-01-01,Búnker,12.38,7.69884
2020-01-01,Diésel,21.8,7.69884
2020-01-01,GLP,110.0,7.69884
2020-01-01,Regular,24.21,7.69884
2020-01-01,Superior,25.2,7.69884
2020-01-02,Búnker,12.38,7.6991
2020-01-02,Diésel,21.8,7.6991
2020-01-02,GLP,110.0,7.6991
2020-01-02,Regular,24.21,7.6991
2020-01-02,Superior,25.2,7.6991
2020-01-03,Búnker,12.38,7.70711
2020-01-03,Diésel,21.8,7.70711
2020-01-03,GLP,110.0,7.70711
2020-01-03,Regular,24.21,7.70711
2020-01-03,Superior,25.2,7.70711
2020-01-04,Búnker,12.38,7.70711
2020-01-04,Diésel,21.8,7.70711
2020-01-04,GLP,110.0,7.70711
2020-01-04,Regular,24.21,7.70711
2020-01-04,Superior,25.2,7.70711
2020-01-05,Búnker,12.38,7.70711
2020-01-05,Diésel,21.8,7.70711
2020-01-05,GLP,110.0,7.70711
2020-01-05,Regular,24.21,7.70711
2020-01-05,Superior,25.2,7.70711
2020-01-06,Búnker,12.18,7.70715
2020-01-06,Diésel,21.87,7.70715
2020-01-06,GLP,110.0,7.70715
2020-01-06,Regular,24.27,7.70715
2020-01-06,Superior,25.28,7.70715
2020-01-07,Búnker,12.18,7.70704
2020-01-07,Diésel,21.87,7.70704
2020-01-07,GLP,110.0,7.70704
2020-01-07,Regular,24.27,7.70704
2020-01-07,Superior,25.28,7.70704
2020-01-08,Búnker,12.18,7.71017
2020-01-08,Diésel,21.87,7.71017
2020-01-08,GLP,110.0,7.71017
2020-01-08,Regular,24.27,7.71017
2020-01-08,Superior,25.28,7.71017
2020-01-09,Búnker,12.18,7.71434
2020-01-09,Diésel,21.87,7.71434
2020-01-09,GLP,110.0,7.71434
2020-01-09,Regular,24.27,7.71434
2020-01-09,Superior,25.28,7.71434
2020-01-10,Búnker,12.18,7.71362
2020-01-10,Diésel,21.87,7.71362
2020-01-10,GLP,110.0,7.71362
2020-01-10,Regular,24.27,7.71362
2020-01-10,Superior,25.28,7.71362
2020-01-11,Búnker,12.18,7.71362
2020-01-11,Diésel,21.87,7.71362
2020-01-11,GLP,110.0,7.71362
2020-01-11,Regular,24.27,7.71362
2020-01-11,Superior,25.28,7.71362
2020-01-12,Búnker,12.18,7.71362
2020-01-12,Diésel,21.87,7.71362
2020-01-12,GLP,110.0,7.71362
2020-01-12,Regular,24.27,7.71362
2020-01-12,Superior,25.28,7.71362
2020-01-13,Búnker,12.25,7.71043
2020-01-13,Diésel,21.54,7.71043
2020-01-13,GLP,110.0,7.71043
2020-01-13,Regular,23.85,7.71043
2020-01-13,Superior,24.85,7.71043
2020-01-14,Búnker,12.25,7.70629
2020-01-14,Diésel,21.54,7.70629
2020-01-14,GLP,110.0,7.70629
2020-01-14,Regular,23.85,7.70629
2020-01-14,Superior,24.85,7.70629
2020-01-15,Búnker,12.25,7.70183
2020-01-15,Diésel,21.54,7.70183
2020-01-15,GLP,110.0,7.70183
2020-01-15,Regular,23.85,7.70183
2020-01-15,Superior,24.85,7.70183
2020-01-16,Búnker,12.25,7.69695
2020-01-16,Diésel,21.54,7.69695
2020-01-16,GLP,110.0,7.69695
2020-01-16,Regular,23.85,7.69695
2020-01-16,Superior,24.85,7.69695
2020-01-17,Búnker,12.25,7.69441
2020-01-17,Diésel,21.54,7.69441
2020-01-17,GLP,110.0,7.69441
2020-01-17,Regular,23.85,7.69441
2020-01-17,Superior,24.85,7.69441
2020-01-18,Búnker,12.25,7.69441
2020-01-18,Diésel,21.54,7.69441
2020-01-18,GLP,110.0,7.69441
2020-01-18,Regular,23.85,7.69441
2020-01-18,Superior,24.85,7.69441
2020-01-19,Búnker,12.25,7.69441
2020-01-19,Diésel,21.54,7.69441
2020-01-19,GLP,110.0,7.69441
2020-01-19,Regular,23.85,7.69441
2020-01-19,Superior,24.85,7.69441
2020-01-20,Búnker,12.25,7.69116
2020-01-20,Diésel,20.86,7.69116
2020-01-20,GLP,110.0,7.69116
2020-01-20,Regular,23.54,7.69116
2020-01-20,Superior,24.55,7.69116
2020-01-21,Búnker,12.25,7.69061
2020-01-21,Diésel,20.86,7.69061
2020-01-21,GLP,110.0,7.69061
2020-01-21,Regular,23.54,7.69061
2020-01-21,Superior,24.55,7.69061
2020-01-22,Búnker,12.25,7.68817
2020-01-22,Diésel,20.86,7.68817
2020-01-22,GLP,110.0,7.68817
2020-01-22,Regular,23.54,7.68817
2020-01-22,Superior,24.55,7.68817
2020-01-23,Búnker,12.25,7.68667
2020-01-23,Diésel,20.86,7.68667
2020-01-23,GLP,110.0,7.68667
2020-01-23,Regular,23.54,7.68667
2020-01-23,Superior,24.55,7.68667
2020-01-24,Búnker,12.25,7.68362
2020-01-24,Diésel,20.86,7.68362
2020-01-24,GLP,110.0,7.68362
2020-01-24,Regular,23.54,7.68362
2020-01-24,Superior,24.55,7.68362
2020-01-25,Búnker,12.25,7.68362
2020-01-25,Diésel,20.86,7.68362
2020-01-25,GLP,110.0,7.68362
2020-01-25,Regular,23.54,7.68362
2020-01-25,Superior,24.55,7.68362
2020-01-26,Búnker,12.25,7.68362
2020-01-26,Diésel,20.86,7.68362
2020-01-26,GLP,110.0,7.68362
2020-01-26,Regular,23.54,7.68362
2020-01-26,Superior,24.55,7.68362
2020-01-27,Búnker,12.25,7.67562
2020-01-27,Diésel,20.07,7.67562
2020-01-27,GLP,110.0,7.67562
2020-01-27,Regular,23.3,7.67562
2020-01-27,Superior,24.32,7.67562
2020-01-28,Búnker,12.25,7.6779
2020-01-28,Diésel,20.07,7.6779
2020-01-28,GLP,110.0,7.6779
2020-01-28,Regular,23.3,7.6779
2020-01-28,Superior,24.32,7.6779
2020-01-29,Búnker,12.25,7.67272
2020-01-29,Diésel,20.07,7.67272
2020-01-29,GLP,110.0,7.67272
2020-01-29,Regular,23.3,7.67272
2020-01-29,Superior,24.32,7.67272
2020-01-30,Búnker,12.25,7.6686
2020-01-30,Diésel,20.07,7.6686
2020-01-30,GLP,110.0,7.6686
2020-01-30,Regular,23.3,7.6686
2020-01-30,Superior,24.32,7.6686
2020-01-31,Búnker,12.25,7.66401
2020-01-31,Diésel,20.07,7.66401
2020-01-31,GLP,110.0,7.66401
2020-01-31,Regular,23.3,7.66401
2020-01-31,Superior,24.32,7.66401
2020-02-01,Búnker,12.25,7.66401
2020-02-01,Diésel,20.07,7.66401
2020-02-01,GLP,110.0,7.66401
2020-02-01,Regular,23.3,7.66401
2020-02-01,Superior,24.32,7.66401
2020-02-02,Búnker,12.25,7.66401
2020-02-02,Diésel,20.07,7.66401
2020-02-02,GLP,110.0,7.66401
2020-02-02,Regular,23.3,7.66401
2020-02-02,Superior,24.32,7.66401
2020-02-03,Búnker,12.75,7.65827
2020-02-03,Diésel,19.09,7.65827
2020-02-03,GLP,110.0,7.65827
2020-02-03,Regular,22.66,7.65827
2020-02-03,Superior,23.67,7.65827
2020-02-04,Búnker,12.75,7.65224
2020-02-04,Diésel,19.09,7.65224
2020-02-04,GLP,110.0,7.65224
2020-02-04,Regular,22.66,7.65224
2020-02-04,Superior,23.67,7.65224
2020-02-05,Búnker,12.75,7.64549
2020-02-05,Diésel,19.09,7.64549
2020-02-05,GLP,110.0,7.64549
2020-02-05,Regular,22.66,7.64549
2020-02-05,Superior,23.67,7.64549
2020-02-06,Búnker,12.75,7.64626
2020-02-06,Diésel,19.09,7.64626
2020-02-06,GLP,110.0,7.64626
2020-02-06,Regular,22.66,7.64626
2020-02-06,Superior,23.67,7.64626
2020-02-07,Búnker,12.75,7.64851
2020-02-07,Diésel,19.09,7.64851
2020-02-07,GLP,110.0,7.64851
2020-02-07,Regular,22.66,7.64851
2020-02-07,Superior,23.67,7.64851
2020-02-08,Búnker,12.75,7.64851
2020-02-08,Diésel,19.09,7.64851
2020-02-08,GLP,110.0,7.64851
2020-02-08,Regular,22.66,7.64851
2020-02-08,Superior,23.67,7.64851
2020-02-09,Búnker,12.75,7.64851
2020-02-09,Diésel,19.09,7.64851
2020-02-09,GLP,110.0,7.64851
2020-02-09,Regular,22.66,7.64851
2020-02-09,Superior,23.67,7.64851
2020-02-10,Búnker,12.5,7.64658
2020-02-10,Diésel,18.8,7.64658
2020-02-10,GLP,110.0,7.64658
2020-02-10,Regular,22.58,7.64658
2020-02-10,Superior,23.58,7.64658
2020-02-11,Búnker,12.5,7.64377
2020-02-11,Diésel,18.8,7.64377
2020-02-11,GLP,110.0,7.64377
2020-02-11,Regular,22.58,7.64377
2020-02-11,Superior,23.58,7.64377
2020-02-12,Búnker,12.5,7.6412
2020-02-12,Diésel,18.8,7.6412
2020-02-12,GLP,110.0,7.6412
2020-02-12,Regular,22.58,7.6412
2020-02-12,Superior,23.58,7.6412
2020-02-13,Búnker,12.5,7.63811
2020-02-13,Diésel,18.8,7.63811
2020-02-13,GLP,110.0,7.63811
2020-02-13,Regular,22.58,7.63811
2020-02-13,Superior,23.58,7.63811
2020-02-14,Búnker,12.5,7.63636
2020-02-14,Diésel,18.8,7.63636
2020-02-14,GLP,110.0,7.63636
2020-02-14,Regular,22.58,7.63636
2020-02-14,Superior,23.58,7.63636
2020-02-15,Búnker,12.5,7.63636
2020-02-15,Diésel,18.8,7.63636
2020-02-15,GLP,110.0,7.63636
2020-02-15,Regular,22.58,7.63636
2020-02-15,Superior,23.58,7.63636
2020-02-16,Búnker,12.5,7.63636
2020-02-16,Diésel,18.8,7.63636
2020-02-16,GLP,110.0,7.63636
2020-02-16,Regular,22.58,7.63636
2020-02-16,Superior,23.58,7.63636
2020-02-17,Búnker,12.5,7.63395
2020-02-17,Diésel,18.31,7.63395
2020-02-17,GLP,110.0,7.63395
2020-02-17,Regular,22.3,7.63395
2020-02-17,Superior,23.32,7.63395
2020-02-18,Búnker,12.5,7.6391
2020-02-18,Diésel,18.31,7.6391
2020-02-18,GLP,110.0,7.6391
2020-02-18,Regular,22.3,7.6391
2020-02-18,Superior,23.32,7.6391
2020-02-19,Búnker,12.5,7.63883
2020-02-19,Diésel,18.31,7.63883
2020-02-19,GLP,110.0,7.63883
2020-02-19,Regular,22.3,7.63883
2020-02-19,Superior,23.32,7.63883
2020-02-20,Búnker,12.5,7.64218
2020-02-20,Diésel,18.31,7.64218
2020-02-20,GLP,110.0,7.64218
2020-02-20,Regular,22.3,7.64218
2020-02-20,Superior,23.32,7.64218
2020-02-21,Búnker,12.5,7.64393
2020-02-21,Diésel,18.31,7.64393
2020-02-21,GLP,110.0,7.64393
2020-02-21,Regular,22.3,7.64393
2020-02-21,Superior,23.32,7.64393
2020-02-22,Búnker,12.5,7.64393
2020-02-22,Diésel,18.31,7.64393
2020-02-22,GLP,110.0,7.64393
2020-02-22,Regular,22.3,7.64393
2020-02-22,Superior,23.32,7.64393
2020-02-23,Búnker,12.5,7.64393
2020-02-23,Diésel,18.31,7.64393
2020-02-23,GLP,110.0,7.64393
2020-02-23,Regular,22.3,7.64393
2020-02-23,Superior,23.32,7.64393
2020-02-24,Búnker,12.5,7.64319
2020-02-24,Diésel,18.77,7.64319
2020-02-24,GLP,105.0,7.64319
2020-02-24,Regular,23.07,7.64319
2020-02-24,Superior,24.1,7.64319
2020-02-25,Búnker,12.5,7.64616
2020-02-25,Diésel,18.77,7.64616
2020-02-25,GLP,105.0,7.64616
2020-02-25,Regular,23.07,7.64616
2020-02-25,Superior,24.1,7.64616
2020-02-26,Búnker,12.5,7.65202
2020-02-26,Diésel,18.77,7.65202
2020-02-26,GLP,105.0,7.65202
2020-02-26,Regular,23.07,7.65202
2020-02-26,Superior,24.1,7.65202
2020-02-27,Búnker,12.5,7.66928
2020-02-27,Diésel,18.77,7.66928
2020-02-27,GLP,105.0,7.66928
2020-02-27,Regular,23.07,7.66928
2020-02-27,Superior,24.1,7.66928
2020-02-28,Búnker,12.5,7.67884
2020-02-28,Diésel,18.77,7.67884
2020-02-28,GLP,105.0,7.67884
2020-02-28,Regular,23.07,7.67884
2020-02-28,Superior,24.1,7.67884
2020-02-29,Búnker,12.5,7.67884
2020-02-29,Diésel,18.77,7.67884
2020-02-29,GLP,105.0,7.67884
2020-02-29,Regular,23.07,7.67884
2020-02-29,Superior,24.1,7.67884
2020-03-01,Búnker,12.5,7.67884
2020-03-01,Diésel,18.77,7.67884
2020-03-01,GLP,105.0,7.67884
2020-03-01,Regular,23.07,7.67884
2020-03-01,Superior,24.1,7.67884
2020-03-02,Búnker,12.425,7.68058
2020-03-02,Diésel,18.38,7.68058
2020-03-02,GLP,105.0,7.68058
2020-03-02,Regular,22.98,7.68058
2020-03-02,Superior,23.99,7.68058
2020-03-03,Búnker,12.425,7.67454
2020-03-03,Diésel,18.38,7.67454
2020-03-03,GLP,105.0,7.67454
2020-03-03,Regular,22.98,7.67454
2020-03-03,Superior,23.99,7.67454
2020-03-04,Búnker,12.425,7.67279
2020-03-04,Diésel,18.38,7.67279
2020-03-04,GLP,105.0,7.67279
2020-03-04,Regular,22.98,7.67279
2020-03-04,Superior,23.99,7.67279
2020-03-05,Búnker,12.425,7.67581
2020-03-05,Diésel,18.38,7.67581
2020-03-05,GLP,105.0,7.67581
2020-03-05,Regular,22.98,7.67581
2020-03-05,Superior,23.99,7.67581
2020-03-06,Búnker,12.425,7.67024
2020-03-06,Diésel,18.38,7.67024
2020-03-06,GLP,105.0,7.67024
2020-03-06,Regular,22.98,7.67024
2020-03-06,Superior,23.99,7.67024
2020-03-07,Búnker,12.425,7.67024
2020-03-07,Diésel,18.38,7.67024
2020-03-07,GLP,105.0,7.67024
2020-03-07,Regular,22.98,7.67024
2020-03-07,Superior,23.99,7.67024
2020-03-08,Búnker,12.425,7.67024
2020-03-08,Diésel,18.38,7.67024
2020-03-08,GLP,105.0,7.67024
2020-03-08,Regular,22.98,7.67024
2020-03-08,Superior,23.99,7.67024
2020-03-09,Búnker,12.3,7.67278
2020-03-09,Diésel,18.31,7.67278
2020-03-09,GLP,105.0,7.67278
2020-03-09,Regular,22.89,7.67278
2020-03-09,Superior,23.89,7.67278
2020-03-10,Búnker,12.3,7.66555
2020-03-10,Diésel,18.31,7.66555
2020-03-10,GLP,105.0,7.66555
2020-03-10,Regular,22.89,7.66555
2020-03-10,Superior,23.89,7.66555
2020-03-11,Búnker,12.3,7.66021
2020-03-11,Diésel,18.31,7.66021
2020-03-11,GLP,105.0,7.66021
2020-03-11,Regular,22.89,7.66021
2020-03-11,Superior,23.89,7.66021
2020-03-12,Búnker,12.3,7.65385
2020-03-12,Diésel,18.31,7.65385
2020-03-12,GLP,105.0,7.65385
2020-03-12,Regular,22.89,7.65385
2020-03-12,Superior,23.89,7.65385
2020-03-13,Búnker,12.3,7.6504
2020-03-13,Diésel,18.31,7.6504
2020-03-13,GLP,105.0,7.6504
2020-03-13,Regular,22.89,7.6504
2020-03-13,Superior,23.89,7.6504
2020-03-14,Búnker,12.3,7.6504
2020-03-14,Diésel,18.31,7.6504
2020-03-14,GLP,105.0,7.6504
2020-03-14,Regular,22.89,7.6504
2020-03-14,Superior,23.89,7.6504
2020-03-15,Búnker,12.3,7.6504
2020-03-15,Diésel,18.31,7.6504
2020-03-15,GLP,105.0,7.6504
2020-03-15,Regular,22.89,7.6504
2020-03-15,Superior,23.89,7.6504
2020-03-16,Búnker,11.35,7.64678
2020-03-16,Diésel,17.63,7.64678
2020-03-16,GLP,105.0,7.64678
2020-03-16,Regular,22.4,7.64678
2020-03-16,Superior,23.4,7.64678
2020-03-17,Búnker,11.35,7.64355
2020-03-17,Diésel,17.63,7.64355
2020-03-17,GLP,105.0,7.64355
2020-03-17,Regular,22.4,7.64355
2020-03-17,Superior,23.4,7.64355
2020-03-18,Búnker,11.35,7.64076
2020-03-18,Diésel,17.63,7.64076
2020-03-18,GLP,105.0,7.64076
2020-03-18,Regular,22.4,7.64076
2020-03-18,Superior,23.4,7.64076
2020-03-19,Búnker,11.35,7.63643
2020-03-19,Diésel,17.63,7.63643
2020-03-19,GLP,105.0,7.63643
2020-03-19,Regular,22.4,7.63643
2020-03-19,Superior,23.4,7.63643
2020-03-20,Búnker,11.35,7.64301
2020-03-20,Diésel,17.63,7.64301
2020-03-20,GLP,105.0,7.64301
2020-03-20,Regular,22.4,7.64301
2020-03-20,Superior,23.4,7.64301
2020-03-21,Búnker,11.35,7.64301
2020-03-21,Diésel,17.63,7.64301
2020-03-21,GLP,105.0,7.64301
2020-03-21,Regular,22.4,7.64301
2020-03-21,Superior,23.4,7.64301
2020-03-22,Búnker,11.35,7.64301
2020-03-22,Diésel,17.63,7.64301
2020-03-22,GLP,105.0,7.64301
2020-03-22,Regular,22.4,7.64301
2020-03-22,Superior,23.4,7.64301
2020-03-23,Búnker,11.25,7.67474
2020-03-23,Diésel,15.62,7.67474
2020-03-23,GLP,105.0,7.67474
2020-03-23,Regular,20.38,7.67474
2020-03-23,Superior,21.39,7.67474
2020-03-24,Búnker,11.25,7.75213
2020-03-24,Diésel,15.62,7.75213
2020-03-24,GLP,105.0,7.75213
2020-03-24,Regular,20.38,7.75213
2020-03-24,Superior,21.39,7.75213
2020-03-25,Búnker,11.25,7.92793
2020-03-25,Diésel,15.62,7.92793
2020-03-25,GLP,105.0,7.92793
2020-03-25,Regular,20.38,7.92793
2020-03-25,Superior,21.39,7.92793
2020-03-26,Búnker,11.25,7.79488
2020-03-26,Diésel,15.62,7.79488
2020-03-26,GLP,105.0,7.79488
2020-03-26,Regular,20.38,7.79488
2020-03-26,Superior,21.39,7.79488
2020-03-27,Búnker,11.25,7.74591
2020-03-27,Diésel,15.62,7.74591
2020-03-27,GLP,105.0,7.74591
2020-03-27,Regular,20.38,7.74591
2020-03-27,Superior,21.39,7.74591
2020-03-28,Búnker,11.25,7.74591
2020-03-28,Diésel,15.62,7.74591
2020-03-28,GLP,105.0,7.74591
2020-03-28,Regular,20.38,7.74591
2020-03-28,Superior,21.39,7.74591
2020-03-29,Búnker,11.25,7.74591
2020-03-29,Diésel,15.62,7.74591
2020-03-29,GLP,105.0,7.74591
2020-03-29,Regular,20.38,7.74591
2020-03-29,Superior,21.39,7.74591
2020-03-30,Búnker,11.13,7.71441
2020-03-30,Diésel,15.6,7.71441
2020-03-30,GLP,105.0,7.71441
2020-03-30,Regular,19.47,7.71441
2020-03-30,Superior,20.45,7.71441
2020-03-31,Búnker,11.125,7.68467
2020-03-31,Diésel,15.6,7.68467
2020-03-31,GLP,105.0,7.68467
2020-03-31,Regular,19.47,7.68467
2020-03-31,Superior,20.45,7.68467
2020-04-01,Búnker,11.13,7.69774
2020-04-01,Diésel,15.6,7.69774
2020-04-01,GLP,105.0,7.69774
2020-04-01,Regular,19.47,7.69774
2020-04-01,Superior,20.45,7.69774
2020-04-02,Búnker,11.13,7.70159
2020-04-02,Diésel,15.6,7.70159
2020-04-02,GLP,105.0,7.70159
2020-04-02,Regular,19.47,7.70159
2020-04-02,Superior,20.45,7.70159
2020-04-03,Búnker,11.13,7.69881
2020-04-03,Diésel,15.6,7.69881
2020-04-03,GLP,105.0,7.69881
2020-04-03,Regular,19.47,7.69881
2020-04-03,Superior,20.45,7.69881
2020-04-04,Búnker,11.13,7.69881
2020-04-04,Diésel,15.6,7.69881
2020-04-04,GLP,105.0,7.69881
2020-04-04,Regular,19.47,7.69881
2020-04-04,Superior,20.45,7.69881
2020-04-05,Búnker,11.13,7.69881
2020-04-05,Diésel,15.6,7.69881
2020-04-05,GLP,105.0,7.69881
2020-04-05,Regular,19.47,7.69881
2020-04-05,Superior,20.45,7.69881
2020-04-06,Búnker,10.7,7.71629
2020-04-06,Diésel,15.41,7.71629
2020-04-06,GLP,101.0,7.71629
2020-04-06,Regular,17.79,7.71629
2020-04-06,Superior,18.8,7.71629
2020-04-07,Búnker,10.7,7.70779
2020-04-07,Diésel,15.41,7.70779
2020-04-07,GLP,101.0,7.70779
2020-04-07,Regular,17.79,7.70779
2020-04-07,Superior,18.8,7.70779
2020-04-08,Búnker,10.7,7.70585
2020-04-08,Diésel,15.41,7.70585
2020-04-08,GLP,101.0,7.70585
2020-04-08,Regular,17.79,7.70585
2020-04-08,Superior,18.8,7.70585
2020-04-09,Búnker,10.7,7.70585
2020-04-09,Diésel,15.41,7.70585
2020-04-09,GLP,101.0,7.70585
2020-04-09,Regular,17.79,7.70585
2020-04-09,Superior,18.8,7.70585
2020-04-10,Búnker,10.7,7.70585
2020-04-10,Diésel,15.41,7.70585
2020-04-10,GLP,101.0,7.70585
2020-04-10,Regular,17.79,7.70585
2020-04-10,Superior,18.8,7.70585
2020-04-11,Búnker,10.7,7.70585
2020-04-11,Diésel,15.41,7.70585
2020-04-11,GLP,101.0,7.70585
2020-04-11,Regular,17.79,7.70585
2020-04-11,Superior,18.8,7.70585
2020-04-12,Búnker,10.7,7.70585
2020-04-12,Diésel,15.41,7.70585
2020-04-12,GLP,101.0,7.70585
2020-04-12,Regular,17.79,7.70585
2020-04-12,Superior,18.8,7.70585
2020-04-13,Búnker,10.58,7.70659
2020-04-13,Diésel,15.29,7.70659
2020-04-13,GLP,101.0,7.70659
2020-04-13,Regular,17.37,7.70659
2020-04-13,Superior,18.39,7.70659
2020-04-14,Búnker,10.58,7.70637
2020-04-14,Diésel,15.29,7.70637
2020-04-14,GLP,101.0,7.70637
2020-04-14,Regular,17.37,7.70637
2020-04-14,Superior,18.39,7.70637
2020-04-15,Búnker,10.58,7.70748
2020-04-15,Diésel,15.29,7.70748
2020-04-15,GLP,101.0,7.70748
2020-04-15,Regular,17.37,7.70748
2020-04-15,Superior,18.39,7.70748
2020-04-16,Búnker,10.58,7.70856
2020-04-16,Diésel,15.29,7.70856
2020-04-16,GLP,101.0,7.70856
2020-04-16,Regular,17.37,7.70856
2020-04-16,Superior,18.39,7.70856
2020-04-17,Búnker,10.58,7.71031
2020-04-17,Diésel,15.29,7.71031
2020-04-17,GLP,101.0,7.71031
2020-04-17,Regular,17.37,7.71031
2020-04-17,Superior,18.39,7.71031
2020-04-18,Búnker,10.58,7.71031
2020-04-18,Diésel,15.29,7.71031
2020-04-18,GLP,101.0,7.71031
2020-04-18,Regular,17.37,7.71031
2020-04-18,Superior,18.39,7.71031
2020-04-19,Búnker,10.58,7.71031
2020-04-19,Diésel,15.29,7.71031
2020-04-19,GLP,101.0,7.71031
2020-04-19,Regular,17.37,7.71031
2020-04-19,Superior,18.39,7.71031
2020-04-20,Búnker,10.45,7.70707
2020-04-20,Diésel,14.74,7.70707
2020-04-20,GLP,101.0,7.70707
2020-04-20,Regular,16.45,7.70707
2020-04-20,Superior,17.46,7.70707
2020-04-21,Búnker,10.45,7.71047
2020-04-21,Diésel,14.74,7.71047
2020-04-21,GLP,101.0,7.71047
2020-04-21,Regular,16.45,7.71047
2020-04-21,Superior,17.46,7.71047
2020-04-22,Búnker,10.45,7.71099
2020-04-22,Diésel,14.74,7.71099
2020-04-22,GLP,101.0,7.71099
2020-04-22,Regular,16.45,7.71099
2020-04-22,Superior,17.46,7.71099
2020-04-23,Búnker,10.45,7.70876
2020-04-23,Diésel,14.74,7.70876
2020-04-23,GLP,99.0,7.70876
2020-04-23,Regular,16.45,7.70876
2020-04-23,Superior,17.46,7.70876
2020-04-24,Búnker,10.45,7.7121
2020-04-24,Diésel,14.74,7.7121
2020-04-24,GLP,99.0,7.7121
2020-04-24,Regular,16.45,7.7121
2020-04-24,Superior,17.46,7.7121
2020-04-25,Búnker,10.45,7.7121
2020-04-25,Diésel,14.74,7.7121
2020-04-25,GLP,99.0,7.7121
2020-04-25,Regular,16.45,7.7121
2020-04-25,Superior,17.46,7.7121
2020-04-26,Búnker,10.45,7.7121
2020-04-26,Diésel,14.74,7.7121
2020-04-26,GLP,99.0,7.7121
2020-04-26,Regular,16.45,7.7121
2020-04-26,Superior,17.46,7.7121
2020-04-27,Búnker,10.33,7.70435
2020-04-27,Diésel,14.19,7.70435
2020-04-27,GLP,99.0,7.70435
2020-04-27,Regular,15.88,7.70435
2020-04-27,Superior,16.89,7.70435
2020-04-28,Búnker,10.33,7.70677
2020-04-28,Diésel,14.19,7.70677
2020-04-28,GLP,99.0,7.70677
2020-04-28,Regular,15.88,7.70677
2020-04-28,Superior,16.89,7.70677
2020-04-29,Búnker,10.33,7.71402
2020-04-29,Diésel,14.19,7.71402
2020-04-29,GLP,99.0,7.71402
2020-04-29,Regular,15.88,7.71402
2020-04-29,Superior,16.89,7.71402
2020-04-30,Búnker,10.33,7.71244
2020-04-30,Diésel,14.19,7.71244
2020-04-30,GLP,99.0,7.71244
2020-04-30,Regular,15.88,7.71244
2020-04-30,Superior,16.89,7.71244
2020-05-01,Búnker,10.33,7.71244
2020-05-01,Diésel,14.19,7.71244
2020-05-01,GLP,99.0,7.71244
2020-05-01,Regular,15.88,7.71244
2020-05-01,Superior,16.89,7.71244
2020-05-02,Búnker,10.33,7.71244
2020-05-02,Diésel,14.19,7.71244
2020-05-02,GLP,99.0,7.71244
2020-05-02,Regular,15.88,7.71244
2020-05-02,Superior,16.89,7.71244
2020-05-03,Búnker,10.33,7.71244
2020-05-03,Diésel,14.19,7.71244
2020-05-03,GLP,99.0,7.71244
2020-05-03,Regular,15.88,7.71244
2020-05-03,Superior,16.89,7.71244
2020-05-04,Búnker,9.62,7.70989
2020-05-04,Diésel,13.73,7.70989
2020-05-04,GLP,99.0,7.70989
2020-05-04,Regular,15.86,7.70989
2020-05-04,Superior,16.86,7.70989
2020-05-05,Búnker,9.62,7.70694
2020-05-05,Diésel,13.73,7.70694
2020-05-05,GLP,99.0,7.70694
2020-05-05,Regular,15.86,7.70694
2020-05-05,Superior,16.86,7.70694
2020-05-06,Búnker,9.62,7.70552
2020-05-06,Diésel,13.73,7.70552
2020-05-06,GLP,99.0,7.70552
2020-05-06,Regular,15.86,7.70552
2020-05-06,Superior,16.86,7.70552
2020-05-07,Búnker,9.62,7.70412
2020-05-07,Diésel,13.73,7.70412
2020-05-07,GLP,99.0,7.70412
2020-05-07,Regular,15.86,7.70412
2020-05-07,Superior,16.86,7.70412
2020-05-08,Búnker,9.62,7.70319
2020-05-08,Diésel,13.73,7.70319
2020-05-08,GLP,99.0,7.70319
2020-05-08,Regular,15.86,7.70319
2020-05-08,Superior,16.86,7.70319
2020-05-09,Búnker,9.62,7.70319
2020-05-09,Diésel,13.73,7.70319
2020-05-09,GLP,99.0,7.70319
2020-05-09,Regular,15.86,7.70319
2020-05-09,Superior,16.86,7.70319
2020-05-10,Búnker,9.62,7.70319
2020-05-10,Diésel,13.73,7.70319
2020-05-10,GLP,99.0,7.70319
2020-05-10,Regular,15.86,7.70319
2020-05-10,Superior,16.86,7.70319
2020-05-11,Búnker,9.65,7.70279
2020-05-11,Diésel,13.7,7.70279
2020-05-11,GLP,99.0,7.70279
2020-05-11,Regular,15.82,7.70279
2020-05-11,Superior,16.84,7.70279
2020-05-12,Búnker,9.65,7.69601
2020-05-12,Diésel,13.7,7.69601
2020-05-12,GLP,99.0,7.69601
2020-05-12,Regular,15.82,7.69601
2020-05-12,Superior,16.84,7.69601
2020-05-13,Búnker,9.65,7.69791
2020-05-13,Diésel,13.7,7.69791
2020-05-13,GLP,99.0,7.69791
2020-05-13,Regular,15.82,7.69791
2020-05-13,Superior,16.84,7.69791
2020-05-14,Búnker,9.65,7.6971
2020-05-14,Diésel,13.7,7.6971
2020-05-14,GLP,99.0,7.6971
2020-05-14,Regular,15.82,7.6971
2020-05-14,Superior,16.84,7.6971
2020-05-15,Búnker,9.65,7.69932
2020-05-15,Diésel,13.7,7.69932
2020-05-15,GLP,99.0,7.69932
2020-05-15,Regular,15.82,7.69932
2020-05-15,Superior,16.84,7.69932
2020-05-16,Búnker,9.65,7.69932
2020-05-16,Diésel,13.7,7.69932
2020-05-16,GLP,99.0,7.69932
2020-05-16,Regular,15.82,7.69932
2020-05-16,Superior,16.84,7.69932
2020-05-17,Búnker,9.65,7.69932
2020-05-17,Diésel,13.7,7.69932
2020-05-17,GLP,99.0,7.69932
2020-05-17,Regular,15.82,7.69932
2020-05-17,Superior,16.84,7.69932
2020-05-18,Búnker,9.6,7.69932
2020-05-18,Diésel,14.24,7.69932
2020-05-18,GLP,99.0,7.69932
2020-05-18,Regular,16.97,7.69932
2020-05-18,Superior,17.98,7.69932
2020-05-19,Búnker,9.6,7.69441
2020-05-19,Diésel,14.24,7.69441
2020-05-19,GLP,99.0,7.69441
2020-05-19,Regular,16.97,7.69441
2020-05-19,Superior,17.98,7.69441
2020-05-20,Búnker,9.6,7.69551
2020-05-20,Diésel,14.24,7.69551
2020-05-20,GLP,99.0,7.69551
2020-05-20,Regular,16.97,7.69551
2020-05-20,Superior,17.98,7.69551
2020-05-21,Búnker,9.6,7.69287
2020-05-21,Diésel,14.24,7.69287
2020-05-21,GLP,99.0,7.69287
2020-05-21,Regular,16.97,7.69287
2020-05-21,Superior,17.98,7.69287
2020-05-22,Búnker,9.6,7.69203
2020-05-22,Diésel,14.24,7.69203
2020-05-22,GLP,99.0,7.69203
2020-05-22,Regular,16.97,7.69203
2020-05-22,Superior,17.98,7.69203
2020-05-23,Búnker,9.6,7.69203
2020-05-23,Diésel,14.24,7.69203
2020-05-23,GLP,99.0,7.69203
2020-05-23,Regular,16.97,7.69203
2020-05-23,Superior,17.98,7.69203
2020-05-24,Búnker,9.6,7.69203
2020-05-24,Diésel,14.24,7.69203
2020-05-24,GLP,99.0,7.69203
2020-05-24,Regular,16.97,7.69203
2020-05-24,Superior,17.98,7.69203
2020-05-25,Búnker,10.0,7.69347
2020-05-25,Diésel,14.7,7.69347
2020-05-25,GLP,99.0,7.69347
2020-05-25,Regular,17.97,7.69347
2020-05-25,Superior,18.98,7.69347
2020-05-26,Búnker,10.0,7.6891
2020-05-26,Diésel,14.7,7.6891
2020-05-26,GLP,99.0,7.6891
2020-05-26,Regular,17.97,7.6891
2020-05-26,Superior,18.98,7.6891
2020-05-27,Búnker,10.0,7.69216
2020-05-27,Diésel,14.7,7.69216
2020-05-27,GLP,99.0,7.69216
2020-05-27,Regular,17.97,7.69216
2020-05-27,Superior,18.98,7.69216
2020-05-28,Búnker,10.0,7.69153
2020-05-28,Diésel,14.7,7.69153
2020-05-28,GLP,99.0,7.69153
2020-05-28,Regular,17.97,7.69153
2020-05-28,Superior,18.98,7.69153
2020-05-29,Búnker,10.0,7.68949
2020-05-29,Diésel,14.7,7.68949
2020-05-29,GLP,99.0,7.68949
2020-05-29,Regular,17.97,7.68949
2020-05-29,Superior,18.98,7.68949
2020-05-30,Búnker,10.0,7.68949
2020-05-30,Diésel,14.7,7.68949
2020-05-30,GLP,99.0,7.68949
2020-05-30,Regular,17.97,7.68949
2020-05-30,Superior,18.98,7.68949
2020-05-31,Búnker,10.0,7.68949
2020-05-31,Diésel,14.7,7.68949
2020-05-31,GLP,99.0,7.68949
2020-05-31,Regular,17.97,7.68949
2020-05-31,Superior,18.98,7.68949
2020-06-01,Búnker,10.2,7.68962
2020-06-01,Diésel,14.7,7.68962
2020-06-01,GLP,99.0,7.68962
2020-06-01,Regular,17.97,7.68962
2020-06-01,Superior,18.98,7.68962
2020-06-02,Búnker,10.05,7.68596
2020-06-02,Diésel,14.7,7.68596
2020-06-02,GLP,99.0,7.68596
2020-06-02,Regular,17.97,7.68596
2020-06-02,Superior,18.98,7.68596
2020-06-03,Búnker,10.05,7.68571
2020-06-03,Diésel,14.7,7.68571
2020-06-03,GLP,99.0,7.68571
2020-06-03,Regular,17.97,7.68571
2020-06-03,Superior,18.98,7.68571
2020-06-04,Búnker,10.05,7.6835
2020-06-04,Diésel,14.7,7.6835
2020-06-04,GLP,99.0,7.6835
2020-06-04,Regular,17.97,7.6835
2020-06-04,Superior,18.98,7.6835
2020-06-05,Búnker,10.05,7.68541
2020-06-05,Diésel,14.7,7.68541
2020-06-05,GLP,99.0,7.68541
2020-06-05,Regular,17.97,7.68541
2020-06-05,Superior,18.98,7.68541
2020-06-06,Búnker,10.05,7.68541
2020-06-06,Diésel,14.7,7.68541
2020-06-06,GLP,99.0,7.68541
2020-06-06,Regular,17.97,7.68541
2020-06-06,Superior,18.98,7.68541
2020-06-07,Búnker,10.05,7.68541
2020-06-07,Diésel,14.7,7.68541
2020-06-07,GLP,99.0,7.68541
2020-06-07,Regular,17.97,7.68541
2020-06-07,Superior,18.98,7.68541
2020-06-08,Búnker,10.13,7.68829
2020-06-08,Diésel,14.82,7.68829
2020-06-08,GLP,99.0,7.68829
2020-06-08,Regular,18.62,7.68829
2020-06-08,Superior,19.52,7.68829
2020-06-09,Búnker,10.13,7.68923
2020-06-09,Diésel,14.82,7.68923
2020-06-09,GLP,99.0,7.68923
2020-06-09,Regular,18.62,7.68923
2020-06-09,Superior,19.52,7.68923
2020-06-10,Búnker,10.13,7.69288
2020-06-10,Diésel,14.82,7.69288
2020-06-10,GLP,99.0,7.69288
2020-06-10,Regular,18.62,7.69288
2020-06-10,Superior,19.52,7.69288
2020-06-11,Búnker,10.13,7.69563
2020-06-11,Diésel,14.82,7.69563
2020-06-11,GLP,99.0,7.69563
2020-06-11,Regular,18.62,7.69563
2020-06-11,Superior,19.52,7.69563
2020-06-12,Búnker,10.13,7.70041
2020-06-12,Diésel,14.82,7.70041
2020-06-12,GLP,99.0,7.70041
2020-06-12,Regular,18.62,7.70041
2020-06-12,Superior,19.52,7.70041
2020-06-13,Búnker,10.13,7.70041
2020-06-13,Diésel,14.82,7.70041
2020-06-13,GLP,99.0,7.70041
2020-06-13,Regular,18.62,7.70041
2020-06-13,Superior,19.52,7.70041
2020-06-14,Búnker,10.13,7.70041
2020-06-14,Diésel,14.82,7.70041
2020-06-14,GLP,99.0,7.70041
2020-06-14,Regular,18.62,7.70041
2020-06-14,Superior,19.52,7.70041
2020-06-15,Búnker,10.7,7.70262
2020-06-15,Diésel,15.18,7.70262
2020-06-15,GLP,99.0,7.70262
2020-06-15,Regular,19.15,7.70262
2020-06-15,Superior,19.95,7.70262
2020-06-16,Búnker,10.7,7.70792
2020-06-16,Diésel,15.18,7.70792
2020-06-16,GLP,99.0,7.70792
2020-06-16,Regular,19.15,7.70792
2020-06-16,Superior,19.95,7.70792
2020-06-17,Búnker,10.7,7.70464
2020-06-17,Diésel,15.18,7.70464
2020-06-17,GLP,99.0,7.70464
2020-06-17,Regular,19.15,7.70464
2020-06-17,Superior,19.95,7.70464
2020-06-18,Búnker,10.7,7.70646
2020-06-18,Diésel,15.18,7.70646
2020-06-18,GLP,99.0,7.70646
2020-06-18,Regular,19.15,7.70646
2020-06-18,Superior,19.95,7.70646
2020-06-19,Búnker,10.7,7.70867
2020-06-19,Diésel,15.18,7.70867
2020-06-19,GLP,99.0,7.70867
2020-06-19,Regular,19.15,7.70867
2020-06-19,Superior,19.95,7.70867
2020-06-20,Búnker,10.7,7.70867
2020-06-20,Diésel,15.18,7.70867
2020-06-20,GLP,99.0,7.70867
2020-06-20,Regular,19.15,7.70867
2020-06-20,Superior,19.95,7.70867
2020-06-21,Búnker,10.7,7.70867
2020-06-21,Diésel,15.18,7.70867
2020-06-21,GLP,99.0,7.70867
2020-06-21,Regular,19.15,7.70867
2020-06-21,Superior,19.95,7.70867
2020-06-22,Búnker,10.9,7.70359
2020-06-22,Diésel,15.8,7.70359
2020-06-22,GLP,99.0,7.70359
2020-06-22,Regular,19.88,7.70359
2020-06-22,Superior,20.69,7.70359
2020-06-23,Búnker,10.9,7.69889
2020-06-23,Diésel,15.8,7.69889
2020-06-23,GLP,99.0,7.69889
2020-06-23,Regular,19.88,7.69889
2020-06-23,Superior,20.69,7.69889
2020-06-24,Búnker,10.9,7.7028
2020-06-24,Diésel,15.8,7.7028
2020-06-24,GLP,99.0,7.7028
2020-06-24,Regular,19.88,7.7028
2020-06-24,Superior,20.69,7.7028
2020-06-25,Búnker,10.9,7.70028
2020-06-25,Diésel,15.8,7.70028
2020-06-25,GLP,99.0,7.70028
2020-06-25,Regular,19.88,7.70028
2020-06-25,Superior,20.69,7.70028
2020-06-26,Búnker,10.9,7.70026
2020-06-26,Diésel,15.8,7.70026
2020-06-26,GLP,99.0,7.70026
2020-06-26,Regular,19.88,7.70026
2020-06-26,Superior,20.69,7.70026
2020-06-27,Búnker,10.9,7.70026
2020-06-27,Diésel,15.8,7.70026
2020-06-27,GLP,99.0,7.70026
2020-06-27,Regular,19.88,7.70026
2020-06-27,Superior,20.69,7.70026
2020-06-28,Búnker,10.9,7.70026
2020-06-28,Diésel,15.8,7.70026
2020-06-28,GLP,99.0,7.70026
2020-06-28,Regular,19.88,7.70026
2020-06-28,Superior,20.69,7.70026
2020-06-29,Búnker,10.98,7.70026
2020-06-29,Diésel,16.19,7.70026
2020-06-29,GLP,99.0,7.70026
2020-06-29,Regular,20.28,7.70026
2020-06-29,Superior,21.08,7.70026
2020-06-30,Búnker,10.98,7.70026
2020-06-30,Diésel,16.19,7.70026
2020-06-30,GLP,99.0,7.70026
2020-06-30,Regular,20.28,7.70026
2020-06-30,Superior,21.08,7.70026
2020-07-01,Búnker,10.98,7.70421
2020-07-01,Diésel,16.19,7.70421
2020-07-01,GLP,99.0,7.70421
2020-07-01,Regular,20.28,7.70421
2020-07-01,Superior,21.08,7.70421
2020-07-02,Búnker,10.98,7.69911
2020-07-02,Diésel,16.19,7.69911
2020-07-02,GLP,99.0,7.69911
2020-07-02,Regular,20.28,7.69911
2020-07-02,Superior,21.08,7.69911
2020-07-03,Búnker,10.98,7.70365
2020-07-03,Diésel,16.19,7.70365
2020-07-03,GLP,99.0,7.70365
2020-07-03,Regular,20.28,7.70365
2020-07-03,Superior,21.08,7.70365
2020-07-04,Búnker,10.98,7.70365
2020-07-04,Diésel,16.19,7.70365
2020-07-04,GLP,99.0,7.70365
2020-07-04,Regular,20.28,7.70365
2020-07-04,Superior,21.08,7.70365
2020-07-05,Búnker,10.98,7.70365
2020-07-05,Diésel,16.19,7.70365
2020-07-05,GLP,99.0,7.70365
2020-07-05,Regular,20.28,7.70365
2020-07-05,Superior,21.08,7.70365
2020-07-06,Búnker,10.83,7.70416
2020-07-06,Diésel,16.2,7.70416
2020-07-06,GLP,99.0,7.70416
2020-07-06,Regular,20.57,7.70416
2020-07-06,Superior,21.37,7.70416
2020-07-07,Búnker,10.83,7.70401
2020-07-07,Diésel,16.2,7.70401
2020-07-07,GLP,99.0,7.70401
2020-07-07,Regular,20.57,7.70401
2020-07-07,Superior,21.37,7.70401
2020-07-08,Búnker,10.83,7.69939
2020-07-08,Diésel,16.2,7.69939
2020-07-08,GLP,99.0,7.69939
2020-07-08,Regular,20.57,7.69939
2020-07-08,Superior,21.37,7.69939
2020-07-09,Búnker,10.83,7.69551
2020-07-09,Diésel,16.2,7.69551
2020-07-09,GLP,99.0,7.69551
2020-07-09,Regular,20.57,7.69551
2020-07-09,Superior,21.37,7.69551
2020-07-10,Búnker,10.83,7.69771
2020-07-10,Diésel,16.2,7.69771
2020-07-10,GLP,99.0,7.69771
2020-07-10,Regular,20.57,7.69771
2020-07-10,Superior,21.37,7.69771
2020-07-11,Búnker,10.83,7.69771
2020-07-11,Diésel,16.2,7.69771
2020-07-11,GLP,99.0,7.69771
2020-07-11,Regular,20.57,7.69771
2020-07-11,Superior,21.37,7.69771
2020-07-12,Búnker,10.83,7.69771
2020-07-12,Diésel,16.2,7.69771
2020-07-12,GLP,99.0,7.69771
2020-07-12,Regular,20.57,7.69771
2020-07-12,Superior,21.37,7.69771
2020-07-13,Búnker,11.33,7.69296
2020-07-13,Diésel,16.2,7.69296
2020-07-13,GLP,99.0,7.69296
2020-07-13,Regular,20.68,7.69296
2020-07-13,Superior,21.48,7.69296
2020-07-14,Búnker,11.33,7.69193
2020-07-14,Diésel,16.2,7.69193
2020-07-14,GLP,99.0,7.69193
2020-07-14,Regular,20.68,7.69193
2020-07-14,Superior,21.48,7.69193
2020-07-15,Búnker,11.33,7.69168
2020-07-15,Diésel,16.2,7.69168
2020-07-15,GLP,99.0,7.69168
2020-07-15,Regular,20.68,7.69168
2020-07-15,Superior,21.48,7.69168
2020-07-16,Búnker,11.33,7.69051
2020-07-16,Diésel,16.2,7.69051
2020-07-16,GLP,99.0,7.69051
2020-07-16,Regular,20.68,7.69051
2020-07-16,Superior,21.48,7.69051
2020-07-17,Búnker,11.33,7.68992
2020-07-17,Diésel,16.2,7.68992
2020-07-17,GLP,99.0,7.68992
2020-07-17,Regular,20.68,7.68992
2020-07-17,Superior,21.48,7.68992
2020-07-18,Búnker,11.33,7.68992
2020-07-18,Diésel,16.2,7.68992
2020-07-18,GLP,99.0,7.68992
2020-07-18,Regular,20.68,7.68992
2020-07-18,Superior,21.48,7.68992
2020-07-19,Búnker,11.33,7.68992
2020-07-19,Diésel,16.2,7.68992
2020-07-19,GLP,99.0,7.68992
2020-07-19,Regular,20.68,7.68992
2020-07-19,Superior,21.48,7.68992
2020-07-20,Búnker,11.38,7.69145
2020-07-20,Diésel,16.2,7.69145
2020-07-20,GLP,99.0,7.69145
2020-07-20,Regular,20.69,7.69145
2020-07-20,Superior,21.49,7.69145
2020-07-21,Búnker,11.38,7.68885
2020-07-21,Diésel,16.2,7.68885
2020-07-21,GLP,99.0,7.68885
2020-07-21,Regular,20.69,7.68885
2020-07-21,Superior,21.49,7.68885
2020-07-22,Búnker,11.38,7.69176
2020-07-22,Diésel,16.2,7.69176
2020-07-22,GLP,99.0,7.69176
2020-07-22,Regular,20.69,7.69176
2020-07-22,Superior,21.49,7.69176
2020-07-23,Búnker,11.38,7.69095
2020-07-23,Diésel,16.2,7.69095
2020-07-23,GLP,99.0,7.69095
2020-07-23,Regular,20.69,7.69095
2020-07-23,Superior,21.49,7.69095
2020-07-24,Búnker,11.38,7.68863
2020-07-24,Diésel,16.2,7.68863
2020-07-24,GLP,99.0,7.68863
2020-07-24,Regular,20.69,7.68863
2020-07-24,Superior,21.49,7.68863
2020-07-25,Búnker,11.38,7.68863
2020-07-25,Diésel,16.2,7.68863
2020-07-25,GLP,99.0,7.68863
2020-07-25,Regular,20.69,7.68863
2020-07-25,Superior,21.49,7.68863
2020-07-26,Búnker,11.38,7.68863
2020-07-26,Diésel,16.2,7.68863
2020-07-26,GLP,99.0,7.68863
2020-07-26,Regular,20.69,7.68863
2020-07-26,Superior,21.49,7.68863
2020-07-27,Búnker,11.3,7.69427
2020-07-27,Diésel,16.77,7.69427
2020-07-27,GLP,99.0,7.69427
2020-07-27,Regular,20.83,7.69427
2020-07-27,Superior,21.65,7.69427
2020-07-28,Búnker,11.3,7.69563
2020-07-28,Diésel,16.77,7.69563
2020-07-28,GLP,99.0,7.69563
2020-07-28,Regular,20.83,7.69563
2020-07-28,Superior,21.65,7.69563
2020-07-29,Búnker,11.3,7.6988
2020-07-29,Diésel,16.77,7.6988
2020-07-29,GLP,99.0,7.6988
2020-07-29,Regular,20.83,7.6988
2020-07-29,Superior,21.65,7.6988
2020-07-30,Búnker,11.3,7.70133
2020-07-30,Diésel,16.77,7.70133
2020-07-30,GLP,99.0,7.70133
2020-07-30,Regular,20.83,7.70133
2020-07-30,Superior,21.65,7.70133
2020-07-31,Búnker,11.3,7.70871
2020-07-31,Diésel,16.77,7.70871
2020-07-31,GLP,99.0,7.70871
2020-07-31,Regular,20.83,7.70871
2020-07-31,Superior,21.65,7.70871
2020-08-01,Búnker,11.3,7.70871
2020-08-01,Diésel,16.77,7.70871
2020-08-01,GLP,99.0,7.70871
2020-08-01,Regular,20.83,7.70871
2020-08-01,Superior,21.65,7.70871
2020-08-02,Búnker,11.3,7.70871
2020-08-02,Diésel,16.77,7.70871
2020-08-02,GLP,99.0,7.70871
2020-08-02,Regular,20.83,7.70871
2020-08-02,Superior,21.65,7.70871
2020-08-03,Búnker,11.38,7.70888
2020-08-03,Diésel,16.74,7.70888
2020-08-03,GLP,99.0,7.70888
2020-08-03,Regular,20.66,7.70888
2020-08-03,Superior,21.46,7.70888
2020-08-04,Búnker,11.38,7.70698
2020-08-04,Diésel,16.74,7.70698
2020-08-04,GLP,99.0,7.70698
2020-08-04,Regular,20.66,7.70698
2020-08-04,Superior,21.46,7.70698
2020-08-05,Búnker,11.38,7.70555
2020-08-05,Diésel,16.74,7.70555
2020-08-05,GLP,99.0,7.70555
2020-08-05,Regular,20.66,7.70555
2020-08-05,Superior,21.46,7.70555
2020-08-06,Búnker,11.38,7.70086
2020-08-06,Diésel,16.74,7.70086
2020-08-06,GLP,99.0,7.70086
2020-08-06,Regular,20.66,7.70086
2020-08-06,Superior,21.46,7.70086
2020-08-07,Búnker,11.38,7.7007
2020-08-07,Diésel,16.74,7.7007
2020-08-07,GLP,99.0,7.7007
2020-08-07,Regular,20.66,7.7007
2020-08-07,Superior,21.46,7.7007
2020-08-08,Búnker,11.38,7.7007
2020-08-08,Diésel,16.74,7.7007
2020-08-08,GLP,99.0,7.7007
2020-08-08,Regular,20.66,7.7007
2020-08-08,Superior,21.46,7.7007
2020-08-09,Búnker,11.38,7.7007
2020-08-09,Diésel,16.74,7.7007
2020-08-09,GLP,99.0,7.7007
2020-08-09,Regular,20.66,7.7007
2020-08-09,Superior,21.46,7.7007
2020-08-10,Búnker,11.56,7.70025
2020-08-10,Diésel,16.78,7.70025
2020-08-10,GLP,99.0,7.70025
2020-08-10,Regular,20.4,7.70025
2020-08-10,Superior,21.2,7.70025
2020-08-11,Búnker,11.56,7.69972
2020-08-11,Diésel,16.78,7.69972
2020-08-11,GLP,99.0,7.69972
2020-08-11,Regular,20.4,7.69972
2020-08-11,Superior,21.2,7.69972
2020-08-12,Búnker,11.56,7.70296
2020-08-12,Diésel,16.78,7.70296
2020-08-12,GLP,99.0,7.70296
2020-08-12,Regular,20.4,7.70296
2020-08-12,Superior,21.2,7.70296
2020-08-13,Búnker,11.56,7.70105
2020-08-13,Diésel,16.78,7.70105
2020-08-13,GLP,99.0,7.70105
2020-08-13,Regular,20.4,7.70105
2020-08-13,Superior,21.2,7.70105
2020-08-14,Búnker,11.56,7.70105
2020-08-14,Diésel,16.78,7.70105
2020-08-14,GLP,99.0,7.70105
2020-08-14,Regular,20.4,7.70105
2020-08-14,Superior,21.2,7.70105
2020-08-15,Búnker,11.56,7.70105
2020-08-15,Diésel,16.78,7.70105
2020-08-15,GLP,99.0,7.70105
2020-08-15,Regular,20.4,7.70105
2020-08-15,Superior,21.2,7.70105
2020-08-16,Búnker,11.56,7.70105
2020-08-16,Diésel,16.78,7.70105
2020-08-16,GLP,99.0,7.70105
2020-08-16,Regular,20.4,7.70105
2020-08-16,Superior,21.2,7.70105
2020-08-17,Búnker,11.88,7.70024
2020-08-17,Diésel,16.59,7.70024
2020-08-17,GLP,99.0,7.70024
2020-08-17,Regular,20.18,7.70024
2020-08-17,Superior,20.98,7.70024
2020-08-18,Búnker,11.88,7.69648
2020-08-18,Diésel,16.59,7.69648
2020-08-18,GLP,99.0,7.69648
2020-08-18,Regular,20.18,7.69648
2020-08-18,Superior,20.98,7.69648
2020-08-19,Búnker,11.88,7.69894
2020-08-19,Diésel,16.59,7.69894
2020-08-19,GLP,99.0,7.69894
2020-08-19,Regular,20.18,7.69894
2020-08-19,Superior,20.98,7.69894
2020-08-20,Búnker,11.88,7.69998
2020-08-20,Diésel,16.59,7.69998
2020-08-20,GLP,99.0,7.69998
2020-08-20,Regular,20.18,7.69998
2020-08-20,Superior,20.98,7.69998
2020-08-21,Búnker,11.88,7.70132
2020-08-21,Diésel,16.59,7.70132
2020-08-21,GLP,99.0,7.70132
2020-08-21,Regular,20.18,7.70132
2020-08-21,Superior,20.98,7.70132
2020-08-22,Búnker,11.88,7.70132
2020-08-22,Diésel,16.59,7.70132
2020-08-22,GLP,99.0,7.70132
2020-08-22,Regular,20.18,7.70132
2020-08-22,Superior,20.98,7.70132
2020-08-23,Búnker,11.88,7.70132
2020-08-23,Diésel,16.59,7.70132
2020-08-23,GLP,99.0,7.70132
2020-08-23,Regular,20.18,7.70132
2020-08-23,Superior,20.98,7.70132
2020-08-24,Búnker,12.03,7.69595
2020-08-24,Diésel,16.59,7.69595
2020-08-24,GLP,99.0,7.69595
2020-08-24,Regular,20.18,7.69595
2020-08-24,Superior,20.98,7.69595
2020-08-25,Búnker,12.03,7.69823
2020-08-25,Diésel,16.59,7.69823
2020-08-25,GLP,99.0,7.69823
2020-08-25,Regular,20.18,7.69823
2020-08-25,Superior,20.98,7.69823
2020-08-26,Búnker,12.03,7.70262
2020-08-26,Diésel,16.59,7.70262
2020-08-26,GLP,99.0,7.70262
2020-08-26,Regular,20.18,7.70262
2020-08-26,Superior,20.98,7.70262
2020-08-27,Búnker,12.03,7.71029
2020-08-27,Diésel,16.59,7.71029
2020-08-27,GLP,99.0,7.71029
2020-08-27,Regular,20.18,7.71029
2020-08-27,Superior,20.98,7.71029
2020-08-28,Búnker,12.03,7.72508
2020-08-28,Diésel,16.59,7.72508
2020-08-28,GLP,99.0,7.72508
2020-08-28,Regular,20.18,7.72508
2020-08-28,Superior,20.98,7.72508
2020-08-29,Búnker,12.03,7.72508
2020-08-29,Diésel,16.59,7.72508
2020-08-29,GLP,99.0,7.72508
2020-08-29,Regular,20.18,7.72508
2020-08-29,Superior,20.98,7.72508
2020-08-30,Búnker,12.03,7.72508
2020-08-30,Diésel,16.59,7.72508
2020-08-30,GLP,99.0,7.72508
2020-08-30,Regular,20.18,7.72508
2020-08-30,Superior,20.98,7.72508
2020-08-31,Búnker,12.03,7.72991
2020-08-31,Diésel,16.42,7.72991
2020-08-31,GLP,99.0,7.72991
2020-08-31,Regular,20.6,7.72991
2020-08-31,Superior,21.4,7.72991
2020-09-01,Búnker,12.03,7.72961
2020-09-01,Diésel,16.42,7.72961
2020-09-01,GLP,99.0,7.72961
2020-09-01,Regular,20.6,7.72961
2020-09-01,Superior,21.4,7.72961
2020-09-02,Búnker,12.03,7.72672
2020-09-02,Diésel,16.42,7.72672
2020-09-02,GLP,99.0,7.72672
2020-09-02,Regular,20.6,7.72672
2020-09-02,Superior,21.4,7.72672
2020-09-03,Búnker,12.03,7.72938
2020-09-03,Diésel,16.42,7.72938
2020-09-03,GLP,99.0,7.72938
2020-09-03,Regular,20.6,7.72938
2020-09-03,Superior,21.4,7.72938
2020-09-04,Búnker,12.03,7.7349
2020-09-04,Diésel,16.42,7.7349
2020-09-04,GLP,99.0,7.7349
2020-09-04,Regular,20.6,7.7349
2020-09-04,Superior,21.4,7.7349
2020-09-05,Búnker,12.03,7.7349
2020-09-05,Diésel,16.42,7.7349
2020-09-05,GLP,99.0,7.7349
2020-09-05,Regular,20.6,7.7349
2020-09-05,Superior,21.4,7.7349
2020-09-06,Búnker,12.03,7.7349
2020-09-06,Diésel,16.42,7.7349
2020-09-06,GLP,99.0,7.7349
2020-09-06,Regular,20.6,7.7349
2020-09-06,Superior,21.4,7.7349
2020-09-07,Búnker,11.93,7.73182
2020-09-07,Diésel,16.19,7.73182
2020-09-07,GLP,99.0,7.73182
2020-09-07,Regular,20.73,7.73182
2020-09-07,Superior,21.53,7.73182
2020-09-08,Búnker,11.93,7.73932
2020-09-08,Diésel,16.19,7.73932
2020-09-08,GLP,99.0,7.73932
2020-09-08,Regular,20.73,7.73932
2020-09-08,Superior,21.53,7.73932
2020-09-09,Búnker,11.93,7.74131
2020-09-09,Diésel,16.19,7.74131
2020-09-09,GLP,99.0,7.74131
2020-09-09,Regular,20.73,7.74131
2020-09-09,Superior,21.53,7.74131
2020-09-10,Búnker,11.93,7.75328
2020-09-10,Diésel,16.19,7.75328
2020-09-10,GLP,99.0,7.75328
2020-09-10,Regular,20.73,7.75328
2020-09-10,Superior,21.53,7.75328
2020-09-11,Búnker,11.93,7.75858
2020-09-11,Diésel,16.19,7.75858
2020-09-11,GLP,99.0,7.75858
2020-09-11,Regular,20.73,7.75858
2020-09-11,Superior,21.53,7.75858
2020-09-12,Búnker,11.93,7.75858
2020-09-12,Diésel,16.19,7.75858
2020-09-12,GLP,99.0,7.75858
2020-09-12,Regular,20.73,7.75858
2020-09-12,Superior,21.53,7.75858
2020-09-13,Búnker,11.93,7.75858
2020-09-13,Diésel,16.19,7.75858
2020-09-13,GLP,99.0,7.75858
2020-09-13,Regular,20.73,7.75858
2020-09-13,Superior,21.53,7.75858
2020-09-14,Búnker,11.45,7.75927
2020-09-14,Diésel,15.55,7.75927
2020-09-14,GLP,99.0,7.75927
2020-09-14,Regular,20.21,7.75927
2020-09-14,Superior,21.02,7.75927
2020-09-15,Búnker,11.45,7.75927
2020-09-15,Diésel,15.55,7.75927
2020-09-15,GLP,99.0,7.75927
2020-09-15,Regular,20.21,7.75927
2020-09-15,Superior,21.02,7.75927
2020-09-16,Búnker,11.45,7.75303
2020-09-16,Diésel,15.55,7.75303
2020-09-16,GLP,99.0,7.75303
2020-09-16,Regular,20.21,7.75303
2020-09-16,Superior,21.02,7.75303
2020-09-17,Búnker,11.45,7.7565
2020-09-17,Diésel,15.55,7.7565
2020-09-17,GLP,99.0,7.7565
2020-09-17,Regular,20.21,7.7565
2020-09-17,Superior,21.02,7.7565
2020-09-18,Búnker,11.45,7.75687
2020-09-18,Diésel,15.55,7.75687
2020-09-18,GLP,99.0,7.75687
2020-09-18,Regular,20.21,7.75687
2020-09-18,Superior,21.02,7.75687
2020-09-19,Búnker,11.45,7.75687
2020-09-19,Diésel,15.55,7.75687
2020-09-19,GLP,99.0,7.75687
2020-09-19,Regular,20.21,7.75687
2020-09-19,Superior,21.02,7.75687
2020-09-20,Búnker,11.45,7.75687
2020-09-20,Diésel,15.55,7.75687
2020-09-20,GLP,99.0,7.75687
2020-09-20,Regular,20.21,7.75687
2020-09-20,Superior,21.02,7.75687
2020-09-21,Búnker,11.6,7.7661
2020-09-21,Diésel,15.06,7.7661
2020-09-21,GLP,99.0,7.7661
2020-09-21,Regular,20.1,7.7661
2020-09-21,Superior,20.89,7.7661
2020-09-22,Búnker,11.6,7.75888
2020-09-22,Diésel,15.06,7.75888
2020-09-22,GLP,99.0,7.75888
2020-09-22,Regular,20.1,7.75888
2020-09-22,Superior,20.89,7.75888
2020-09-23,Búnker,11.6,7.76677
2020-09-23,Diésel,15.06,7.76677
2020-09-23,GLP,99.0,7.76677
2020-09-23,Regular,20.1,7.76677
2020-09-23,Superior,20.89,7.76677
2020-09-24,Búnker,11.6,7.7863
2020-09-24,Diésel,15.06,7.7863
2020-09-24,GLP,99.0,7.7863
2020-09-24,Regular,20.1,7.7863
2020-09-24,Superior,20.89,7.7863
2020-09-25,Búnker,11.6,7.78459
2020-09-25,Diésel,15.06,7.78459
2020-09-25,GLP,99.0,7.78459
2020-09-25,Regular,20.1,7.78459
2020-09-25,Superior,20.89,7.78459
2020-09-26,Búnker,11.6,7.78459
2020-09-26,Diésel,15.06,7.78459
2020-09-26,GLP,99.0,7.78459
2020-09-26,Regular,20.1,7.78459
2020-09-26,Superior,20.89,7.78459
2020-09-27,Búnker,11.6,7.78459
2020-09-27,Diésel,15.06,7.78459
2020-09-27,GLP,99.0,7.78459
2020-09-27,Regular,20.1,7.78459
2020-09-27,Superior,20.89,7.78459
2020-09-28,Búnker,11.57,7.7823
2020-09-28,Diésel,14.99,7.7823
2020-09-28,GLP,99.0,7.7823
2020-09-28,Regular,20.09,7.7823
2020-09-28,Superior,20.87,7.7823
2020-09-29,Búnker,11.57,7.78543
2020-09-29,Diésel,14.99,7.78543
2020-09-29,GLP,99.0,7.78543
2020-09-29,Regular,20.09,7.78543
2020-09-29,Superior,20.87,7.78543
2020-09-30,Búnker,11.57,7.78602
2020-09-30,Diésel,14.99,7.78602
2020-09-30,GLP,99.0,7.78602
2020-09-30,Regular,20.09,7.78602
2020-09-30,Superior,20.87,7.78602
2020-10-01,Búnker,11.57,7.78375
2020-10-01,Diésel,14.99,7.78375
2020-10-01,GLP,99.0,7.78375
2020-10-01,Regular,20.09,7.78375
2020-10-01,Superior,20.87,7.78375
2020-10-02,Búnker,11.57,7.78222
2020-10-02,Diésel,14.99,7.78222
2020-10-02,GLP,99.0,7.78222
2020-10-02,Regular,20.09,7.78222
2020-10-02,Superior,20.87,7.78222
2020-10-03,Búnker,11.57,7.78222
2020-10-03,Diésel,14.99,7.78222
2020-10-03,GLP,99.0,7.78222
2020-10-03,Regular,20.09,7.78222
2020-10-03,Superior,20.87,7.78222
2020-10-04,Búnker,11.57,7.78222
2020-10-04,Diésel,14.99,7.78222
2020-10-04,GLP,99.0,7.78222
2020-10-04,Regular,20.09,7.78222
2020-10-04,Superior,20.87,7.78222
2020-10-05,Búnker,11.5,7.77718
2020-10-05,Diésel,15.01,7.77718
2020-10-05,GLP,99.0,7.77718
2020-10-05,Regular,20.61,7.77718
2020-10-05,Superior,21.41,7.77718
2020-10-06,Búnker,11.5,7.77848
2020-10-06,Diésel,15.01,7.77848
2020-10-06,GLP,99.0,7.77848
2020-10-06,Regular,20.61,7.77848
2020-10-06,Superior,21.41,7.77848
2020-10-07,Búnker,11.5,7.77686
2020-10-07,Diésel,15.01,7.77686
2020-10-07,GLP,99.0,7.77686
2020-10-07,Regular,20.61,7.77686
2020-10-07,Superior,21.41,7.77686
2020-10-08,Búnker,11.5,7.77703
2020-10-08,Diésel,15.01,7.77703
2020-10-08,GLP,99.0,7.77703
2020-10-08,Regular,20.61,7.77703
2020-10-08,Superior,21.41,7.77703
2020-10-09,Búnker,11.5,7.77514
2020-10-09,Diésel,15.01,7.77514
2020-10-09,GLP,99.0,7.77514
2020-10-09,Regular,20.61,7.77514
2020-10-09,Superior,21.41,7.77514
2020-10-10,Búnker,11.5,7.77514
2020-10-10,Diésel,15.01,7.77514
2020-10-10,GLP,99.0,7.77514
2020-10-10,Regular,20.61,7.77514
2020-10-10,Superior,21.41,7.77514
2020-10-11,Búnker,11.5,7.77514
2020-10-11,Diésel,15.01,7.77514
2020-10-11,GLP,99.0,7.77514
2020-10-11,Regular,20.61,7.77514
2020-10-11,Superior,21.41,7.77514
2020-10-12,Búnker,11.5,7.77514
2020-10-12,Diésel,15.01,7.77514
2020-10-12,GLP,99.0,7.77514
2020-10-12,Regular,20.61,7.77514
2020-10-12,Superior,21.41,7.77514
2020-10-13,Búnker,11.62,7.78165
2020-10-13,Diésel,15.03,7.78165
2020-10-13,GLP,99.0,7.78165
2020-10-13,Regular,20.61,7.78165
2020-10-13,Superior,21.1,7.78165
2020-10-14,Búnker,11.62,7.77696
2020-10-14,Diésel,15.03,7.77696
2020-10-14,GLP,99.0,7.77696
2020-10-14,Regular,20.61,7.77696
2020-10-14,Superior,21.1,7.77696
2020-10-15,Búnker,11.62,7.7795
2020-10-15,Diésel,15.03,7.7795
2020-10-15,GLP,99.0,7.7795
2020-10-15,Regular,20.61,7.7795
2020-10-15,Superior,21.1,7.7795
2020-10-16,Búnker,11.62,7.78231
2020-10-16,Diésel,15.03,7.78231
2020-10-16,GLP,99.0,7.78231
2020-10-16,Regular,20.61,7.78231
2020-10-16,Superior,21.1,7.78231
2020-10-17,Búnker,11.62,7.78231
2020-10-17,Diésel,15.03,7.78231
2020-10-17,GLP,99.0,7.78231
2020-10-17,Regular,20.61,7.78231
2020-10-17,Superior,21.1,7.78231
2020-10-18,Búnker,11.62,7.78231
2020-10-18,Diésel,15.03,7.78231
2020-10-18,GLP,99.0,7.78231
2020-10-18,Regular,20.61,7.78231
2020-10-18,Superior,21.1,7.78231
2020-10-19,Búnker,11.895,7.78355
2020-10-19,Diésel,14.99,7.78355
2020-10-19,GLP,99.0,7.78355
2020-10-19,Regular,20.41,7.78355
2020-10-19,Superior,21.2,7.78355
2020-10-20,Búnker,11.895,7.78355
2020-10-20,Diésel,14.99,7.78355
2020-10-20,GLP,99.0,7.78355
2020-10-20,Regular,20.41,7.78355
2020-10-20,Superior,21.2,7.78355
2020-10-21,Búnker,11.895,7.7779
2020-10-21,Diésel,14.99,7.7779
2020-10-21,GLP,99.0,7.7779
2020-10-21,Regular,20.41,7.7779
2020-10-21,Superior,21.2,7.7779
2020-10-22,Búnker,11.895,7.78046
2020-10-22,Diésel,14.99,7.78046
2020-10-22,GLP,99.0,7.78046
2020-10-22,Regular,20.41,7.78046
2020-10-22,Superior,21.2,7.78046
2020-10-23,Búnker,11.895,7.78035
2020-10-23,Diésel,14.99,7.78035
2020-10-23,GLP,99.0,7.78035
2020-10-23,Regular,20.41,7.78035
2020-10-23,Superior,21.2,7.78035
2020-10-24,Búnker,11.895,7.78035
2020-10-24,Diésel,14.99,7.78035
2020-10-24,GLP,99.0,7.78035
2020-10-24,Regular,20.41,7.78035
2020-10-24,Superior,21.2,7.78035
2020-10-25,Búnker,11.895,7.78035
2020-10-25,Diésel,14.99,7.78035
2020-10-25,GLP,99.0,7.78035
2020-10-25,Regular,20.41,7.78035
2020-10-25,Superior,21.2,7.78035
2020-10-26,Búnker,11.7,7.77983
2020-10-26,Diésel,15.0,7.77983
2020-10-26,GLP,99.0,7.77983
2020-10-26,Regular,19.78,7.77983
2020-10-26,Superior,20.58,7.77983
2020-10-27,Búnker,11.7,7.78042
2020-10-27,Diésel,15.0,7.78042
2020-10-27,GLP,99.0,7.78042
2020-10-27,Regular,19.78,7.78042
2020-10-27,Superior,20.58,7.78042
2020-10-28,Búnker,11.7,7.78619
2020-10-28,Diésel,15.0,7.78619
2020-10-28,GLP,99.0,7.78619
2020-10-28,Regular,19.78,7.78619
2020-10-28,Superior,20.58,7.78619
2020-10-29,Búnker,11.7,7.79165
2020-10-29,Diésel,15.0,7.79165
2020-10-29,GLP,99.0,7.79165
2020-10-29,Regular,19.78,7.79165
2020-10-29,Superior,20.58,7.79165
2020-10-30,Búnker,11.7,7.79595
2020-10-30,Diésel,15.0,7.79595
2020-10-30,GLP,99.0,7.79595
2020-10-30,Regular,19.78,7.79595
2020-10-30,Superior,20.58,7.79595
2020-10-31,Búnker,11.7,7.79595
2020-10-31,Diésel,15.0,7.79595
2020-10-31,GLP,99.0,7.79595
2020-10-31,Regular,19.78,7.79595
2020-10-31,Superior,20.58,7.79595
2020-11-01,Búnker,11.7,7.79595
2020-11-01,Diésel,15.0,7.79595
2020-11-01,GLP,99.0,7.79595
2020-11-01,Regular,19.78,7.79595
2020-11-01,Superior,20.58,7.79595
2020-11-02,Búnker,11.6,7.79595
2020-11-02,Diésel,14.8,7.79595
2020-11-02,GLP,99.0,7.79595
2020-11-02,Regular,19.43,7.79595
2020-11-02,Superior,20.24,7.79595
2020-11-03,Búnker,11.6,7.78858
2020-11-03,Diésel,14.8,7.78858
2020-11-03,GLP,99.0,7.78858
2020-11-03,Regular,19.43,7.78858
2020-11-03,Superior,20.24,7.78858
2020-11-04,Búnker,11.6,7.78602
2020-11-04,Diésel,14.8,7.78602
2020-11-04,GLP,99.0,7.78602
2020-11-04,Regular,19.43,7.78602
2020-11-04,Superior,20.24,7.78602
2020-11-05,Búnker,11.6,7.78318
2020-11-05,Diésel,14.8,7.78318
2020-11-05,GLP,99.0,7.78318
2020-11-05,Regular,19.43,7.78318
2020-11-05,Superior,20.24,7.78318
2020-11-06,Búnker,11.6,7.78214
2020-11-06,Diésel,14.8,7.78214
2020-11-06,GLP,99.0,7.78214
2020-11-06,Regular,19.43,7.78214
2020-11-06,Superior,20.24,7.78214
2020-11-07,Búnker,11.6,7.78214
2020-11-07,Diésel,14.8,7.78214
2020-11-07,GLP,99.0,7.78214
2020-11-07,Regular,19.43,7.78214
2020-11-07,Superior,20.24,7.78214
2020-11-08,Búnker,11.6,7.78214
2020-11-08,Diésel,14.8,7.78214
2020-11-08,GLP,99.0,7.78214
2020-11-08,Regular,19.43,7.78214
2020-11-08,Superior,20.24,7.78214
2020-11-09,Búnker,11.7,7.77957
2020-11-09,Diésel,14.79,7.77957
2020-11-09,GLP,99.0,7.77957
2020-11-09,Regular,18.94,7.77957
2020-11-09,Superior,19.74,7.77957
2020-11-10,Búnker,11.7,7.77537
2020-11-10,Diésel,14.79,7.77537
2020-11-10,GLP,99.0,7.77537
2020-11-10,Regular,18.94,7.77537
2020-11-10,Superior,19.74,7.77537
2020-11-11,Búnker,11.7,7.77567
2020-11-11,Diésel,14.79,7.77567
2020-11-11,GLP,99.0,7.77567
2020-11-11,Regular,18.94,7.77567
2020-11-11,Superior,19.74,7.77567
2020-11-12,Búnker,11.7,7.78309
2020-11-12,Diésel,14.79,7.78309
2020-11-12,GLP,99.0,7.78309
2020-11-12,Regular,18.94,7.78309
2020-11-12,Superior,19.74,7.78309
2020-11-13,Búnker,11.7,7.77684
2020-11-13,Diésel,14.79,7.77684
2020-11-13,GLP,99.0,7.77684
2020-11-13,Regular,18.94,7.77684
2020-11-13,Superior,19.74,7.77684
2020-11-14,Búnker,11.7,7.77684
2020-11-14,Diésel,14.79,7.77684
2020-11-14,GLP,99.0,7.77684
2020-11-14,Regular,18.94,7.77684
2020-11-14,Superior,19.74,7.77684
2020-11-15,Búnker,11.7,7.77684
2020-11-15,Diésel,14.79,7.77684
2020-11-15,GLP,99.0,7.77684
2020-11-15,Regular,18.94,7.77684
2020-11-15,Superior,19.74,7.77684
2020-11-16,Búnker,12.2,7.77727
2020-11-16,Diésel,14.8,7.77727
2020-11-16,GLP,99.0,7.77727
2020-11-16,Regular,18.92,7.77727
2020-11-16,Superior,19.72,7.77727
2020-11-17,Búnker,12.2,7.77956
2020-11-17,Diésel,14.8,7.77956
2020-11-17,GLP,99.0,7.77956
2020-11-17,Regular,18.92,7.77956
2020-11-17,Superior,19.72,7.77956
2020-11-18,Búnker,12.2,7.78
2020-11-18,Diésel,14.8,7.78
2020-11-18,GLP,99.0,7.78
2020-11-18,Regular,18.92,7.78
2020-11-18,Superior,19.72,7.78
2020-11-19,Búnker,12.2,7.77842
2020-11-19,Diésel,14.8,7.77842
2020-11-19,GLP,99.0,7.77842
2020-11-19,Regular,18.92,7.77842
2020-11-19,Superior,19.72,7.77842
2020-11-20,Búnker,12.2,7.78348
2020-11-20,Diésel,14.8,7.78348
2020-11-20,GLP,99.0,7.78348
2020-11-20,Regular,18.92,7.78348
2020-11-20,Superior,19.72,7.78348
2020-11-21,Búnker,12.2,7.78348
2020-11-21,Diésel,14.8,7.78348
2020-11-21,GLP,99.0,7.78348
2020-11-21,Regular,18.92,7.78348
2020-11-21,Superior,19.72,7.78348
2020-11-22,Búnker,12.2,7.78348
2020-11-22,Diésel,14.8,7.78348
2020-11-22,GLP,99.0,7.78348
2020-11-22,Regular,18.92,7.78348
2020-11-22,Superior,19.72,7.78348
2020-11-23,Búnker,12.4,7.78586
2020-11-23,Diésel,15.21,7.78586
2020-11-23,GLP,99.0,7.78586
2020-11-23,Regular,19.38,7.78586
2020-11-23,Superior,20.18,7.78586
2020-11-24,Búnker,12.4,7.79212
2020-11-24,Diésel,15.21,7.79212
2020-11-24,GLP,99.0,7.79212
2020-11-24,Regular,19.38,7.79212
2020-11-24,Superior,20.18,7.79212
2020-11-25,Búnker,12.4,7.80053
2020-11-25,Diésel,15.21,7.80053
2020-11-25,GLP,99.0,7.80053
2020-11-25,Regular,19.38,7.80053
2020-11-25,Superior,20.18,7.80053
2020-11-26,Búnker,12.4,7.8082
2020-11-26,Diésel,15.21,7.8082
2020-11-26,GLP,99.0,7.8082
2020-11-26,Regular,19.38,7.8082
2020-11-26,Superior,20.18,7.8082
2020-11-27,Búnker,12.4,7.81985
2020-11-27,Diésel,15.21,7.81985
2020-11-27,GLP,99.0,7.81985
2020-11-27,Regular,19.38,7.81985
2020-11-27,Superior,20.18,7.81985
2020-11-28,Búnker,12.4,7.81985
2020-11-28,Diésel,15.21,7.81985
2020-11-28,GLP,99.0,7.81985
2020-11-28,Regular,19.38,7.81985
2020-11-28,Superior,20.18,7.81985
2020-11-29,Búnker,12.4,7.81985
2020-11-29,Diésel,15.21,7.81985
2020-11-29,GLP,99.0,7.81985
2020-11-29,Regular,19.38,7.81985
2020-11-29,Superior,20.18,7.81985
2020-11-30,Búnker,13.15,7.81405
2020-11-30,Diésel,15.76,7.81405
2020-11-30,GLP,99.0,7.81405
2020-11-30,Regular,19.88,7.81405
2020-11-30,Superior,20.68,7.81405
2020-12-01,Búnker,13.15,7.81148
2020-12-01,Diésel,15.76,7.81148
2020-12-01,GLP,99.0,7.81148
2020-12-01,Regular,19.88,7.81148
2020-12-01,Superior,20.68,7.81148
2020-12-02,Búnker,13.15,7.81321
2020-12-02,Diésel,15.76,7.81321
2020-12-02,GLP,99.0,7.81321
2020-12-02,Regular,19.88,7.81321
2020-12-02,Superior,20.68,7.81321
2020-12-03,Búnker,13.15,7.81773
2020-12-03,Diésel,15.76,7.81773
2020-12-03,GLP,99.0,7.81773
2020-12-03,Regular,19.88,7.81773
2020-12-03,Superior,20.68,7.81773
2020-12-04,Búnker,13.15,7.81681
2020-12-04,Diésel,15.76,7.81681
2020-12-04,GLP,99.0,7.81681
2020-12-04,Regular,19.88,7.81681
2020-12-04,Superior,20.68,7.81681
2020-12-05,Búnker,13.15,7.81681
2020-12-05,Diésel,15.76,7.81681
2020-12-05,GLP,99.0,7.81681
2020-12-05,Regular,19.88,7.81681
2020-12-05,Superior,20.68,7.81681
2020-12-06,Búnker,13.15,7.81681
2020-12-06,Diésel,15.76,7.81681
2020-12-06,GLP,99.0,7.81681
2020-12-06,Regular,19.88,7.81681
2020-12-06,Superior,20.68,7.81681
2020-12-07,Búnker,13.1,7.81099
2020-12-07,Diésel,16.48,7.81099
2020-12-07,GLP,99.0,7.81099
2020-12-07,Regular,20.4,7.81099
2020-12-07,Superior,21.2,7.81099
2020-12-08,Búnker,13.1,7.81035
2020-12-08,Diésel,16.48,7.81035
2020-12-08,GLP,99.0,7.81035
2020-12-08,Regular,20.4,7.81035
2020-12-08,Superior,21.2,7.81035
2020-12-09,Búnker,13.1,7.80736
2020-12-09,Diésel,16.48,7.80736
2020-12-09,GLP,99.0,7.80736
2020-12-09,Regular,20.4,7.80736
2020-12-09,Superior,21.2,7.80736
2020-12-10,Búnker,13.1,7.80327
2020-12-10,Diésel,16.48,7.80327
2020-12-10,GLP,99.0,7.80327
2020-12-10,Regular,20.4,7.80327
2020-12-10,Superior,21.2,7.80327
2020-12-11,Búnker,13.1,7.80537
2020-12-11,Diésel,16.48,7.80537
2020-12-11,GLP,99.0,7.80537
2020-12-11,Regular,20.4,7.80537
2020-12-11,Superior,21.2,7.80537
2020-12-12,Búnker,13.1,7.80537
2020-12-12,Diésel,16.48,7.80537
2020-12-12,GLP,99.0,7.80537
2020-12-12,Regular,20.4,7.80537
2020-12-12,Superior,21.2,7.80537
2020-12-13,Búnker,13.1,7.80537
2020-12-13,Diésel,16.48,7.80537
2020-12-13,GLP,99.0,7.80537
2020-12-13,Regular,20.4,7.80537
2020-12-13,Superior,21.2,7.80537
2020-12-14,Búnker,13.1,7.80233
2020-12-14,Diésel,17.19,7.80233
2020-12-14,GLP,99.0,7.80233
2020-12-14,Regular,20.6,7.80233
2020-12-14,Superior,21.4,7.80233
2020-12-15,Búnker,13.1,7.79678
2020-12-15,Diésel,17.19,7.79678
2020-12-15,GLP,99.0,7.79678
2020-12-15,Regular,20.6,7.79678
2020-12-15,Superior,21.4,7.79678
2020-12-16,Búnker,13.1,7.79621
2020-12-16,Diésel,17.19,7.79621
2020-12-16,GLP,99.0,7.79621
2020-12-16,Regular,20.6,7.79621
2020-12-16,Superior,21.4,7.79621
2020-12-17,Búnker,13.1,7.79413
2020-12-17,Diésel,17.19,7.79413
2020-12-17,GLP,99.0,7.79413
2020-12-17,Regular,20.6,7.79413
2020-12-17,Superior,21.4,7.79413
2020-12-18,Búnker,13.1,7.79461
2020-12-18,Diésel,17.19,7.79461
2020-12-18,GLP,99.0,7.79461
2020-12-18,Regular,20.6,7.79461
2020-12-18,Superior,21.4,7.79461
2020-12-19,Búnker,13.1,7.79461
2020-12-19,Diésel,17.19,7.79461
2020-12-19,GLP,99.0,7.79461
2020-12-19,Regular,20.6,7.79461
2020-12-19,Superior,21.4,7.79461
2020-12-20,Búnker,13.1,7.79461
2020-12-20,Diésel,17.19,7.79461
2020-12-20,GLP,99.0,7.79461
2020-12-20,Regular,20.6,7.79461
2020-12-20,Superior,21.4,7.79461
2020-12-21,Búnker,13.4,7.79455
2020-12-21,Diésel,17.62,7.79455
2020-12-21,GLP,99.0,7.79455
2020-12-21,Regular,21.11,7.79455
2020-12-21,Superior,21.91,7.79455
2020-12-22,Búnker,13.4,7.7934
2020-12-22,Diésel,17.62,7.7934
2020-12-22,GLP,99.0,7.7934
2020-12-22,Regular,21.11,7.7934
2020-12-22,Superior,21.91,7.7934
2020-12-23,Búnker,13.4,7.79496
2020-12-23,Diésel,17.62,7.79496
2020-12-23,GLP,99.0,7.79496
2020-12-23,Regular,21.11,7.79496
2020-12-23,Superior,21.91,7.79496
2020-12-24,Búnker,13.4,7.79241
2020-12-24,Diésel,17.62,7.79241
2020-12-24,GLP,99.0,7.79241
2020-12-24,Regular,21.11,7.79241
2020-12-24,Superior,21.91,7.79241
2020-12-25,Búnker,13.4,7.79241
2020-12-25,Diésel,17.62,7.79241
2020-12-25,GLP,99.0,7.79241
2020-12-25,Regular,21.11,7.79241
2020-12-25,Superior,21.91,7.79241
2020-12-26,Búnker,13.4,7.79241
2020-12-26,Diésel,17.62,7.79241
2020-12-26,GLP,99.0,7.79241
2020-12-26,Regular,21.11,7.79241
2020-12-26,Superior,21.91,7.79241
2020-12-27,Búnker,13.4,7.79241
2020-12-27,Diésel,17.62,7.79241
2020-12-27,GLP,99.0,7.79241
2020-12-27,Regular,21.11,7.79241
2020-12-27,Superior,21.91,7.79241
2020-12-28,Búnker,13.4,7.79005
2020-12-28,Diésel,17.61,7.79005
2020-12-28,GLP,99.0,7.79005
2020-12-28,Regular,21.11,7.79005
2020-12-28,Superior,21.91,7.79005
2020-12-29,Búnker,13.4,7.79333
2020-12-29,Diésel,17.61,7.79333
2020-12-29,GLP,99.0,7.79333
2020-12-29,Regular,21.11,7.79333
2020-12-29,Superior,21.91,7.79333
2020-12-30,Búnker,13.4,7.79382
2020-12-30,Diésel,17.61,7.79382
2020-12-30,GLP,99.0,7.79382
2020-12-30,Regular,21.11,7.79382
2020-12-30,Superior,21.91,7.79382
2020-12-31,Búnker,13.4,7.79382
2020-12-31,Diésel,17.61,7.79382
2020-12-31,GLP,99.0,7.79382
2020-12-31,Regular,21.11,7.79382
2020-12-31,Superior,21.91,7.79382
2021-01-01,Búnker,13.4,7.79382
2021-01-01,Diésel,17.61,7.79382
2021-01-01,GLP,99.0,7.79382
2021-01-01,Regular,21.11,7.79382
2021-01-01,Superior,21.91,7.79382
2021-01-02,Búnker,13.4,7.79382
2021-01-02,Diésel,17.61,7.79382
2021-01-02,GLP,99.0,7.79382
2021-01-02,Regular,21.11,7.79382
2021-01-02,Superior,21.91,7.79382
2021-01-03,Búnker,13.4,7.79382
2021-01-03,Diésel,17.61,7.79382
2021-01-03,GLP,99.0,7.79382
2021-01-03,Regular,21.11,7.79382
2021-01-03,Superior,21.91,7.79382
2021-01-04,Búnker,13.45,7.79417
2021-01-04,Diésel,17.61,7.79417
2021-01-04,GLP,99.0,7.79417
2021-01-04,Regular,21.11,7.79417
2021-01-04,Superior,21.91,7.79417
2021-01-05,Búnker,13.45,7.79369
2021-01-05,Diésel,17.61,7.79369
2021-01-05,GLP,99.0,7.79369
2021-01-05,Regular,21.11,7.79369
2021-01-05,Superior,21.91,7.79369
2021-01-06,Búnker,13.45,7.79735
2021-01-06,Diésel,17.61,7.79735
2021-01-06,GLP,99.0,7.79735
2021-01-06,Regular,21.11,7.79735
2021-01-06,Superior,21.91,7.79735
2021-01-07,Búnker,13.45,7.79493
2021-01-07,Diésel,17.61,7.79493
2021-01-07,GLP,99.0,7.79493
2021-01-07,Regular,21.11,7.79493
2021-01-07,Superior,21.91,7.79493
2021-01-08,Búnker,13.45,7.80089
2021-01-08,Diésel,17.61,7.80089
2021-01-08,GLP,99.0,7.80089
2021-01-08,Regular,21.11,7.80089
2021-01-08,Superior,21.91,7.80089
2021-01-09,Búnker,13.45,7.80089
2021-01-09,Diésel,17.61,7.80089
2021-01-09,GLP,99.0,7.80089
2021-01-09,Regular,21.11,7.80089
2021-01-09,Superior,21.91,7.80089
2021-01-10,Búnker,13.45,7.80089
2021-01-10,Diésel,17.61,7.80089
2021-01-10,GLP,99.0,7.80089
2021-01-10,Regular,21.11,7.80089
2021-01-10,Superior,21.91,7.80089
2021-01-11,Búnker,13.82,7.79581
2021-01-11,Diésel,17.69,7.79581
2021-01-11,GLP,99.0,7.79581
2021-01-11,Regular,21.59,7.79581
2021-01-11,Superior,22.39,7.79581
2021-01-12,Búnker,13.82,7.7962
2021-01-12,Diésel,17.69,7.7962
2021-01-12,GLP,99.0,7.7962
2021-01-12,Regular,21.59,7.7962
2021-01-12,Superior,22.39,7.7962
2021-01-13,Búnker,13.82,7.79686
2021-01-13,Diésel,17.69,7.79686
2021-01-13,GLP,101.67,7.79686
2021-01-13,Regular,21.59,7.79686
2021-01-13,Superior,22.39,7.79686
2021-01-14,Búnker,13.82,7.79124
2021-01-14,Diésel,17.69,7.79124
2021-01-14,GLP,101.67,7.79124
2021-01-14,Regular,21.59,7.79124
2021-01-14,Superior,22.39,7.79124
2021-01-15,Búnker,13.82,7.78903
2021-01-15,Diésel,17.69,7.78903
2021-01-15,GLP,101.67,7.78903
2021-01-15,Regular,21.59,7.78903
2021-01-15,Superior,22.39,7.78903
2021-01-16,Búnker,13.82,7.78903
2021-01-16,Diésel,17.69,7.78903
2021-01-16,GLP,107.0,7.78903
2021-01-16,Regular,21.59,7.78903
2021-01-16,Superior,22.39,7.78903
2021-01-17,Búnker,13.82,7.78903
2021-01-17,Diésel,17.69,7.78903
2021-01-17,GLP,107.0,7.78903
2021-01-17,Regular,21.59,7.78903
2021-01-17,Superior,22.39,7.78903
2021-01-18,Búnker,14.05,7.7856
2021-01-18,Diésel,18.3,7.7856
2021-01-18,GLP,107.0,7.7856
2021-01-18,Regular,22.41,7.7856
2021-01-18,Superior,23.21,7.7856
2021-01-19,Búnker,14.05,7.79345
2021-01-19,Diésel,18.3,7.79345
2021-01-19,GLP,107.0,7.79345
2021-01-19,Regular,22.41,7.79345
2021-01-19,Superior,23.21,7.79345
2021-01-20,Búnker,14.05,7.78725
2021-01-20,Diésel,18.3,7.78725
2021-01-20,GLP,110.0,7.78725
2021-01-20,Regular,22.41,7.78725
2021-01-20,Superior,23.21,7.78725
2021-01-21,Búnker,14.05,7.78209
2021-01-21,Diésel,18.3,7.78209
2021-01-21,GLP,110.0,7.78209
2021-01-21,Regular,22.41,7.78209
2021-01-21,Superior,23.21,7.78209
2021-01-22,Búnker,14.05,7.78162
2021-01-22,Diésel,18.3,7.78162
2021-01-22,GLP,110.0,7.78162
2021-01-22,Regular,22.41,7.78162
2021-01-22,Superior,23.21,7.78162
2021-01-23,Búnker,14.05,7.78162
2021-01-23,Diésel,18.3,7.78162
2021-01-23,GLP,116.0,7.78162
2021-01-23,Regular,22.41,7.78162
2021-01-23,Superior,23.21,7.78162
2021-01-24,Búnker,14.05,7.78162
2021-01-24,Diésel,18.3,7.78162
2021-01-24,GLP,116.0,7.78162
2021-01-24,Regular,22.41,7.78162
2021-01-24,Superior,23.21,7.78162
2021-01-25,Búnker,14.045,7.78124
2021-01-25,Diésel,18.47,7.78124
2021-01-25,GLP,116.0,7.78124
2021-01-25,Regular,22.64,7.78124
2021-01-25,Superior,23.44,7.78124
2021-01-26,Búnker,14.045,7.77958
2021-01-26,Diésel,18.47,7.77958
2021-01-26,GLP,116.0,7.77958
2021-01-26,Regular,22.64,7.77958
2021-01-26,Superior,23.44,7.77958
2021-01-27,Búnker,14.045,7.78483
2021-01-27,Diésel,18.47,7.78483
2021-01-27,GLP,116.0,7.78483
2021-01-27,Regular,22.64,7.78483
2021-01-27,Superior,23.44,7.78483
2021-01-28,Búnker,14.045,7.78262
2021-01-28,Diésel,18.47,7.78262
2021-01-28,GLP,116.0,7.78262
2021-01-28,Regular,22.64,7.78262
2021-01-28,Superior,23.44,7.78262
2021-01-29,Búnker,14.045,7.78638
2021-01-29,Diésel,18.47,7.78638
2021-01-29,GLP,116.0,7.78638
2021-01-29,Regular,22.64,7.78638
2021-01-29,Superior,23.44,7.78638
2021-01-30,Búnker,14.045,7.78638
2021-01-30,Diésel,18.47,7.78638
2021-01-30,GLP,116.0,7.78638
2021-01-30,Regular,22.64,7.78638
2021-01-30,Superior,23.44,7.78638
2021-01-31,Búnker,14.045,7.78638
2021-01-31,Diésel,18.47,7.78638
2021-01-31,GLP,116.0,7.78638
2021-01-31,Regular,22.64,7.78638
2021-01-31,Superior,23.44,7.78638
2021-02-01,Búnker,13.95,7.78003
2021-02-01,Diésel,18.57,7.78003
2021-02-01,GLP,116.0,7.78003
2021-02-01,Regular,22.77,7.78003
2021-02-01,Superior,23.57,7.78003
2021-02-02,Búnker,13.95,7.77836
2021-02-02,Diésel,18.57,7.77836
2021-02-02,GLP,116.0,7.77836
2021-02-02,Regular,22.77,7.77836
2021-02-02,Superior,23.57,7.77836
2021-02-03,Búnker,13.95,7.77857
2021-02-03,Diésel,18.57,7.77857
2021-02-03,GLP,116.0,7.77857
2021-02-03,Regular,22.77,7.77857
2021-02-03,Superior,23.57,7.77857
2021-02-04,Búnker,13.95,7.77652
2021-02-04,Diésel,18.57,7.77652
2021-02-04,GLP,116.0,7.77652
2021-02-04,Regular,22.77,7.77652
2021-02-04,Superior,23.57,7.77652
2021-02-05,Búnker,13.95,7.76627
2021-02-05,Diésel,18.57,7.76627
2021-02-05,GLP,116.0,7.76627
2021-02-05,Regular,22.77,7.76627
2021-02-05,Superior,23.57,7.76627
2021-02-06,Búnker,13.95,7.76627
2021-02-06,Diésel,18.57,7.76627
2021-02-06,GLP,116.0,7.76627
2021-02-06,Regular,22.77,7.76627
2021-02-06,Superior,23.57,7.76627
2021-02-07,Búnker,13.95,7.76627
2021-02-07,Diésel,18.57,7.76627
2021-02-07,GLP,116.0,7.76627
2021-02-07,Regular,22.77,7.76627
2021-02-07,Superior,23.57,7.76627
2021-02-08,Búnker,14.25,7.76611
2021-02-08,Diésel,18.98,7.76611
2021-02-08,GLP,116.0,7.76611
2021-02-08,Regular,23.18,7.76611
2021-02-08,Superior,23.98,7.76611
2021-02-09,Búnker,14.25,7.76291
2021-02-09,Diésel,18.98,7.76291
2021-02-09,GLP,116.0,7.76291
2021-02-09,Regular,23.18,7.76291
2021-02-09,Superior,23.98,7.76291
2021-02-10,Búnker,14.25,7.75873
2021-02-10,Diésel,18.98,7.75873
2021-02-10,GLP,116.0,7.75873
2021-02-10,Regular,23.18,7.75873
2021-02-10,Superior,23.98,7.75873
2021-02-11,Búnker,14.25,7.75519
2021-02-11,Diésel,18.98,7.75519
2021-02-11,GLP,116.0,7.75519
2021-02-11,Regular,23.18,7.75519
2021-02-11,Superior,23.98,7.75519
2021-02-12,Búnker,14.25,7.75002
2021-02-12,Diésel,18.98,7.75002
2021-02-12,GLP,116.0,7.75002
2021-02-12,Regular,23.18,7.75002
2021-02-12,Superior,23.98,7.75002
2021-02-13,Búnker,14.25,7.75002
2021-02-13,Diésel,18.98,7.75002
2021-02-13,GLP,116.0,7.75002
2021-02-13,Regular,23.18,7.75002
2021-02-13,Superior,23.98,7.75002
2021-02-14,Búnker,14.25,7.75002
2021-02-14,Diésel,18.98,7.75002
2021-02-14,GLP,116.0,7.75002
2021-02-14,Regular,23.18,7.75002
2021-02-14,Superior,23.98,7.75002
2021-02-15,Búnker,14.4,7.74667
2021-02-15,Diésel,19.79,7.74667
2021-02-15,GLP,116.0,7.74667
2021-02-15,Regular,23.59,7.74667
2021-02-15,Superior,24.39,7.74667
2021-02-16,Búnker,14.4,7.7464
2021-02-16,Diésel,19.79,7.7464
2021-02-16,GLP,116.0,7.7464
2021-02-16,Regular,23.59,7.7464
2021-02-16,Superior,24.39,7.7464
2021-02-17,Búnker,14.4,7.74185
2021-02-17,Diésel,19.79,7.74185
2021-02-17,GLP,116.0,7.74185
2021-02-17,Regular,23.59,7.74185
2021-02-17,Superior,24.39,7.74185
2021-02-18,Búnker,14.99,7.73698
2021-02-18,Diésel,19.79,7.73698
2021-02-18,GLP,116.0,7.73698
2021-02-18,Regular,23.59,7.73698
2021-02-18,Superior,24.39,7.73698
2021-02-19,Búnker,14.99,7.73197
2021-02-19,Diésel,19.79,7.73197
2021-02-19,GLP,116.0,7.73197
2021-02-19,Regular,23.59,7.73197
2021-02-19,Superior,24.39,7.73197
2021-02-20,Búnker,14.99,7.73197
2021-02-20,Diésel,19.79,7.73197
2021-02-20,GLP,116.0,7.73197
2021-02-20,Regular,23.59,7.73197
2021-02-20,Superior,24.39,7.73197
2021-02-21,Búnker,14.99,7.73197
2021-02-21,Diésel,19.79,7.73197
2021-02-21,GLP,116.0,7.73197
2021-02-21,Regular,23.59,7.73197
2021-02-21,Superior,24.39,7.73197
2021-02-22,Búnker,14.99,7.71868
2021-02-22,Diésel,20.5,7.71868
2021-02-22,GLP,116.0,7.71868
2021-02-22,Regular,24.3,7.71868
2021-02-22,Superior,25.1,7.71868
2021-02-23,Búnker,14.99,7.72021
2021-02-23,Diésel,20.5,7.72021
2021-02-23,GLP,116.0,7.72021
2021-02-23,Regular,24.3,7.72021
2021-02-23,Superior,25.1,7.72021
2021-02-24,Búnker,14.99,7.71568
2021-02-24,Diésel,20.5,7.71568
2021-02-24,GLP,116.0,7.71568
2021-02-24,Regular,24.3,7.71568
2021-02-24,Superior,25.1,7.71568
2021-02-25,Búnker,14.99,7.7148
2021-02-25,Diésel,20.5,7.7148
2021-02-25,GLP,116.0,7.7148
2021-02-25,Regular,24.3,7.7148
2021-02-25,Superior,25.1,7.7148
2021-02-26,Búnker,14.99,7.70922
2021-02-26,Diésel,20.5,7.70922
2021-02-26,GLP,116.0,7.70922
2021-02-26,Regular,24.3,7.70922
2021-02-26,Superior,25.1,7.70922
2021-02-27,Búnker,14.99,7.70922
2021-02-27,Diésel,20.5,7.70922
2021-02-27,GLP,116.0,7.70922
2021-02-27,Regular,24.3,7.70922
2021-02-27,Superior,25.1,7.70922
2021-02-28,Búnker,14.99,7.70922
2021-02-28,Diésel,20.5,7.70922
2021-02-28,GLP,116.0,7.70922
2021-02-28,Regular,24.3,7.70922
2021-02-28,Superior,25.1,7.70922
2021-03-01,Búnker,15.54,7.70606
2021-03-01,Diésel,20.86,7.70606
2021-03-01,GLP,116.0,7.70606
2021-03-01,Regular,25.05,7.70606
2021-03-01,Superior,25.85,7.70606
2021-03-02,Búnker,15.54,7.70271
2021-03-02,Diésel,20.86,7.70271
2021-03-02,GLP,116.0,7.70271
2021-03-02,Regular,25.05,7.70271
2021-03-02,Superior,25.85,7.70271
2021-03-03,Búnker,15.54,7.70784
2021-03-03,Diésel,20.86,7.70784
2021-03-03,GLP,116.0,7.70784
2021-03-03,Regular,25.05,7.70784
2021-03-03,Superior,25.85,7.70784
2021-03-04,Búnker,15.54,7.71007
2021-03-04,Diésel,20.86,7.71007
2021-03-04,GLP,116.0,7.71007
2021-03-04,Regular,25.05,7.71007
2021-03-04,Superior,25.85,7.71007
2021-03-05,Búnker,15.54,7.71553
2021-03-05,Diésel,20.86,7.71553
2021-03-05,GLP,116.0,7.71553
2021-03-05,Regular,25.05,7.71553
2021-03-05,Superior,25.85,7.71553
2021-03-06,Búnker,15.54,7.71553
2021-03-06,Diésel,20.86,7.71553
2021-03-06,GLP,116.0,7.71553
2021-03-06,Regular,25.05,7.71553
2021-03-06,Superior,25.85,7.71553
2021-03-07,Búnker,15.54,7.71553
2021-03-07,Diésel,20.86,7.71553
2021-03-07,GLP,116.0,7.71553
2021-03-07,Regular,25.05,7.71553
2021-03-07,Superior,25.85,7.71553
2021-03-08,Búnker,15.79,7.71276
2021-03-08,Diésel,21.31,7.71276
2021-03-08,GLP,116.0,7.71276
2021-03-08,Regular,25.81,7.71276
2021-03-08,Superior,26.6,7.71276
2021-03-09,Búnker,15.79,7.71698
2021-03-09,Diésel,21.31,7.71698
2021-03-09,GLP,116.0,7.71698
2021-03-09,Regular,25.81,7.71698
2021-03-09,Superior,26.6,7.71698
2021-03-10,Búnker,15.79,7.73021
2021-03-10,Diésel,21.31,7.73021
2021-03-10,GLP,116.0,7.73021
2021-03-10,Regular,25.81,7.73021
2021-03-10,Superior,26.6,7.73021
2021-03-11,Búnker,15.79,7.72378
2021-03-11,Diésel,21.31,7.72378
2021-03-11,GLP,118.0,7.72378
2021-03-11,Regular,25.81,7.72378
2021-03-11,Superior,26.6,7.72378
2021-03-12,Búnker,15.79,7.73057
2021-03-12,Diésel,21.31,7.73057
2021-03-12,GLP,120.0,7.73057
2021-03-12,Regular,25.81,7.73057
2021-03-12,Superior,26.6,7.73057
2021-03-13,Búnker,15.79,7.73057
2021-03-13,Diésel,21.31,7.73057
2021-03-13,GLP,120.0,7.73057
2021-03-13,Regular,25.81,7.73057
2021-03-13,Superior,26.6,7.73057
2021-03-14,Búnker,15.79,7.73057
2021-03-14,Diésel,21.31,7.73057
2021-03-14,GLP,120.0,7.73057
2021-03-14,Regular,25.81,7.73057
2021-03-14,Superior,26.6,7.73057
2021-03-15,Búnker,15.79,7.72429
2021-03-15,Diésel,21.68,7.72429
2021-03-15,GLP,120.0,7.72429
2021-03-15,Regular,26.47,7.72429
2021-03-15,Superior,27.27,7.72429
2021-03-16,Búnker,15.79,7.72084
2021-03-16,Diésel,21.68,7.72084
2021-03-16,GLP,120.0,7.72084
2021-03-16,Regular,26.47,7.72084
2021-03-16,Superior,27.27,7.72084
2021-03-17,Búnker,15.79,7.72462
2021-03-17,Diésel,21.68,7.72462
2021-03-17,GLP,120.0,7.72462
2021-03-17,Regular,26.47,7.72462
2021-03-17,Superior,27.27,7.72462
2021-03-18,Búnker,15.79,7.72059
2021-03-18,Diésel,21.68,7.72059
2021-03-18,GLP,120.0,7.72059
2021-03-18,Regular,26.47,7.72059
2021-03-18,Superior,27.27,7.72059
2021-03-19,Búnker,15.79,7.72156
2021-03-19,Diésel,21.68,7.72156
2021-03-19,GLP,120.0,7.72156
2021-03-19,Regular,26.47,7.72156
2021-03-19,Superior,27.27,7.72156
2021-03-20,Búnker,15.79,7.72156
2021-03-20,Diésel,21.68,7.72156
2021-03-20,GLP,120.0,7.72156
2021-03-20,Regular,26.47,7.72156
2021-03-20,Superior,27.27,7.72156
2021-03-21,Búnker,15.79,7.72156
2021-03-21,Diésel,21.68,7.72156
2021-03-21,GLP,120.0,7.72156
2021-03-21,Regular,26.47,7.72156
2021-03-21,Superior,27.27,7.72156
2021-03-22,Búnker,15.79,7.72274
2021-03-22,Diésel,21.41,7.72274
2021-03-22,GLP,120.0,7.72274
2021-03-22,Regular,26.22,7.72274
2021-03-22,Superior,27.02,7.72274
2021-03-23,Búnker,15.79,7.72002
2021-03-23,Diésel,21.41,7.72002
2021-03-23,GLP,120.0,7.72002
2021-03-23,Regular,26.22,7.72002
2021-03-23,Superior,27.02,7.72002
2021-03-24,Búnker,15.79,7.72758
2021-03-24,Diésel,21.41,7.72758
2021-03-24,GLP,120.0,7.72758
2021-03-24,Regular,26.22,7.72758
2021-03-24,Superior,27.02,7.72758
2021-03-25,Búnker,15.79,7.72719
2021-03-25,Diésel,21.41,7.72719
2021-03-25,GLP,120.0,7.72719
2021-03-25,Regular,26.22,7.72719
2021-03-25,Superior,27.02,7.72719
2021-03-26,Búnker,15.79,7.72379
2021-03-26,Diésel,21.41,7.72379
2021-03-26,GLP,120.0,7.72379
2021-03-26,Regular,26.22,7.72379
2021-03-26,Superior,27.02,7.72379
2021-03-27,Búnker,15.79,7.72379
2021-03-27,Diésel,21.41,7.72379
2021-03-27,GLP,120.0,7.72379
2021-03-27,Regular,26.22,7.72379
2021-03-27,Superior,27.02,7.72379
2021-03-28,Búnker,15.79,7.72379
2021-03-28,Diésel,21.41,7.72379
2021-03-28,GLP,120.0,7.72379
2021-03-28,Regular,26.22,7.72379
2021-03-28,Superior,27.02,7.72379
2021-03-29,Búnker,15.59,7.72267
2021-03-29,Diésel,20.8,7.72267
2021-03-29,GLP,120.0,7.72267
2021-03-29,Regular,25.56,7.72267
2021-03-29,Superior,26.35,7.72267
2021-03-30,Búnker,15.59,7.7199
2021-03-30,Diésel,20.8,7.7199
2021-03-30,GLP,120.0,7.7199
2021-03-30,Regular,25.56,7.7199
2021-03-30,Superior,26.35,7.7199
2021-03-31,Búnker,15.59,7.71498
2021-03-31,Diésel,20.8,7.71498
2021-03-31,GLP,120.0,7.71498
2021-03-31,Regular,25.56,7.71498
2021-03-31,Superior,26.35,7.71498
2021-04-01,Búnker,15.59,7.71498
2021-04-01,Diésel,20.8,7.71498
2021-04-01,GLP,120.0,7.71498
2021-04-01,Regular,25.56,7.71498
2021-04-01,Superior,26.35,7.71498
2021-04-02,Búnker,15.59,7.71498
2021-04-02,Diésel,20.8,7.71498
2021-04-02,GLP,120.0,7.71498
2021-04-02,Regular,25.56,7.71498
2021-04-02,Superior,26.35,7.71498
2021-04-03,Búnker,15.59,7.71498
2021-04-03,Diésel,20.8,7.71498
2021-04-03,GLP,120.0,7.71498
2021-04-03,Regular,25.56,7.71498
2021-04-03,Superior,26.35,7.71498
2021-04-04,Búnker,15.59,7.71498
2021-04-04,Diésel,20.8,7.71498
2021-04-04,GLP,120.0,7.71498
2021-04-04,Regular,25.56,7.71498
2021-04-04,Superior,26.35,7.71498
2021-04-05,Búnker,15.59,7.7179
2021-04-05,Diésel,20.71,7.7179
2021-04-05,GLP,120.0,7.7179
2021-04-05,Regular,25.66,7.7179
2021-04-05,Superior,26.45,7.7179
2021-04-06,Búnker,15.59,7.72277
2021-04-06,Diésel,20.71,7.72277
2021-04-06,GLP,120.0,7.72277
2021-04-06,Regular,25.66,7.72277
2021-04-06,Superior,26.45,7.72277
2021-04-07,Búnker,15.59,7.71815
2021-04-07,Diésel,20.71,7.71815
2021-04-07,GLP,120.0,7.71815
2021-04-07,Regular,25.66,7.71815
2021-04-07,Superior,26.45,7.71815
2021-04-08,Búnker,15.59,7.71725
2021-04-08,Diésel,20.71,7.71725
2021-04-08,GLP,120.0,7.71725
2021-04-08,Regular,25.66,7.71725
2021-04-08,Superior,26.45,7.71725
2021-04-09,Búnker,15.59,7.72209
2021-04-09,Diésel,20.71,7.72209
2021-04-09,GLP,120.0,7.72209
2021-04-09,Regular,25.66,7.72209
2021-04-09,Superior,26.45,7.72209
2021-04-10,Búnker,15.59,7.72209
2021-04-10,Diésel,20.71,7.72209
2021-04-10,GLP,120.0,7.72209
2021-04-10,Regular,25.66,7.72209
2021-04-10,Superior,26.45,7.72209
2021-04-11,Búnker,15.59,7.72209
2021-04-11,Diésel,20.71,7.72209
2021-04-11,GLP,120.0,7.72209
2021-04-11,Regular,25.66,7.72209
2021-04-11,Superior,26.45,7.72209
2021-04-12,Búnker,15.44,7.71748
2021-04-12,Diésel,20.43,7.71748
2021-04-12,GLP,120.0,7.71748
2021-04-12,Regular,26.17,7.71748
2021-04-12,Superior,26.97,7.71748
2021-04-13,Búnker,15.44,7.71454
2021-04-13,Diésel,20.43,7.71454
2021-04-13,GLP,120.0,7.71454
2021-04-13,Regular,26.17,7.71454
2021-04-13,Superior,26.97,7.71454
2021-04-14,Búnker,15.44,7.71791
2021-04-14,Diésel,20.43,7.71791
2021-04-14,GLP,120.0,7.71791
2021-04-14,Regular,26.17,7.71791
2021-04-14,Superior,26.97,7.71791
2021-04-15,Búnker,15.44,7.71877
2021-04-15,Diésel,20.43,7.71877
2021-04-15,GLP,120.0,7.71877
2021-04-15,Regular,26.17,7.71877
2021-04-15,Superior,26.97,7.71877
2021-04-16,Búnker,15.44,7.71832
2021-04-16,Diésel,20.43,7.71832
2021-04-16,GLP,120.0,7.71832
2021-04-16,Regular,26.17,7.71832
2021-04-16,Superior,26.97,7.71832
2021-04-17,Búnker,15.44,7.71832
2021-04-17,Diésel,20.43,7.71832
2021-04-17,GLP,120.0,7.71832
2021-04-17,Regular,26.17,7.71832
2021-04-17,Superior,26.97,7.71832
2021-04-18,Búnker,15.44,7.71832
2021-04-18,Diésel,20.43,7.71832
2021-04-18,GLP,120.0,7.71832
2021-04-18,Regular,26.17,7.71832
2021-04-18,Superior,26.97,7.71832
2021-04-19,Búnker,16.14,7.71216
2021-04-19,Diésel,20.59,7.71216
2021-04-19,GLP,120.0,7.71216
2021-04-19,Regular,26.2,7.71216
2021-04-19,Superior,27.0,7.71216
2021-04-20,Búnker,16.14,7.71103
2021-04-20,Diésel,20.59,7.71103
2021-04-20,GLP,120.0,7.71103
2021-04-20,Regular,26.2,7.71103
2021-04-20,Superior,27.0,7.71103
2021-04-21,Búnker,16.14,7.71206
2021-04-21,Diésel,20.59,7.71206
2021-04-21,GLP,120.0,7.71206
2021-04-21,Regular,26.2,7.71206
2021-04-21,Superior,27.0,7.71206
2021-04-22,Búnker,16.14,7.71432
2021-04-22,Diésel,20.59,7.71432
2021-04-22,GLP,120.0,7.71432
2021-04-22,Regular,26.2,7.71432
2021-04-22,Superior,27.0,7.71432
2021-04-23,Búnker,16.14,7.71463
2021-04-23,Diésel,20.59,7.71463
2021-04-23,GLP,120.0,7.71463
2021-04-23,Regular,26.2,7.71463
2021-04-23,Superior,27.0,7.71463
2021-04-24,Búnker,16.14,7.71463
2021-04-24,Diésel,20.59,7.71463
2021-04-24,GLP,120.0,7.71463
2021-04-24,Regular,26.2,7.71463
2021-04-24,Superior,27.0,7.71463
2021-04-25,Búnker,16.14,7.71463
2021-04-25,Diésel,20.59,7.71463
2021-04-25,GLP,120.0,7.71463
2021-04-25,Regular,26.2,7.71463
2021-04-25,Superior,27.0,7.71463
2021-04-26,Búnker,16.44,7.71238
2021-04-26,Diésel,20.87,7.71238
2021-04-26,GLP,120.0,7.71238
2021-04-26,Regular,26.49,7.71238
2021-04-26,Superior,27.27,7.71238
2021-04-27,Búnker,16.44,7.71167
2021-04-27,Diésel,20.87,7.71167
2021-04-27,GLP,120.0,7.71167
2021-04-27,Regular,26.49,7.71167
2021-04-27,Superior,27.27,7.71167
2021-04-28,Búnker,16.44,7.71934
2021-04-28,Diésel,20.87,7.71934
2021-04-28,GLP,120.0,7.71934
2021-04-28,Regular,26.49,7.71934
2021-04-28,Superior,27.27,7.71934
2021-04-29,Búnker,16.44,7.71649
2021-04-29,Diésel,20.87,7.71649
2021-04-29,GLP,120.0,7.71649
2021-04-29,Regular,26.49,7.71649
2021-04-29,Superior,27.27,7.71649
2021-04-30,Búnker,16.44,7.71812
2021-04-30,Diésel,20.87,7.71812
2021-04-30,GLP,120.0,7.71812
2021-04-30,Regular,26.49,7.71812
2021-04-30,Superior,27.27,7.71812
2021-05-01,Búnker,16.44,7.71812
2021-05-01,Diésel,20.87,7.71812
2021-05-01,GLP,120.0,7.71812
2021-05-01,Regular,26.49,7.71812
2021-05-01,Superior,27.27,7.71812
2021-05-02,Búnker,16.44,7.71812
2021-05-02,Diésel,20.87,7.71812
2021-05-02,GLP,120.0,7.71812
2021-05-02,Regular,26.49,7.71812
2021-05-02,Superior,27.27,7.71812
2021-05-03,Búnker,16.44,7.71812
2021-05-03,Diésel,21.12,7.71812
2021-05-03,GLP,120.0,7.71812
2021-05-03,Regular,26.49,7.71812
2021-05-03,Superior,27.29,7.71812
2021-05-04,Búnker,16.44,7.71336
2021-05-04,Diésel,21.12,7.71336
2021-05-04,GLP,120.0,7.71336
2021-05-04,Regular,26.49,7.71336
2021-05-04,Superior,27.29,7.71336
2021-05-05,Búnker,16.44,7.71288
2021-05-05,Diésel,21.12,7.71288
2021-05-05,GLP,120.0,7.71288
2021-05-05,Regular,26.49,7.71288
2021-05-05,Superior,27.29,7.71288
2021-05-06,Búnker,16.44,7.7117
2021-05-06,Diésel,21.12,7.7117
2021-05-06,GLP,120.0,7.7117
2021-05-06,Regular,26.49,7.7117
2021-05-06,Superior,27.29,7.7117
2021-05-07,Búnker,16.44,7.71133
2021-05-07,Diésel,21.12,7.71133
2021-05-07,GLP,120.0,7.71133
2021-05-07,Regular,26.49,7.71133
2021-05-07,Superior,27.29,7.71133
2021-05-08,Búnker,16.44,7.71133
2021-05-08,Diésel,21.12,7.71133
2021-05-08,GLP,120.0,7.71133
2021-05-08,Regular,26.49,7.71133
2021-05-08,Superior,27.29,7.71133
2021-05-09,Búnker,16.44,7.71133
2021-05-09,Diésel,21.12,7.71133
2021-05-09,GLP,120.0,7.71133
2021-05-09,Regular,26.49,7.71133
2021-05-09,Superior,27.29,7.71133
2021-05-10,Búnker,16.84,7.71048
2021-05-10,Diésel,21.79,7.71048
2021-05-10,GLP,120.0,7.71048
2021-05-10,Regular,27.09,7.71048
2021-05-10,Superior,27.89,7.71048
2021-05-11,Búnker,16.84,7.70861
2021-05-11,Diésel,21.79,7.70861
2021-05-11,GLP,120.0,7.70861
2021-05-11,Regular,27.09,7.70861
2021-05-11,Superior,27.89,7.70861
2021-05-12,Búnker,16.84,7.71034
2021-05-12,Diésel,21.79,7.71034
2021-05-12,GLP,120.0,7.71034
2021-05-12,Regular,27.09,7.71034
2021-05-12,Superior,27.89,7.71034
2021-05-13,Búnker,16.84,7.70898
2021-05-13,Diésel,21.79,7.70898
2021-05-13,GLP,120.0,7.70898
2021-05-13,Regular,27.09,7.70898
2021-05-13,Superior,27.89,7.70898
2021-05-14,Búnker,16.84,7.7102
2021-05-14,Diésel,21.79,7.7102
2021-05-14,GLP,120.0,7.7102
2021-05-14,Regular,27.09,7.7102
2021-05-14,Superior,27.89,7.7102
2021-05-15,Búnker,16.84,7.7102
2021-05-15,Diésel,21.79,7.7102
2021-05-15,GLP,120.0,7.7102
2021-05-15,Regular,27.09,7.7102
2021-05-15,Superior,27.89,7.7102
2021-05-16,Búnker,16.84,7.7102
2021-05-16,Diésel,21.79,7.7102
2021-05-16,GLP,120.0,7.7102
2021-05-16,Regular,27.09,7.7102
2021-05-16,Superior,27.89,7.7102
2021-05-17,Búnker,16.99,7.70923
2021-05-17,Diésel,21.79,7.70923
2021-05-17,GLP,120.0,7.70923
2021-05-17,Regular,27.09,7.70923
2021-05-17,Superior,27.9,7.70923
2021-05-18,Búnker,16.99,7.7092
2021-05-18,Diésel,21.79,7.7092
2021-05-18,GLP,120.0,7.7092
2021-05-18,Regular,27.09,7.7092
2021-05-18,Superior,27.9,7.7092
2021-05-19,Búnker,16.99,7.71246
2021-05-19,Diésel,21.79,7.71246
2021-05-19,GLP,120.0,7.71246
2021-05-19,Regular,27.09,7.71246
2021-05-19,Superior,27.9,7.71246
2021-05-20,Búnker,16.99,7.71203
2021-05-20,Diésel,21.79,7.71203
2021-05-20,GLP,120.0,7.71203
2021-05-20,Regular,27.09,7.71203
2021-05-20,Superior,27.9,7.71203
2021-05-21,Búnker,16.99,7.71822
2021-05-21,Diésel,21.79,7.71822
2021-05-21,GLP,120.0,7.71822
2021-05-21,Regular,27.09,7.71822
2021-05-21,Superior,27.9,7.71822
2021-05-22,Búnker,16.99,7.71822
2021-05-22,Diésel,21.79,7.71822
2021-05-22,GLP,120.0,7.71822
2021-05-22,Regular,27.09,7.71822
2021-05-22,Superior,27.9,7.71822
2021-05-23,Búnker,16.99,7.71822
2021-05-23,Diésel,21.79,7.71822
2021-05-23,GLP,120.0,7.71822
2021-05-23,Regular,27.09,7.71822
2021-05-23,Superior,27.9,7.71822
2021-05-24,Búnker,16.62,7.71544
2021-05-24,Diésel,21.78,7.71544
2021-05-24,GLP,120.0,7.71544
2021-05-24,Regular,27.08,7.71544
2021-05-24,Superior,27.88,7.71544
2021-05-25,Búnker,16.62,7.71791
2021-05-25,Diésel,21.78,7.71791
2021-05-25,GLP,120.0,7.71791
2021-05-25,Regular,27.08,7.71791
2021-05-25,Superior,27.88,7.71791
2021-05-26,Búnker,16.62,7.71942
2021-05-26,Diésel,21.78,7.71942
2021-05-26,GLP,120.0,7.71942
2021-05-26,Regular,27.08,7.71942
2021-05-26,Superior,27.88,7.71942
2021-05-27,Búnker,16.62,7.7219
2021-05-27,Diésel,21.78,7.7219
2021-05-27,GLP,120.0,7.7219
2021-05-27,Regular,27.08,7.7219
2021-05-27,Superior,27.88,7.7219
2021-05-28,Búnker,16.62,7.72459
2021-05-28,Diésel,21.78,7.72459
2021-05-28,GLP,120.0,7.72459
2021-05-28,Regular,27.08,7.72459
2021-05-28,Superior,27.88,7.72459
2021-05-29,Búnker,16.62,7.72459
2021-05-29,Diésel,21.78,7.72459
2021-05-29,GLP,120.0,7.72459
2021-05-29,Regular,27.08,7.72459
2021-05-29,Superior,27.88,7.72459
2021-05-30,Búnker,16.62,7.72459
2021-05-30,Diésel,21.78,7.72459
2021-05-30,GLP,120.0,7.72459
2021-05-30,Regular,27.08,7.72459
2021-05-30,Superior,27.88,7.72459
2021-05-31,Búnker,16.45,7.72117
2021-05-31,Diésel,22.29,7.72117
2021-05-31,GLP,120.0,7.72117
2021-05-31,Regular,27.22,7.72117
2021-05-31,Superior,28.01,7.72117
2021-06-01,Búnker,16.45,7.72935
2021-06-01,Diésel,22.29,7.72935
2021-06-01,GLP,120.0,7.72935
2021-06-01,Regular,27.22,7.72935
2021-06-01,Superior,28.01,7.72935
2021-06-02,Búnker,16.45,7.72179
2021-06-02,Diésel,22.29,7.72179
2021-06-02,GLP,120.0,7.72179
2021-06-02,Regular,27.22,7.72179
2021-06-02,Superior,28.01,7.72179
2021-06-03,Búnker,16.45,7.72533
2021-06-03,Diésel,22.29,7.72533
2021-06-03,GLP,120.0,7.72533
2021-06-03,Regular,27.22,7.72533
2021-06-03,Superior,28.01,7.72533
2021-06-04,Búnker,16.45,7.72994
2021-06-04,Diésel,22.29,7.72994
2021-06-04,GLP,120.0,7.72994
2021-06-04,Regular,27.22,7.72994
2021-06-04,Superior,28.01,7.72994
2021-06-05,Búnker,16.45,7.72994
2021-06-05,Diésel,22.29,7.72994
2021-06-05,GLP,120.0,7.72994
2021-06-05,Regular,27.22,7.72994
2021-06-05,Superior,28.01,7.72994
2021-06-06,Búnker,16.45,7.72994
2021-06-06,Diésel,22.29,7.72994
2021-06-06,GLP,120.0,7.72994
2021-06-06,Regular,27.22,7.72994
2021-06-06,Superior,28.01,7.72994
2021-06-07,Búnker,16.78,7.72393
2021-06-07,Diésel,22.58,7.72393
2021-06-07,GLP,120.0,7.72393
2021-06-07,Regular,27.2,7.72393
2021-06-07,Superior,27.99,7.72393
2021-06-08,Búnker,16.78,7.72481
2021-06-08,Diésel,22.58,7.72481
2021-06-08,GLP,120.0,7.72481
2021-06-08,Regular,27.2,7.72481
2021-06-08,Superior,27.99,7.72481
2021-06-09,Búnker,16.78,7.73186
2021-06-09,Diésel,22.58,7.73186
2021-06-09,GLP,120.0,7.73186
2021-06-09,Regular,27.2,7.73186
2021-06-09,Superior,27.99,7.73186
2021-06-10,Búnker,16.78,7.73802
2021-06-10,Diésel,22.58,7.73802
2021-06-10,GLP,120.0,7.73802
2021-06-10,Regular,27.2,7.73802
2021-06-10,Superior,27.99,7.73802
2021-06-11,Búnker,16.78,7.74072
2021-06-11,Diésel,22.58,7.74072
2021-06-11,GLP,120.0,7.74072
2021-06-11,Regular,27.2,7.74072
2021-06-11,Superior,27.99,7.74072
2021-06-12,Búnker,16.78,7.74072
2021-06-12,Diésel,22.58,7.74072
2021-06-12,GLP,120.0,7.74072
2021-06-12,Regular,27.2,7.74072
2021-06-12,Superior,27.99,7.74072
2021-06-13,Búnker,16.78,7.74072
2021-06-13,Diésel,22.58,7.74072
2021-06-13,GLP,120.0,7.74072
2021-06-13,Regular,27.2,7.74072
2021-06-13,Superior,27.99,7.74072
2021-06-14,Búnker,17.04,7.737
2021-06-14,Diésel,22.7,7.737
2021-06-14,GLP,120.0,7.737
2021-06-14,Regular,27.4,7.737
2021-06-14,Superior,28.19,7.737
2021-06-15,Búnker,17.04,7.73582
2021-06-15,Diésel,22.7,7.73582
2021-06-15,GLP,120.0,7.73582
2021-06-15,Regular,27.4,7.73582
2021-06-15,Superior,28.19,7.73582
2021-06-16,Búnker,17.04,7.74111
2021-06-16,Diésel,22.7,7.74111
2021-06-16,GLP,120.0,7.74111
2021-06-16,Regular,27.4,7.74111
2021-06-16,Superior,28.19,7.74111
2021-06-17,Búnker,17.04,7.74153
2021-06-17,Diésel,22.7,7.74153
2021-06-17,GLP,120.0,7.74153
2021-06-17,Regular,27.4,7.74153
2021-06-17,Superior,28.19,7.74153
2021-06-18,Búnker,17.04,7.74443
2021-06-18,Diésel,22.7,7.74443
2021-06-18,GLP,120.0,7.74443
2021-06-18,Regular,27.4,7.74443
2021-06-18,Superior,28.19,7.74443
2021-06-19,Búnker,17.04,7.74443
2021-06-19,Diésel,22.7,7.74443
2021-06-19,GLP,120.0,7.74443
2021-06-19,Regular,27.4,7.74443
2021-06-19,Superior,28.19,7.74443
2021-06-20,Búnker,17.04,7.74443
2021-06-20,Diésel,22.7,7.74443
2021-06-20,GLP,120.0,7.74443
2021-06-20,Regular,27.4,7.74443
2021-06-20,Superior,28.19,7.74443
2021-06-21,Búnker,17.29,7.73757
2021-06-21,Diésel,21.88,7.73757
2021-06-21,GLP,120.0,7.73757
2021-06-21,Regular,26.86,7.73757
2021-06-21,Superior,27.68,7.73757
2021-06-22,Búnker,17.29,7.738
2021-06-22,Diésel,21.88,7.738
2021-06-22,GLP,120.0,7.738
2021-06-22,Regular,26.86,7.738
2021-06-22,Superior,27.68,7.738
2021-06-23,Búnker,17.29,7.74412
2021-06-23,Diésel,21.88,7.74412
2021-06-23,GLP,120.0,7.74412
2021-06-23,Regular,26.86,7.74412
2021-06-23,Superior,27.68,7.74412
2021-06-24,Búnker,17.29,7.74428
2021-06-24,Diésel,21.88,7.74428
2021-06-24,GLP,120.0,7.74428
2021-06-24,Regular,26.86,7.74428
2021-06-24,Superior,27.68,7.74428
2021-06-25,Búnker,17.29,7.75033
2021-06-25,Diésel,21.88,7.75033
2021-06-25,GLP,120.0,7.75033
2021-06-25,Regular,26.86,7.75033
2021-06-25,Superior,27.68,7.75033
2021-06-26,Búnker,17.29,7.75033
2021-06-26,Diésel,21.88,7.75033
2021-06-26,GLP,120.0,7.75033
2021-06-26,Regular,26.86,7.75033
2021-06-26,Superior,27.68,7.75033
2021-06-27,Búnker,17.29,7.75033
2021-06-27,Diésel,21.88,7.75033
2021-06-27,GLP,120.0,7.75033
2021-06-27,Regular,26.86,7.75033
2021-06-27,Superior,27.68,7.75033
2021-06-28,Búnker,17.59,7.75033
2021-06-28,Diésel,21.88,7.75033
2021-06-28,GLP,120.0,7.75033
2021-06-28,Regular,26.86,7.75033
2021-06-28,Superior,27.68,7.75033
2021-06-29,Búnker,17.59,7.75033
2021-06-29,Diésel,21.81,7.75033
2021-06-29,GLP,120.0,7.75033
2021-06-29,Regular,26.8,7.75033
2021-06-29,Superior,27.6,7.75033
2021-06-30,Búnker,17.59,7.74404
2021-06-30,Diésel,21.81,7.74404
2021-06-30,GLP,120.0,7.74404
2021-06-30,Regular,26.8,7.74404
2021-06-30,Superior,27.6,7.74404
2021-07-01,Búnker,17.59,7.744
2021-07-01,Diésel,21.81,7.744
2021-07-01,GLP,120.0,7.744
2021-07-01,Regular,26.8,7.744
2021-07-01,Superior,27.6,7.744
2021-07-02,Búnker,17.59,7.74502
2021-07-02,Diésel,21.81,7.74502
2021-07-02,GLP,120.0,7.74502
2021-07-02,Regular,26.8,7.74502
2021-07-02,Superior,27.6,7.74502
2021-07-03,Búnker,17.59,7.74502
2021-07-03,Diésel,21.81,7.74502
2021-07-03,GLP,120.0,7.74502
2021-07-03,Regular,26.8,7.74502
2021-07-03,Superior,27.6,7.74502
2021-07-04,Búnker,17.59,7.74502
2021-07-04,Diésel,21.81,7.74502
2021-07-04,GLP,120.0,7.74502
2021-07-04,Regular,26.8,7.74502
2021-07-04,Superior,27.6,7.74502
2021-07-05,Búnker,17.59,7.74235
2021-07-05,Diésel,22.97,7.74235
2021-07-05,GLP,120.0,7.74235
2021-07-05,Regular,27.98,7.74235
2021-07-05,Superior,28.78,7.74235
2021-07-06,Búnker,17.59,7.74274
2021-07-06,Diésel,22.97,7.74274
2021-07-06,GLP,120.0,7.74274
2021-07-06,Regular,27.98,7.74274
2021-07-06,Superior,28.78,7.74274
2021-07-07,Búnker,17.59,7.74339
2021-07-07,Diésel,22.97,7.74339
2021-07-07,GLP,120.0,7.74339
2021-07-07,Regular,27.98,7.74339
2021-07-07,Superior,28.78,7.74339
2021-07-08,Búnker,17.59,7.72481
2021-07-08,Diésel,22.97,7.72481
2021-07-08,GLP,120.0,7.72481
2021-07-08,Regular,27.98,7.72481
2021-07-08,Superior,28.78,7.72481
2021-07-09,Búnker,17.59,7.73186
2021-07-09,Diésel,22.97,7.73186
2021-07-09,GLP,120.0,7.73186
2021-07-09,Regular,27.98,7.73186
2021-07-09,Superior,28.78,7.73186
2021-07-10,Búnker,17.59,7.73802
2021-07-10,Diésel,22.97,7.73802
2021-07-10,GLP,120.0,7.73802
2021-07-10,Regular,27.98,7.73802
2021-07-10,Superior,28.78,7.73802
2021-07-11,Búnker,17.59,7.74072
2021-07-11,Diésel,22.97,7.74072
2021-07-11,GLP,120.0,7.74072
2021-07-11,Regular,27.98,7.74072
2021-07-11,Superior,28.78,7.74072
2021-07-12,Búnker,17.09,7.74072
2021-07-12,Diésel,22.82,7.74072
2021-07-12,GLP,120.0,7.74072
2021-07-12,Regular,27.84,7.74072
2021-07-12,Superior,28.64,7.74072
2021-07-13,Búnker,17.09,7.74072
2021-07-13,Diésel,22.82,7.74072
2021-07-13,GLP,120.0,7.74072
2021-07-13,Regular,27.84,7.74072
2021-07-13,Superior,28.64,7.74072
2021-07-14,Búnker,17.09,7.74309
2021-07-14,Diésel,22.82,7.74309
2021-07-14,GLP,120.0,7.74309
2021-07-14,Regular,27.84,7.74309
2021-07-14,Superior,28.64,7.74309
2021-07-15,Búnker,17.09,7.74341
2021-07-15,Diésel,22.82,7.74341
2021-07-15,GLP,120.0,7.74341
2021-07-15,Regular,27.84,7.74341
2021-07-15,Superior,28.64,7.74341
2021-07-16,Búnker,17.09,7.74478
2021-07-16,Diésel,22.82,7.74478
2021-07-16,GLP,120.0,7.74478
2021-07-16,Regular,27.84,7.74478
2021-07-16,Superior,28.64,7.74478
2021-07-17,Búnker,17.09,7.74478
2021-07-17,Diésel,22.82,7.74478
2021-07-17,GLP,120.0,7.74478
2021-07-17,Regular,27.84,7.74478
2021-07-17,Superior,28.64,7.74478
2021-07-18,Búnker,17.09,7.74478
2021-07-18,Diésel,22.82,7.74478
2021-07-18,GLP,120.0,7.74478
2021-07-18,Regular,27.84,7.74478
2021-07-18,Superior,28.64,7.74478
2021-07-19,Búnker,17.32,7.74535
2021-07-19,Diésel,22.55,7.74535
2021-07-19,GLP,120.0,7.74535
2021-07-19,Regular,27.54,7.74535
2021-07-19,Superior,28.34,7.74535
2021-07-20,Búnker,17.32,7.74279
2021-07-20,Diésel,22.55,7.74279
2021-07-20,GLP,120.0,7.74279
2021-07-20,Regular,27.54,7.74279
2021-07-20,Superior,28.34,7.74279
2021-07-21,Búnker,17.32,7.74457
2021-07-21,Diésel,22.55,7.74457
2021-07-21,GLP,120.0,7.74457
2021-07-21,Regular,27.54,7.74457
2021-07-21,Superior,28.34,7.74457
2021-07-22,Búnker,17.32,7.74615
2021-07-22,Diésel,22.55,7.74615
2021-07-22,GLP,120.0,7.74615
2021-07-22,Regular,27.54,7.74615
2021-07-22,Superior,28.34,7.74615
2021-07-23,Búnker,17.32,7.74671
2021-07-23,Diésel,22.55,7.74671
2021-07-23,GLP,120.0,7.74671
2021-07-23,Regular,27.54,7.74671
2021-07-23,Superior,28.34,7.74671
2021-07-24,Búnker,17.32,7.74671
2021-07-24,Diésel,22.55,7.74671
2021-07-24,GLP,120.0,7.74671
2021-07-24,Regular,27.54,7.74671
2021-07-24,Superior,28.34,7.74671
2021-07-25,Búnker,17.32,7.74671
2021-07-25,Diésel,22.55,7.74671
2021-07-25,GLP,120.0,7.74671
2021-07-25,Regular,27.54,7.74671
2021-07-25,Superior,28.34,7.74671
2021-07-26,Búnker,16.82,7.74425
2021-07-26,Diésel,22.1,7.74425
2021-07-26,GLP,120.0,7.74425
2021-07-26,Regular,27.29,7.74425
2021-07-26,Superior,28.09,7.74425
2021-07-27,Búnker,16.82,7.74312
2021-07-27,Diésel,22.1,7.74312
2021-07-27,GLP,120.0,7.74312
2021-07-27,Regular,27.29,7.74312
2021-07-27,Superior,28.09,7.74312
2021-07-28,Búnker,16.82,7.74328
2021-07-28,Diésel,22.1,7.74328
2021-07-28,GLP,120.0,7.74328
2021-07-28,Regular,27.29,7.74328
2021-07-28,Superior,28.09,7.74328
2021-07-29,Búnker,16.82,7.74762
2021-07-29,Diésel,22.1,7.74762
2021-07-29,GLP,120.0,7.74762
2021-07-29,Regular,27.29,7.74762
2021-07-29,Superior,28.09,7.74762
2021-07-30,Búnker,16.82,7.74751
2021-07-30,Diésel,22.1,7.74751
2021-07-30,GLP,120.0,7.74751
2021-07-30,Regular,27.29,7.74751
2021-07-30,Superior,28.09,7.74751
2021-07-31,Búnker,16.82,7.74751
2021-07-31,Diésel,22.1,7.74751
2021-07-31,GLP,120.0,7.74751
2021-07-31,Regular,27.29,7.74751
2021-07-31,Superior,28.09,7.74751
2021-08-01,Búnker,16.82,7.74751
2021-08-01,Diésel,22.1,7.74751
2021-08-01,GLP,120.0,7.74751
2021-08-01,Regular,27.29,7.74751
2021-08-01,Superior,28.09,7.74751
2021-08-02,Búnker,17.32,7.74846
2021-08-02,Diésel,23.1,7.74846
2021-08-02,GLP,120.0,7.74846
2021-08-02,Regular,28.28,7.74846
2021-08-02,Superior,29.1,7.74846
2021-08-03,Búnker,17.32,7.74181
2021-08-03,Diésel,23.1,7.74181
2021-08-03,GLP,120.0,7.74181
2021-08-03,Regular,28.28,7.74181
2021-08-03,Superior,29.1,7.74181
2021-08-04,Búnker,17.32,7.74579
2021-08-04,Diésel,23.1,7.74579
2021-08-04,GLP,120.0,7.74579
2021-08-04,Regular,28.28,7.74579
2021-08-04,Superior,29.1,7.74579
2021-08-05,Búnker,17.32,7.74765
2021-08-05,Diésel,23.1,7.74765
2021-08-05,GLP,120.0,7.74765
2021-08-05,Regular,28.28,7.74765
2021-08-05,Superior,29.1,7.74765
2021-08-06,Búnker,17.32,7.74821
2021-08-06,Diésel,23.1,7.74821
2021-08-06,GLP,120.0,7.74821
2021-08-06,Regular,28.28,7.74821
2021-08-06,Superior,29.1,7.74821
2021-08-07,Búnker,17.32,7.74821
2021-08-07,Diésel,23.1,7.74821
2021-08-07,GLP,120.0,7.74821
2021-08-07,Regular,28.28,7.74821
2021-08-07,Superior,29.1,7.74821
2021-08-08,Búnker,17.32,7.74821
2021-08-08,Diésel,23.1,7.74821
2021-08-08,GLP,120.0,7.74821
2021-08-08,Regular,28.28,7.74821
2021-08-08,Superior,29.1,7.74821
2021-08-09,Búnker,17.02,7.74671
2021-08-09,Diésel,23.09,7.74671
2021-08-09,GLP,120.0,7.74671
2021-08-09,Regular,28.27,7.74671
2021-08-09,Superior,29.09,7.74671
2021-08-10,Búnker,17.02,7.74134
2021-08-10,Diésel,23.09,7.74134
2021-08-10,GLP,120.0,7.74134
2021-08-10,Regular,28.27,7.74134
2021-08-10,Superior,29.09,7.74134
2021-08-11,Búnker,17.02,7.7395
2021-08-11,Diésel,23.09,7.7395
2021-08-11,GLP,120.0,7.7395
2021-08-11,Regular,28.27,7.7395
2021-08-11,Superior,29.09,7.7395
2021-08-12,Búnker,17.02,7.73969
2021-08-12,Diésel,23.09,7.73969
2021-08-12,GLP,120.0,7.73969
2021-08-12,Regular,28.27,7.73969
2021-08-12,Superior,29.09,7.73969
2021-08-13,Búnker,17.02,7.73802
2021-08-13,Diésel,23.09,7.73802
2021-08-13,GLP,120.0,7.73802
2021-08-13,Regular,28.27,7.73802
2021-08-13,Superior,29.09,7.73802
2021-08-14,Búnker,17.02,7.73802
2021-08-14,Diésel,23.09,7.73802
2021-08-14,GLP,120.0,7.73802
2021-08-14,Regular,28.27,7.73802
2021-08-14,Superior,29.09,7.73802
2021-08-15,Búnker,17.02,7.73802
2021-08-15,Diésel,23.09,7.73802
2021-08-15,GLP,120.0,7.73802
2021-08-15,Regular,28.27,7.73802
2021-08-15,Superior,29.09,7.73802
2021-08-16,Búnker,17.02,7.73802
2021-08-16,Diésel,23.09,7.73802
2021-08-16,GLP,120.0,7.73802
2021-08-16,Regular,28.27,7.73802
2021-08-16,Superior,29.09,7.73802
2021-08-17,Búnker,17.02,7.73577
2021-08-17,Diésel,22.8,7.73577
2021-08-17,GLP,120.0,7.73577
2021-08-17,Regular,28.0,7.73577
2021-08-17,Superior,28.8,7.73577
2021-08-18,Búnker,17.02,7.73522
2021-08-18,Diésel,22.8,7.73522
2021-08-18,GLP,120.0,7.73522
2021-08-18,Regular,28.0,7.73522
2021-08-18,Superior,28.8,7.73522
2021-08-19,Búnker,17.02,7.73636
2021-08-19,Diésel,22.8,7.73636
2021-08-19,GLP,120.0,7.73636
2021-08-19,Regular,28.0,7.73636
2021-08-19,Superior,28.8,7.73636
2021-08-20,Búnker,17.02,7.73501
2021-08-20,Diésel,22.8,7.73501
2021-08-20,GLP,120.0,7.73501
2021-08-20,Regular,28.0,7.73501
2021-08-20,Superior,28.8,7.73501
2021-08-21,Búnker,17.02,7.73501
2021-08-21,Diésel,22.8,7.73501
2021-08-21,GLP,120.0,7.73501
2021-08-21,Regular,28.0,7.73501
2021-08-21,Superior,28.8,7.73501
2021-08-22,Búnker,17.02,7.73501
2021-08-22,Diésel,22.8,7.73501
2021-08-22,GLP,120.0,7.73501
2021-08-22,Regular,28.0,7.73501
2021-08-22,Superior,28.8,7.73501
2021-08-23,Búnker,16.67,7.73248
2021-08-23,Diésel,22.79,7.73248
2021-08-23,GLP,120.0,7.73248
2021-08-23,Regular,27.99,7.73248
2021-08-23,Superior,28.79,7.73248
2021-08-24,Búnker,16.67,7.73216
2021-08-24,Diésel,22.79,7.73216
2021-08-24,GLP,120.0,7.73216
2021-08-24,Regular,27.99,7.73216
2021-08-24,Superior,28.79,7.73216
2021-08-25,Búnker,16.67,7.73273
2021-08-25,Diésel,22.79,7.73273
2021-08-25,GLP,120.0,7.73273
2021-08-25,Regular,27.99,7.73273
2021-08-25,Superior,28.79,7.73273
2021-08-26,Búnker,16.67,7.73256
2021-08-26,Diésel,22.79,7.73256
2021-08-26,GLP,120.0,7.73256
2021-08-26,Regular,27.99,7.73256
2021-08-26,Superior,28.79,7.73256
2021-08-27,Búnker,16.67,7.73179
2021-08-27,Diésel,22.79,7.73179
2021-08-27,GLP,120.0,7.73179
2021-08-27,Regular,27.99,7.73179
2021-08-27,Superior,28.79,7.73179
2021-08-28,Búnker,16.67,7.73179
2021-08-28,Diésel,22.79,7.73179
2021-08-28,GLP,120.0,7.73179
2021-08-28,Regular,27.99,7.73179
2021-08-28,Superior,28.79,7.73179
2021-08-29,Búnker,16.67,7.73179
2021-08-29,Diésel,22.79,7.73179
2021-08-29,GLP,120.0,7.73179
2021-08-29,Regular,27.99,7.73179
2021-08-29,Superior,28.79,7.73179
2021-08-30,Búnker,17.57,7.72752
2021-08-30,Diésel,22.79,7.72752
2021-08-30,GLP,120.0,7.72752
2021-08-30,Regular,27.99,7.72752
2021-08-30,Superior,28.79,7.72752
2021-08-31,Búnker,17.57,7.72957
2021-08-31,Diésel,22.79,7.72957
2021-08-31,GLP,120.0,7.72957
2021-08-31,Regular,27.99,7.72957
2021-08-31,Superior,28.79,7.72957
2021-09-01,Búnker,17.57,7.7308
2021-09-01,Diésel,22.79,7.7308
2021-09-01,GLP,120.0,7.7308
2021-09-01,Regular,27.99,7.7308
2021-09-01,Superior,28.79,7.7308
2021-09-02,Búnker,17.57,7.73415
2021-09-02,Diésel,22.79,7.73415
2021-09-02,GLP,120.0,7.73415
2021-09-02,Regular,27.99,7.73415
2021-09-02,Superior,28.79,7.73415
2021-09-03,Búnker,17.57,7.73213
2021-09-03,Diésel,22.79,7.73213
2021-09-03,GLP,120.0,7.73213
2021-09-03,Regular,27.99,7.73213
2021-09-03,Superior,28.79,7.73213
2021-09-04,Búnker,17.57,7.73213
2021-09-04,Diésel,22.79,7.73213
2021-09-04,GLP,120.0,7.73213
2021-09-04,Regular,27.99,7.73213
2021-09-04,Superior,28.79,7.73213
2021-09-05,Búnker,17.57,7.73213
2021-09-05,Diésel,22.79,7.73213
2021-09-05,GLP,120.0,7.73213
2021-09-05,Regular,27.99,7.73213
2021-09-05,Superior,28.79,7.73213
2021-09-06,Búnker,17.87,7.72922
2021-09-06,Diésel,23.2,7.72922
2021-09-06,GLP,120.0,7.72922
2021-09-06,Regular,28.4,7.72922
2021-09-06,Superior,29.11,7.72922
2021-09-07,Búnker,17.87,7.73432
2021-09-07,Diésel,23.2,7.73432
2021-09-07,GLP,120.0,7.73432
2021-09-07,Regular,28.4,7.73432
2021-09-07,Superior,29.11,7.73432
2021-09-08,Búnker,17.87,7.73144
2021-09-08,Diésel,23.2,7.73144
2021-09-08,GLP,120.0,7.73144
2021-09-08,Regular,28.4,7.73144
2021-09-08,Superior,29.11,7.73144
2021-09-09,Búnker,17.87,7.729
2021-09-09,Diésel,23.2,7.729
2021-09-09,GLP,120.0,7.729
2021-09-09,Regular,28.4,7.729
2021-09-09,Superior,29.11,7.729
2021-09-10,Búnker,17.87,7.73025
2021-09-10,Diésel,23.2,7.73025
2021-09-10,GLP,120.0,7.73025
2021-09-10,Regular,28.4,7.73025
2021-09-10,Superior,29.11,7.73025
2021-09-11,Búnker,17.87,7.73025
2021-09-11,Diésel,23.2,7.73025
2021-09-11,GLP,120.0,7.73025
2021-09-11,Regular,28.4,7.73025
2021-09-11,Superior,29.11,7.73025
2021-09-12,Búnker,17.87,7.73025
2021-09-12,Diésel,23.2,7.73025
2021-09-12,GLP,120.0,7.73025
2021-09-12,Regular,28.4,7.73025
2021-09-12,Superior,29.11,7.73025
2021-09-13,Búnker,17.41,7.72909
2021-09-13,Diésel,23.47,7.72909
2021-09-13,GLP,120.0,7.72909
2021-09-13,Regular,28.4,7.72909
2021-09-13,Superior,29.08,7.72909
2021-09-14,Búnker,17.41,7.7276
2021-09-14,Diésel,23.47,7.7276
2021-09-14,GLP,120.0,7.7276
2021-09-14,Regular,28.4,7.7276
2021-09-14,Superior,29.08,7.7276
2021-09-15,Búnker,17.41,7.7276
2021-09-15,Diésel,23.47,7.7276
2021-09-15,GLP,120.0,7.7276
2021-09-15,Regular,28.4,7.7276
2021-09-15,Superior,29.08,7.7276
2021-09-16,Búnker,17.41,7.72827
2021-09-16,Diésel,23.47,7.72827
2021-09-16,GLP,120.0,7.72827
2021-09-16,Regular,28.4,7.72827
2021-09-16,Superior,29.08,7.72827
2021-09-17,Búnker,17.41,7.73272
2021-09-17,Diésel,23.47,7.73272
2021-09-17,GLP,120.0,7.73272
2021-09-17,Regular,28.4,7.73272
2021-09-17,Superior,29.08,7.73272
2021-09-18,Búnker,17.41,7.73272
2021-09-18,Diésel,23.47,7.73272
2021-09-18,GLP,120.0,7.73272
2021-09-18,Regular,28.4,7.73272
2021-09-18,Superior,29.08,7.73272
2021-09-19,Búnker,17.41,7.73272
2021-09-19,Diésel,23.47,7.73272
2021-09-19,GLP,120.0,7.73272
2021-09-19,Regular,28.4,7.73272
2021-09-19,Superior,29.08,7.73272
2021-09-20,Búnker,17.55,7.73082
2021-09-20,Diésel,23.77,7.73082
2021-09-20,GLP,126.0,7.73082
2021-09-20,Regular,28.58,7.73082
2021-09-20,Superior,29.27,7.73082
2021-09-21,Búnker,17.55,7.72868
2021-09-21,Diésel,23.77,7.72868
2021-09-21,GLP,126.0,7.72868
2021-09-21,Regular,28.58,7.72868
2021-09-21,Superior,29.27,7.72868
2021-09-22,Búnker,17.55,7.73206
2021-09-22,Diésel,23.77,7.73206
2021-09-22,GLP,126.0,7.73206
2021-09-22,Regular,28.58,7.73206
2021-09-22,Superior,29.27,7.73206
2021-09-23,Búnker,17.55,7.73345
2021-09-23,Diésel,23.77,7.73345
2021-09-23,GLP,129.0,7.73345
2021-09-23,Regular,28.58,7.73345
2021-09-23,Superior,29.27,7.73345
2021-09-24,Búnker,17.55,7.7369
2021-09-24,Diésel,23.77,7.7369
2021-09-24,GLP,129.0,7.7369
2021-09-24,Regular,28.58,7.7369
2021-09-24,Superior,29.27,7.7369
2021-09-25,Búnker,17.55,7.7369
2021-09-25,Diésel,23.77,7.7369
2021-09-25,GLP,129.0,7.7369
2021-09-25,Regular,28.58,7.7369
2021-09-25,Superior,29.27,7.7369
2021-09-26,Búnker,17.55,7.7369
2021-09-26,Diésel,23.77,7.7369
2021-09-26,GLP,129.0,7.7369
2021-09-26,Regular,28.58,7.7369
2021-09-26,Superior,29.27,7.7369
2021-09-27,Búnker,17.8,7.73277
2021-09-27,Diésel,23.79,7.73277
2021-09-27,GLP,129.0,7.73277
2021-09-27,Regular,28.59,7.73277
2021-09-27,Superior,29.29,7.73277
2021-09-28,Búnker,17.8,7.73175
2021-09-28,Diésel,23.79,7.73175
2021-09-28,GLP,129.0,7.73175
2021-09-28,Regular,28.59,7.73175
2021-09-28,Superior,29.29,7.73175
2021-09-29,Búnker,17.8,7.73524
2021-09-29,Diésel,23.79,7.73524
2021-09-29,GLP,129.0,7.73524
2021-09-29,Regular,28.59,7.73524
2021-09-29,Superior,29.29,7.73524
2021-09-30,Búnker,17.8,7.73365
2021-09-30,Diésel,23.79,7.73365
2021-09-30,GLP,132.0,7.73365
2021-09-30,Regular,28.59,7.73365
2021-09-30,Superior,29.29,7.73365
2021-10-01,Búnker,17.8,7.73369
2021-10-01,Diésel,23.79,7.73369
2021-10-01,GLP,132.0,7.73369
2021-10-01,Regular,28.59,7.73369
2021-10-01,Superior,29.29,7.73369
2021-10-02,Búnker,17.8,7.73369
2021-10-02,Diésel,23.79,7.73369
2021-10-02,GLP,132.0,7.73369
2021-10-02,Regular,28.59,7.73369
2021-10-02,Superior,29.29,7.73369
2021-10-03,Búnker,17.8,7.73369
2021-10-03,Diésel,23.79,7.73369
2021-10-03,GLP,132.0,7.73369
2021-10-03,Regular,28.59,7.73369
2021-10-03,Superior,29.29,7.73369
2021-10-04,Búnker,18.55,7.72995
2021-10-04,Diésel,24.48,7.72995
2021-10-04,GLP,132.0,7.72995
2021-10-04,Regular,28.3,7.72995
2021-10-04,Superior,29.01,7.72995
2021-10-05,Búnker,18.55,7.72931
2021-10-05,Diésel,24.48,7.72931
2021-10-05,GLP,132.0,7.72931
2021-10-05,Regular,28.3,7.72931
2021-10-05,Superior,29.01,7.72931
2021-10-06,Búnker,18.55,7.73116
2021-10-06,Diésel,24.48,7.73116
2021-10-06,GLP,132.0,7.73116
2021-10-06,Regular,28.3,7.73116
2021-10-06,Superior,29.01,7.73116
2021-10-07,Búnker,18.55,7.73216
2021-10-07,Diésel,24.48,7.73216
2021-10-07,GLP,132.0,7.73216
2021-10-07,Regular,28.3,7.73216
2021-10-07,Superior,29.01,7.73216
2021-10-08,Búnker,18.55,7.73128
2021-10-08,Diésel,24.48,7.73128
2021-10-08,GLP,132.0,7.73128
2021-10-08,Regular,28.3,7.73128
2021-10-08,Superior,29.01,7.73128
2021-10-09,Búnker,18.55,7.73128
2021-10-09,Diésel,24.48,7.73128
2021-10-09,GLP,132.0,7.73128
2021-10-09,Regular,28.3,7.73128
2021-10-09,Superior,29.01,7.73128
2021-10-10,Búnker,18.55,7.73128
2021-10-10,Diésel,24.48,7.73128
2021-10-10,GLP,132.0,7.73128
2021-10-10,Regular,28.3,7.73128
2021-10-10,Superior,29.01,7.73128
2021-10-11,Búnker,19.35,7.72898
2021-10-11,Diésel,25.41,7.72898
2021-10-11,GLP,132.0,7.72898
2021-10-11,Regular,29.28,7.72898
2021-10-11,Superior,29.98,7.72898
2021-10-12,Búnker,19.35,7.72898
2021-10-12,Diésel,25.41,7.72898
2021-10-12,GLP,132.0,7.72898
2021-10-12,Regular,29.28,7.72898
2021-10-12,Superior,29.98,7.72898
2021-10-13,Búnker,19.35,7.73177
2021-10-13,Diésel,25.41,7.73177
2021-10-13,GLP,132.0,7.73177
2021-10-13,Regular,29.28,7.73177
2021-10-13,Superior,29.98,7.73177
2021-10-14,Búnker,19.35,7.72891
2021-10-14,Diésel,25.41,7.72891
2021-10-14,GLP,132.0,7.72891
2021-10-14,Regular,29.28,7.72891
2021-10-14,Superior,29.98,7.72891
2021-10-15,Búnker,19.35,7.73147
2021-10-15,Diésel,25.41,7.73147
2021-10-15,GLP,132.0,7.73147
2021-10-15,Regular,29.28,7.73147
2021-10-15,Superior,29.98,7.73147
2021-10-16,Búnker,19.35,7.73147
2021-10-16,Diésel,25.41,7.73147
2021-10-16,GLP,132.0,7.73147
2021-10-16,Regular,29.28,7.73147
2021-10-16,Superior,29.98,7.73147
2021-10-17,Búnker,19.35,7.73147
2021-10-17,Diésel,25.41,7.73147
2021-10-17,GLP,132.0,7.73147
2021-10-17,Regular,29.28,7.73147
2021-10-17,Superior,29.98,7.73147
2021-10-18,Búnker,19.45,7.73017
2021-10-18,Diésel,25.44,7.73017
2021-10-18,GLP,132.0,7.73017
2021-10-18,Regular,29.28,7.73017
2021-10-18,Superior,29.97,7.73017
2021-10-19,Búnker,19.45,7.72756
2021-10-19,Diésel,25.44,7.72756
2021-10-19,GLP,132.0,7.72756
2021-10-19,Regular,29.28,7.72756
2021-10-19,Superior,29.97,7.72756
2021-10-20,Búnker,19.45,7.72756
2021-10-20,Diésel,25.44,7.72756
2021-10-20,GLP,132.0,7.72756
2021-10-20,Regular,29.28,7.72756
2021-10-20,Superior,29.97,7.72756
2021-10-21,Búnker,19.45,7.72975
2021-10-21,Diésel,25.44,7.72975
2021-10-21,GLP,132.0,7.72975
2021-10-21,Regular,29.28,7.72975
2021-10-21,Superior,29.97,7.72975
2021-10-22,Búnker,19.45,7.73264
2021-10-22,Diésel,25.44,7.73264
2021-10-22,GLP,132.0,7.73264
2021-10-22,Regular,29.28,7.73264
2021-10-22,Superior,29.97,7.73264
2021-10-23,Búnker,19.45,7.73264
2021-10-23,Diésel,25.44,7.73264
2021-10-23,GLP,132.0,7.73264
2021-10-23,Regular,29.28,7.73264
2021-10-23,Superior,29.97,7.73264
2021-10-24,Búnker,19.45,7.73264
2021-10-24,Diésel,25.44,7.73264
2021-10-24,GLP,132.0,7.73264
2021-10-24,Regular,29.28,7.73264
2021-10-24,Superior,29.97,7.73264
2021-10-25,Búnker,19.22,7.72948
2021-10-25,Diésel,26.49,7.72948
2021-10-25,GLP,132.0,7.72948
2021-10-25,Regular,30.28,7.72948
2021-10-25,Superior,30.98,7.72948
2021-10-26,Búnker,19.22,7.72908
2021-10-26,Diésel,26.49,7.72908
2021-10-26,GLP,132.0,7.72908
2021-10-26,Regular,30.28,7.72908
2021-10-26,Superior,30.98,7.72908
2021-10-27,Búnker,19.22,7.73331
2021-10-27,Diésel,26.49,7.73331
2021-10-27,GLP,132.0,7.73331
2021-10-27,Regular,30.28,7.73331
2021-10-27,Superior,30.98,7.73331
2021-10-28,Búnker,19.22,7.73647
2021-10-28,Diésel,26.49,7.73647
2021-10-28,GLP,132.0,7.73647
2021-10-28,Regular,30.28,7.73647
2021-10-28,Superior,30.98,7.73647
2021-10-29,Búnker,19.22,7.73464
2021-10-29,Diésel,26.49,7.73464
2021-10-29,GLP,132.0,7.73464
2021-10-29,Regular,30.28,7.73464
2021-10-29,Superior,30.98,7.73464
2021-10-30,Búnker,19.22,7.73464
2021-10-30,Diésel,26.49,7.73464
2021-10-30,GLP,132.0,7.73464
2021-10-30,Regular,30.28,7.73464
2021-10-30,Superior,30.98,7.73464
2021-10-31,Búnker,19.22,7.73464
2021-10-31,Diésel,26.49,7.73464
2021-10-31,GLP,132.0,7.73464
2021-10-31,Regular,30.28,7.73464
2021-10-31,Superior,30.98,7.73464
2021-11-01,Búnker,19.22,7.73464
2021-11-01,Diésel,26.49,7.73464
2021-11-01,GLP,138.67,7.73464
2021-11-01,Regular,30.28,7.73464
2021-11-01,Superior,30.98,7.73464
2021-11-02,Búnker,18.95,7.73554
2021-11-02,Diésel,26.48,7.73554
2021-11-02,GLP,138.67,7.73554
2021-11-02,Regular,30.28,7.73554
2021-11-02,Superior,30.98,7.73554
2021-11-03,Búnker,18.95,7.73091
2021-11-03,Diésel,26.48,7.73091
2021-11-03,GLP,138.67,7.73091
2021-11-03,Regular,30.28,7.73091
2021-11-03,Superior,30.98,7.73091
2021-11-04,Búnker,18.95,7.73206
2021-11-04,Diésel,26.48,7.73206
2021-11-04,GLP,138.67,7.73206
2021-11-04,Regular,30.28,7.73206
2021-11-04,Superior,30.98,7.73206
2021-11-05,Búnker,18.95,7.73221
2021-11-05,Diésel,26.48,7.73221
2021-11-05,GLP,138.67,7.73221
2021-11-05,Regular,30.28,7.73221
2021-11-05,Superior,30.98,7.73221
2021-11-06,Búnker,18.95,7.73221
2021-11-06,Diésel,26.48,7.73221
2021-11-06,GLP,138.67,7.73221
2021-11-06,Regular,30.28,7.73221
2021-11-06,Superior,30.98,7.73221
2021-11-07,Búnker,18.95,7.73221
2021-11-07,Diésel,26.48,7.73221
2021-11-07,GLP,138.67,7.73221
2021-11-07,Regular,30.28,7.73221
2021-11-07,Superior,30.98,7.73221
2021-11-08,Búnker,18.45,7.72991
2021-11-08,Diésel,26.49,7.72991
2021-11-08,GLP,138.67,7.72991
2021-11-08,Regular,30.3,7.72991
2021-11-08,Superior,30.99,7.72991
2021-11-09,Búnker,18.45,7.72837
2021-11-09,Diésel,26.49,7.72837
2021-11-09,GLP,138.67,7.72837
2021-11-09,Regular,30.3,7.72837
2021-11-09,Superior,30.99,7.72837
2021-11-10,Búnker,18.45,7.72687
2021-11-10,Diésel,26.49,7.72687
2021-11-10,GLP,138.67,7.72687
2021-11-10,Regular,30.3,7.72687
2021-11-10,Superior,30.99,7.72687
2021-11-11,Búnker,18.45,7.7275
2021-11-11,Diésel,26.49,7.7275
2021-11-11,GLP,138.67,7.7275
2021-11-11,Regular,30.3,7.7275
2021-11-11,Superior,30.99,7.7275
2021-11-12,Búnker,18.45,7.73171
2021-11-12,Diésel,26.49,7.73171
2021-11-12,GLP,138.67,7.73171
2021-11-12,Regular,30.3,7.73171
2021-11-12,Superior,30.99,7.73171
2021-11-13,Búnker,18.45,7.73171
2021-11-13,Diésel,26.49,7.73171
2021-11-13,GLP,138.67,7.73171
2021-11-13,Regular,30.3,7.73171
2021-11-13,Superior,30.99,7.73171
2021-11-14,Búnker,18.45,7.73171
2021-11-14,Diésel,26.49,7.73171
2021-11-14,GLP,138.67,7.73171
2021-11-14,Regular,30.3,7.73171
2021-11-14,Superior,30.99,7.73171
2021-11-15,Búnker,18.3,7.72977
2021-11-15,Diésel,26.12,7.72977
2021-11-15,GLP,138.67,7.72977
2021-11-15,Regular,29.93,7.72977
2021-11-15,Superior,30.63,7.72977
2021-11-16,Búnker,18.3,7.72696
2021-11-16,Diésel,26.12,7.72696
2021-11-16,GLP,138.67,7.72696
2021-11-16,Regular,29.93,7.72696
2021-11-16,Superior,30.63,7.72696
2021-11-17,Búnker,18.3,7.7329
2021-11-17,Diésel,26.12,7.7329
2021-11-17,GLP,138.67,7.7329
2021-11-17,Regular,29.93,7.7329
2021-11-17,Superior,30.63,7.7329
2021-11-18,Búnker,18.3,7.73088
2021-11-18,Diésel,26.12,7.73088
2021-11-18,GLP,138.67,7.73088
2021-11-18,Regular,29.93,7.73088
2021-11-18,Superior,30.63,7.73088
2021-11-19,Búnker,18.3,7.73298
2021-11-19,Diésel,26.12,7.73298
2021-11-19,GLP,138.67,7.73298
2021-11-19,Regular,29.93,7.73298
2021-11-19,Superior,30.63,7.73298
2021-11-20,Búnker,18.3,7.73298
2021-11-20,Diésel,26.12,7.73298
2021-11-20,GLP,138.67,7.73298
2021-11-20,Regular,29.93,7.73298
2021-11-20,Superior,30.63,7.73298
2021-11-21,Búnker,18.3,7.73298
2021-11-21,Diésel,26.12,7.73298
2021-11-21,GLP,138.67,7.73298
2021-11-21,Regular,29.93,7.73298
2021-11-21,Superior,30.63,7.73298
2021-11-22,Búnker,18.45,7.7254
2021-11-22,Diésel,25.7,7.7254
2021-11-22,GLP,138.67,7.7254
2021-11-22,Regular,29.32,7.7254
2021-11-22,Superior,30.01,7.7254
2021-11-23,Búnker,18.45,7.72921
2021-11-23,Diésel,25.7,7.72921
2021-11-23,GLP,138.67,7.72921
2021-11-23,Regular,29.32,7.72921
2021-11-23,Superior,30.01,7.72921
2021-11-24,Búnker,18.45,7.73146
2021-11-24,Diésel,25.7,7.73146
2021-11-24,GLP,138.67,7.73146
2021-11-24,Regular,29.32,7.73146
2021-11-24,Superior,30.01,7.73146
2021-11-25,Búnker,18.45,7.73144
2021-11-25,Diésel,25.7,7.73144
2021-11-25,GLP,138.67,7.73144
2021-11-25,Regular,29.32,7.73144
2021-11-25,Superior,30.01,7.73144
2021-11-26,Búnker,18.45,7.73483
2021-11-26,Diésel,25.7,7.73483
2021-11-26,GLP,138.67,7.73483
2021-11-26,Regular,29.32,7.73483
2021-11-26,Superior,30.01,7.73483
2021-11-27,Búnker,18.45,7.73483
2021-11-27,Diésel,25.7,7.73483
2021-11-27,GLP,138.67,7.73483
2021-11-27,Regular,29.32,7.73483
2021-11-27,Superior,30.01,7.73483
2021-11-28,Búnker,18.45,7.73483
2021-11-28,Diésel,25.7,7.73483
2021-11-28,GLP,138.67,7.73483
2021-11-28,Regular,29.32,7.73483
2021-11-28,Superior,30.01,7.73483
2021-11-29,Búnker,17.95,7.73149
2021-11-29,Diésel,25.33,7.73149
2021-11-29,GLP,138.67,7.73149
2021-11-29,Regular,29.07,7.73149
2021-11-29,Superior,29.78,7.73149
2021-11-30,Búnker,17.95,7.73058
2021-11-30,Diésel,25.33,7.73058
2021-11-30,GLP,138.67,7.73058
2021-11-30,Regular,29.07,7.73058
2021-11-30,Superior,29.78,7.73058
2021-12-01,Búnker,17.95,7.73219
2021-12-01,Diésel,25.33,7.73219
2021-12-01,GLP,122.0,7.73219
2021-12-01,Regular,29.07,7.73219
2021-12-01,Superior,29.78,7.73219
2021-12-02,Búnker,17.95,7.7308
2021-12-02,Diésel,25.33,7.7308
2021-12-02,GLP,122.0,7.7308
2021-12-02,Regular,29.07,7.7308
2021-12-02,Superior,29.78,7.7308
2021-12-03,Búnker,17.95,7.73654
2021-12-03,Diésel,25.33,7.73654
2021-12-03,GLP,122.0,7.73654
2021-12-03,Regular,29.07,7.73654
2021-12-03,Superior,29.78,7.73654
2021-12-04,Búnker,17.95,7.73654
2021-12-04,Diésel,25.33,7.73654
2021-12-04,GLP,122.0,7.73654
2021-12-04,Regular,29.07,7.73654
2021-12-04,Superior,29.78,7.73654
2021-12-05,Búnker,17.95,7.73654
2021-12-05,Diésel,25.33,7.73654
2021-12-05,GLP,122.0,7.73654
2021-12-05,Regular,29.07,7.73654
2021-12-05,Superior,29.78,7.73654
2021-12-06,Búnker,16.95,7.72819
2021-12-06,Diésel,24.36,7.72819
2021-12-06,GLP,122.0,7.72819
2021-12-06,Regular,28.1,7.72819
2021-12-06,Superior,28.82,7.72819
2021-12-07,Búnker,16.95,7.72825
2021-12-07,Diésel,24.36,7.72825
2021-12-07,GLP,122.0,7.72825
2021-12-07,Regular,28.1,7.72825
2021-12-07,Superior,28.82,7.72825
2021-12-08,Búnker,16.95,7.7317
2021-12-08,Diésel,24.36,7.7317
2021-12-08,GLP,122.0,7.7317
2021-12-08,Regular,28.1,7.7317
2021-12-08,Superior,28.82,7.7317
2021-12-09,Búnker,16.95,7.7286
2021-12-09,Diésel,24.36,7.7286
2021-12-09,GLP,122.0,7.7286
2021-12-09,Regular,28.1,7.7286
2021-12-09,Superior,28.82,7.7286
2021-12-10,Búnker,16.95,7.73244
2021-12-10,Diésel,24.36,7.73244
2021-12-10,GLP,122.0,7.73244
2021-12-10,Regular,28.1,7.73244
2021-12-10,Superior,28.82,7.73244
2021-12-11,Búnker,16.95,7.73244
2021-12-11,Diésel,24.36,7.73244
2021-12-11,GLP,122.0,7.73244
2021-12-11,Regular,28.1,7.73244
2021-12-11,Superior,28.82,7.73244
2021-12-12,Búnker,16.95,7.73244
2021-12-12,Diésel,24.36,7.73244
2021-12-12,GLP,122.0,7.73244
2021-12-12,Regular,28.1,7.73244
2021-12-12,Superior,28.82,7.73244
2021-12-13,Búnker,16.95,7.7276
2021-12-13,Diésel,24.28,7.7276
2021-12-13,GLP,122.0,7.7276
2021-12-13,Regular,28.06,7.7276
2021-12-13,Superior,28.78,7.7276
2021-12-14,Búnker,16.95,7.72471
2021-12-14,Diésel,24.28,7.72471
2021-12-14,GLP,122.0,7.72471
2021-12-14,Regular,28.06,7.72471
2021-12-14,Superior,28.78,7.72471
2021-12-15,Búnker,16.95,7.72525
2021-12-15,Diésel,24.28,7.72525
2021-12-15,GLP,122.0,7.72525
2021-12-15,Regular,28.06,7.72525
2021-12-15,Superior,28.78,7.72525
2021-12-16,Búnker,16.95,7.72374
2021-12-16,Diésel,24.28,7.72374
2021-12-16,GLP,122.0,7.72374
2021-12-16,Regular,28.06,7.72374
2021-12-16,Superior,28.78,7.72374
2021-12-17,Búnker,16.95,7.72464
2021-12-17,Diésel,24.28,7.72464
2021-12-17,GLP,122.0,7.72464
2021-12-17,Regular,28.06,7.72464
2021-12-17,Superior,28.78,7.72464
2021-12-18,Búnker,16.95,7.72464
2021-12-18,Diésel,24.28,7.72464
2021-12-18,GLP,122.0,7.72464
2021-12-18,Regular,28.06,7.72464
2021-12-18,Superior,28.78,7.72464
2021-12-19,Búnker,16.95,7.72464
2021-12-19,Diésel,24.28,7.72464
2021-12-19,GLP,122.0,7.72464
2021-12-19,Regular,28.06,7.72464
2021-12-19,Superior,28.78,7.72464
2021-12-20,Búnker,17.1,7.7221
2021-12-20,Diésel,24.28,7.7221
2021-12-20,GLP,122.0,7.7221
2021-12-20,Regular,28.06,7.7221
2021-12-20,Superior,28.78,7.7221
2021-12-21,Búnker,17.1,7.71769
2021-12-21,Diésel,24.28,7.71769
2021-12-21,GLP,122.0,7.71769
2021-12-21,Regular,28.06,7.71769
2021-12-21,Superior,28.78,7.71769
2021-12-22,Búnker,17.1,7.72082
2021-12-22,Diésel,24.28,7.72082
2021-12-22,GLP,122.0,7.72082
2021-12-22,Regular,28.06,7.72082
2021-12-22,Superior,28.78,7.72082
2021-12-23,Búnker,17.1,7.71827
2021-12-23,Diésel,24.28,7.71827
2021-12-23,GLP,122.0,7.71827
2021-12-23,Regular,28.06,7.71827
2021-12-23,Superior,28.78,7.71827
2021-12-24,Búnker,17.1,7.71628
2021-12-24,Diésel,24.28,7.71628
2021-12-24,GLP,122.0,7.71628
2021-12-24,Regular,28.06,7.71628
2021-12-24,Superior,28.78,7.71628
2021-12-25,Búnker,17.1,7.71628
2021-12-25,Diésel,24.28,7.71628
2021-12-25,GLP,122.0,7.71628
2021-12-25,Regular,28.06,7.71628
2021-12-25,Superior,28.78,7.71628
2021-12-26,Búnker,17.1,7.71628
2021-12-26,Diésel,24.28,7.71628
2021-12-26,GLP,122.0,7.71628
2021-12-26,Regular,28.06,7.71628
2021-12-26,Superior,28.78,7.71628
2021-12-27,Búnker,17.28,7.71628
2021-12-27,Diésel,24.51,7.71628
2021-12-27,GLP,122.0,7.71628
2021-12-27,Regular,27.91,7.71628
2021-12-27,Superior,28.69,7.71628
2021-12-28,Búnker,17.28,7.72447
2021-12-28,Diésel,24.51,7.72447
2021-12-28,GLP,122.0,7.72447
2021-12-28,Regular,27.91,7.72447
2021-12-28,Superior,28.69,7.72447
2021-12-29,Búnker,17.28,7.71924
2021-12-29,Diésel,24.51,7.71924
2021-12-29,GLP,122.0,7.71924
2021-12-29,Regular,27.91,7.71924
2021-12-29,Superior,28.69,7.71924
2021-12-30,Búnker,17.28,7.71912
2021-12-30,Diésel,24.51,7.71912
2021-12-30,GLP,122.0,7.71912
2021-12-30,Regular,27.91,7.71912
2021-12-30,Superior,28.69,7.71912
2021-12-31,Búnker,17.28,7.71912
2021-12-31,Diésel,24.51,7.71912
2021-12-31,GLP,122.0,7.71912
2021-12-31,Regular,27.91,7.71912
2021-12-31,Superior,28.69,7.71912
2022-01-01,Búnker,17.28,7.71912
2022-01-01,Diésel,24.51,7.71912
2022-01-01,GLP,122.0,7.71912
2022-01-01,Regular,27.91,7.71912
2022-01-01,Superior,28.69,7.71912
2022-01-02,Búnker,17.28,7.71912
2022-01-02,Diésel,24.51,7.71912
2022-01-02,GLP,122.0,7.71912
2022-01-02,Regular,27.91,7.71912
2022-01-02,Superior,28.69,7.71912
2022-01-03,Búnker,17.91,7.71912
2022-01-03,Diésel,24.6,7.71912
2022-01-03,GLP,122.0,7.71912
2022-01-03,Regular,27.99,7.71912
2022-01-03,Superior,28.79,7.71912
2022-01-04,Búnker,17.91,7.71745
2022-01-04,Diésel,24.6,7.71745
2022-01-04,GLP,122.0,7.71745
2022-01-04,Regular,27.99,7.71745
2022-01-04,Superior,28.79,7.71745
2022-01-05,Búnker,17.91,7.71558
2022-01-05,Diésel,24.6,7.71558
2022-01-05,GLP,122.0,7.71558
2022-01-05,Regular,27.99,7.71558
2022-01-05,Superior,28.79,7.71558
2022-01-06,Búnker,17.91,7.71823
2022-01-06,Diésel,24.6,7.71823
2022-01-06,GLP,122.0,7.71823
2022-01-06,Regular,27.99,7.71823
2022-01-06,Superior,28.79,7.71823
2022-01-07,Búnker,17.91,7.71343
2022-01-07,Diésel,24.6,7.71343
2022-01-07,GLP,122.0,7.71343
2022-01-07,Regular,27.99,7.71343
2022-01-07,Superior,28.79,7.71343
2022-01-08,Búnker,17.91,7.71343
2022-01-08,Diésel,24.6,7.71343
2022-01-08,GLP,122.0,7.71343
2022-01-08,Regular,27.99,7.71343
2022-01-08,Superior,28.79,7.71343
2022-01-09,Búnker,17.91,7.71343
2022-01-09,Diésel,24.6,7.71343
2022-01-09,GLP,122.0,7.71343
2022-01-09,Regular,27.99,7.71343
2022-01-09,Superior,28.79,7.71343
2022-01-10,Búnker,18.55,7.71101
2022-01-10,Diésel,25.46,7.71101
2022-01-10,GLP,122.0,7.71101
2022-01-10,Regular,28.85,7.71101
2022-01-10,Superior,29.65,7.71101
2022-01-11,Búnker,18.55,7.70832
2022-01-11,Diésel,25.46,7.70832
2022-01-11,GLP,122.0,7.70832
2022-01-11,Regular,28.85,7.70832
2022-01-11,Superior,29.65,7.70832
2022-01-12,Búnker,18.55,7.70898
2022-01-12,Diésel,25.46,7.70898
2022-01-12,GLP,122.0,7.70898
2022-01-12,Regular,28.85,7.70898
2022-01-12,Superior,29.65,7.70898
2022-01-13,Búnker,18.55,7.7062
2022-01-13,Diésel,25.46,7.7062
2022-01-13,GLP,122.0,7.7062
2022-01-13,Regular,28.85,7.7062
2022-01-13,Superior,29.65,7.7062
2022-01-14,Búnker,18.55,7.70777
2022-01-14,Diésel,25.46,7.70777
2022-01-14,GLP,122.0,7.70777
2022-01-14,Regular,28.85,7.70777
2022-01-14,Superior,29.65,7.70777
2022-01-15,Búnker,18.55,7.70777
2022-01-15,Diésel,25.46,7.70777
2022-01-15,GLP,122.0,7.70777
2022-01-15,Regular,28.85,7.70777
2022-01-15,Superior,29.65,7.70777
2022-01-16,Búnker,18.55,7.70777
2022-01-16,Diésel,25.46,7.70777
2022-01-16,GLP,122.0,7.70777
2022-01-16,Regular,28.85,7.70777
2022-01-16,Superior,29.65,7.70777
2022-01-17,Búnker,18.97,7.70046
2022-01-17,Diésel,26.49,7.70046
2022-01-17,GLP,122.0,7.70046
2022-01-17,Regular,29.69,7.70046
2022-01-17,Superior,30.49,7.70046
2022-01-18,Búnker,18.97,7.70453
2022-01-18,Diésel,26.49,7.70453
2022-01-18,GLP,122.0,7.70453
2022-01-18,Regular,29.69,7.70453
2022-01-18,Superior,30.49,7.70453
2022-01-19,Búnker,18.97,7.69958
2022-01-19,Diésel,26.49,7.69958
2022-01-19,GLP,122.0,7.69958
2022-01-19,Regular,29.69,7.69958
2022-01-19,Superior,30.49,7.69958
2022-01-20,Búnker,18.97,7.69537
2022-01-20,Diésel,26.49,7.69537
2022-01-20,GLP,122.0,7.69537
2022-01-20,Regular,29.69,7.69537
2022-01-20,Superior,30.49,7.69537
2022-01-21,Búnker,18.97,7.69195
2022-01-21,Diésel,26.49,7.69195
2022-01-21,GLP,122.0,7.69195
2022-01-21,Regular,29.69,7.69195
2022-01-21,Superior,30.49,7.69195
2022-01-22,Búnker,18.97,7.69195
2022-01-22,Diésel,26.49,7.69195
2022-01-22,GLP,122.0,7.69195
2022-01-22,Regular,29.69,7.69195
2022-01-22,Superior,30.49,7.69195
2022-01-23,Búnker,18.97,7.69195
2022-01-23,Diésel,26.49,7.69195
2022-01-23,GLP,122.0,7.69195
2022-01-23,Regular,29.69,7.69195
2022-01-23,Superior,30.49,7.69195
2022-01-24,Búnker,19.55,7.68855
2022-01-24,Diésel,27.49,7.68855
2022-01-24,GLP,122.0,7.68855
2022-01-24,Regular,30.69,7.68855
2022-01-24,Superior,31.49,7.68855
2022-01-25,Búnker,19.55,7.68581
2022-01-25,Diésel,27.49,7.68581
2022-01-25,GLP,122.0,7.68581
2022-01-25,Regular,30.69,7.68581
2022-01-25,Superior,31.49,7.68581
2022-01-26,Búnker,19.55,7.68541
2022-01-26,Diésel,27.49,7.68541
2022-01-26,GLP,122.0,7.68541
2022-01-26,Regular,30.69,7.68541
2022-01-26,Superior,31.49,7.68541
2022-01-27,Búnker,19.55,7.68649
2022-01-27,Diésel,27.49,7.68649
2022-01-27,GLP,122.0,7.68649
2022-01-27,Regular,30.69,7.68649
2022-01-27,Superior,31.49,7.68649
2022-01-28,Búnker,19.55,7.68995
2022-01-28,Diésel,27.49,7.68995
2022-01-28,GLP,122.0,7.68995
2022-01-28,Regular,30.69,7.68995
2022-01-28,Superior,31.49,7.68995
2022-01-29,Búnker,19.55,7.68995
2022-01-29,Diésel,27.49,7.68995
2022-01-29,GLP,122.0,7.68995
2022-01-29,Regular,30.69,7.68995
2022-01-29,Superior,31.49,7.68995
2022-01-30,Búnker,19.55,7.68995
2022-01-30,Diésel,27.49,7.68995
2022-01-30,GLP,122.0,7.68995
2022-01-30,Regular,30.69,7.68995
2022-01-30,Superior,31.49,7.68995
2022-01-31,Búnker,19.85,7.68981
2022-01-31,Diésel,27.98,7.68981
2022-01-31,GLP,122.0,7.68981
2022-01-31,Regular,30.69,7.68981
2022-01-31,Superior,31.5,7.68981
2022-02-01,Búnker,19.85,7.68555
2022-02-01,Diésel,27.98,7.68555
2022-02-01,GLP,122.0,7.68555
2022-02-01,Regular,30.69,7.68555
2022-02-01,Superior,31.5,7.68555
2022-02-02,Búnker,19.85,7.69221
2022-02-02,Diésel,27.98,7.69221
2022-02-02,GLP,122.0,7.69221
2022-02-02,Regular,30.69,7.69221
2022-02-02,Superior,31.5,7.69221
2022-02-03,Búnker,19.85,7.69189
2022-02-03,Diésel,27.98,7.69189
2022-02-03,GLP,122.0,7.69189
2022-02-03,Regular,30.69,7.69189
2022-02-03,Superior,31.5,7.69189
2022-02-04,Búnker,19.85,7.69495
2022-02-04,Diésel,27.98,7.69495
2022-02-04,GLP,122.0,7.69495
2022-02-04,Regular,30.69,7.69495
2022-02-04,Superior,31.5,7.69495
2022-02-05,Búnker,19.85,7.69495
2022-02-05,Diésel,27.98,7.69495
2022-02-05,GLP,122.0,7.69495
2022-02-05,Regular,30.69,7.69495
2022-02-05,Superior,31.5,7.69495
2022-02-06,Búnker,19.85,7.69495
2022-02-06,Diésel,27.98,7.69495
2022-02-06,GLP,122.0,7.69495
2022-02-06,Regular,30.69,7.69495
2022-02-06,Superior,31.5,7.69495
2022-02-07,Búnker,20.3,7.69122
2022-02-07,Diésel,28.58,7.69122
2022-02-07,GLP,122.0,7.69122
2022-02-07,Regular,32.39,7.69122
2022-02-07,Superior,32.19,7.69122
2022-02-08,Búnker,20.3,7.6886
2022-02-08,Diésel,28.58,7.6886
2022-02-08,GLP,122.0,7.6886
2022-02-08,Regular,32.39,7.6886
2022-02-08,Superior,32.19,7.6886
2022-02-09,Búnker,20.3,7.69229
2022-02-09,Diésel,28.58,7.69229
2022-02-09,GLP,122.0,7.69229
2022-02-09,Regular,32.39,7.69229
2022-02-09,Superior,32.19,7.69229
2022-02-10,Búnker,20.3,7.69531
2022-02-10,Diésel,28.58,7.69531
2022-02-10,GLP,122.0,7.69531
2022-02-10,Regular,32.39,7.69531
2022-02-10,Superior,32.19,7.69531
2022-02-11,Búnker,20.3,7.69226
2022-02-11,Diésel,28.58,7.69226
2022-02-11,GLP,122.0,7.69226
2022-02-11,Regular,32.39,7.69226
2022-02-11,Superior,32.19,7.69226
2022-02-12,Búnker,20.3,7.69226
2022-02-12,Diésel,28.58,7.69226
2022-02-12,GLP,122.0,7.69226
2022-02-12,Regular,32.39,7.69226
2022-02-12,Superior,32.19,7.69226
2022-02-13,Búnker,20.3,7.69226
2022-02-13,Diésel,28.58,7.69226
2022-02-13,GLP,122.0,7.69226
2022-02-13,Regular,32.39,7.69226
2022-02-13,Superior,32.19,7.69226
2022-02-14,Búnker,20.35,7.69255
2022-02-14,Diésel,28.61,7.69255
2022-02-14,GLP,122.0,7.69255
2022-02-14,Regular,31.42,7.69255
2022-02-14,Superior,32.22,7.69255
2022-02-15,Búnker,20.35,7.68841
2022-02-15,Diésel,28.61,7.68841
2022-02-15,GLP,122.0,7.68841
2022-02-15,Regular,31.42,7.68841
2022-02-15,Superior,32.22,7.68841
2022-02-16,Búnker,20.35,7.69562
2022-02-16,Diésel,28.61,7.69562
2022-02-16,GLP,122.0,7.69562
2022-02-16,Regular,31.42,7.69562
2022-02-16,Superior,32.22,7.69562
2022-02-17,Búnker,20.35,7.69349
2022-02-17,Diésel,28.61,7.69349
2022-02-17,GLP,122.0,7.69349
2022-02-17,Regular,31.42,7.69349
2022-02-17,Superior,32.22,7.69349
2022-02-18,Búnker,20.35,7.70039
2022-02-18,Diésel,28.61,7.70039
2022-02-18,GLP,122.0,7.70039
2022-02-18,Regular,31.42,7.70039
2022-02-18,Superior,32.22,7.70039
2022-02-19,Búnker,20.35,7.70039
2022-02-19,Diésel,28.61,7.70039
2022-02-19,GLP,122.0,7.70039
2022-02-19,Regular,31.42,7.70039
2022-02-19,Superior,32.22,7.70039
2022-02-20,Búnker,20.35,7.70039
2022-02-20,Diésel,28.61,7.70039
2022-02-20,GLP,122.0,7.70039
2022-02-20,Regular,31.42,7.70039
2022-02-20,Superior,32.22,7.70039
2022-02-21,Búnker,20.35,7.69849
2022-02-21,Diésel,29.88,7.69849
2022-02-21,GLP,122.0,7.69849
2022-02-21,Regular,32.7,7.69849
2022-02-21,Superior,33.5,7.69849
2022-02-22,Búnker,20.35,7.70788
2022-02-22,Diésel,29.88,7.70788
2022-02-22,GLP,122.0,7.70788
2022-02-22,Regular,32.7,7.70788
2022-02-22,Superior,33.5,7.70788
2022-02-23,Búnker,20.35,7.70468
2022-02-23,Diésel,29.88,7.70468
2022-02-23,GLP,122.0,7.70468
2022-02-23,Regular,32.7,7.70468
2022-02-23,Superior,33.5,7.70468
2022-02-24,Búnker,20.35,7.71285
2022-02-24,Diésel,29.88,7.71285
2022-02-24,GLP,122.0,7.71285
2022-02-24,Regular,32.7,7.71285
2022-02-24,Superior,33.5,7.71285
2022-02-25,Búnker,20.35,7.7169
2022-02-25,Diésel,29.88,7.7169
2022-02-25,GLP,122.0,7.7169
2022-02-25,Regular,32.7,7.7169
2022-02-25,Superior,33.5,7.7169
2022-02-26,Búnker,20.35,7.7169
2022-02-26,Diésel,29.88,7.7169
2022-02-26,GLP,122.0,7.7169
2022-02-26,Regular,32.7,7.7169
2022-02-26,Superior,33.5,7.7169
2022-02-27,Búnker,20.35,7.7169
2022-02-27,Diésel,29.88,7.7169
2022-02-27,GLP,122.0,7.7169
2022-02-27,Regular,32.7,7.7169
2022-02-27,Superior,33.5,7.7169
2022-02-28,Búnker,20.0,7.71322
2022-02-28,Diésel,30.09,7.71322
2022-02-28,GLP,122.0,7.71322
2022-02-28,Regular,33.29,7.71322
2022-02-28,Superior,33.88,7.71322
2022-03-01,Búnker,20.0,7.7044
2022-03-01,Diésel,30.09,7.7044
2022-03-01,GLP,142.0,7.7044
2022-03-01,Regular,33.29,7.7044
2022-03-01,Superior,33.88,7.7044
2022-03-02,Búnker,20.0,7.70543
2022-03-02,Diésel,30.09,7.70543
2022-03-02,GLP,142.0,7.70543
2022-03-02,Regular,33.29,7.70543
2022-03-02,Superior,33.88,7.70543
2022-03-03,Búnker,20.0,7.71199
2022-03-03,Diésel,33.09,7.71199
2022-03-03,GLP,142.0,7.71199
2022-03-03,Regular,35.39,7.71199
2022-03-03,Superior,35.99,7.71199
2022-03-04,Búnker,20.0,7.71002
2022-03-04,Diésel,33.09,7.71002
2022-03-04,GLP,142.0,7.71002
2022-03-04,Regular,35.39,7.71002
2022-03-04,Superior,35.99,7.71002
2022-03-05,Búnker,20.0,7.71002
2022-03-05,Diésel,33.09,7.71002
2022-03-05,GLP,142.0,7.71002
2022-03-05,Regular,35.39,7.71002
2022-03-05,Superior,35.99,7.71002
2022-03-06,Búnker,20.0,7.71002
2022-03-06,Diésel,33.09,7.71002
2022-03-06,GLP,142.0,7.71002
2022-03-06,Regular,35.39,7.71002
2022-03-06,Superior,35.99,7.71002
2022-03-07,Búnker,21.9,7.70431
2022-03-07,Diésel,36.09,7.70431
2022-03-07,GLP,142.0,7.70431
2022-03-07,Regular,37.39,7.70431
2022-03-07,Superior,37.98,7.70431
2022-03-08,Búnker,21.9,7.69932
2022-03-08,Diésel,36.09,7.69932
2022-03-08,GLP,142.0,7.69932
2022-03-08,Regular,37.39,7.69932
2022-03-08,Superior,37.98,7.69932
2022-03-09,Búnker,21.9,7.7011
2022-03-09,Diésel,40.25,7.7011
2022-03-09,GLP,147.0,7.7011
2022-03-09,Regular,39.42,7.7011
2022-03-09,Superior,39.99,7.7011
2022-03-10,Búnker,21.9,7.70164
2022-03-10,Diésel,40.25,7.70164
2022-03-10,GLP,147.0,7.70164
2022-03-10,Regular,39.42,7.70164
2022-03-10,Superior,39.99,7.70164
2022-03-11,Búnker,21.9,7.70105
2022-03-11,Diésel,40.25,7.70105
2022-03-11,GLP,147.0,7.70105
2022-03-11,Regular,39.42,7.70105
2022-03-11,Superior,39.99,7.70105
2022-03-12,Búnker,21.9,7.70105
2022-03-12,Diésel,40.25,7.70105
2022-03-12,GLP,147.0,7.70105
2022-03-12,Regular,39.42,7.70105
2022-03-12,Superior,39.99,7.70105
2022-03-13,Búnker,21.9,7.70105
2022-03-13,Diésel,35.48,7.70105
2022-03-13,GLP,147.0,7.70105
2022-03-13,Regular,37.39,7.70105
2022-03-13,Superior,37.98,7.70105
2022-03-14,Búnker,24.96,7.69793
2022-03-14,Diésel,35.48,7.69793
2022-03-14,GLP,147.0,7.69793
2022-03-14,Regular,37.39,7.69793
2022-03-14,Superior,37.98,7.69793
2022-03-15,Búnker,24.96,7.69146
2022-03-15,Diésel,35.48,7.69146
2022-03-15,GLP,147.0,7.69146
2022-03-15,Regular,37.39,7.69146
2022-03-15,Superior,37.98,7.69146
2022-03-16,Búnker,24.6,7.6951
2022-03-16,Diésel,35.7,7.6951
2022-03-16,GLP,147.0,7.6951
2022-03-16,Regular,37.39,7.6951
2022-03-16,Superior,38.0,7.6951
2022-03-17,Búnker,24.6,7.6938
2022-03-17,Diésel,35.7,7.6938
2022-03-17,GLP,147.0,7.6938
2022-03-17,Regular,37.39,7.6938
2022-03-17,Superior,38.0,7.6938
2022-03-18,Búnker,24.6,7.69159
2022-03-18,Diésel,35.7,7.69159
2022-03-18,GLP,142.0,7.69159
2022-03-18,Regular,37.39,7.69159
2022-03-18,Superior,38.0,7.69159
2022-03-19,Búnker,24.6,7.69159
2022-03-19,Diésel,35.7,7.69159
2022-03-19,GLP,142.0,7.69159
2022-03-19,Regular,37.39,7.69159
2022-03-19,Superior,38.0,7.69159
2022-03-20,Búnker,24.6,7.69159
2022-03-20,Diésel,35.7,7.69159
2022-03-20,GLP,142.0,7.69159
2022-03-20,Regular,37.39,7.69159
2022-03-20,Superior,38.0,7.69159
2022-03-21,Búnker,22.7,7.68837
2022-03-21,Diésel,35.66,7.68837
2022-03-21,GLP,142.0,7.68837
2022-03-21,Regular,34.47,7.68837
2022-03-21,Superior,38.09,7.68837
2022-03-22,Búnker,22.7,7.68464
2022-03-22,Diésel,35.66,7.68464
2022-03-22,GLP,142.0,7.68464
2022-03-22,Regular,34.47,7.68464
2022-03-22,Superior,38.09,7.68464
2022-03-23,Búnker,22.7,7.68438
2022-03-23,Diésel,35.66,7.68438
2022-03-23,GLP,142.0,7.68438
2022-03-23,Regular,34.47,7.68438
2022-03-23,Superior,38.09,7.68438
2022-03-24,Búnker,22.7,7.6827
2022-03-24,Diésel,35.66,7.6827
2022-03-24,GLP,142.0,7.6827
2022-03-24,Regular,34.47,7.6827
2022-03-24,Superior,38.09,7.6827
2022-03-25,Búnker,22.7,7.68169
2022-03-25,Diésel,35.66,7.68169
2022-03-25,GLP,142.0,7.68169
2022-03-25,Regular,34.47,7.68169
2022-03-25,Superior,38.09,7.68169
2022-03-26,Búnker,22.7,7.68169
2022-03-26,Diésel,35.66,7.68169
2022-03-26,GLP,142.0,7.68169
2022-03-26,Regular,34.47,7.68169
2022-03-26,Superior,38.09,7.68169
2022-03-27,Búnker,22.7,7.68169
2022-03-27,Diésel,35.66,7.68169
2022-03-27,GLP,142.0,7.68169
2022-03-27,Regular,34.47,7.68169
2022-03-27,Superior,38.09,7.68169
2022-03-28,Búnker,22.7,7.67889
2022-03-28,Diésel,35.66,7.67889
2022-03-28,GLP,142.0,7.67889
2022-03-28,Regular,34.47,7.67889
2022-03-28,Superior,38.09,7.67889
2022-03-29,Búnker,22.7,7.6783
2022-03-29,Diésel,35.66,7.6783
2022-03-29,GLP,142.0,7.6783
2022-03-29,Regular,34.47,7.6783
2022-03-29,Superior,38.09,7.6783
2022-03-30,Búnker,25.1,7.68052
2022-03-30,Diésel,37.39,7.68052
2022-03-30,GLP,142.0,7.68052
2022-03-30,Regular,38.31,7.68052
2022-03-30,Superior,38.91,7.68052
2022-03-31,Búnker,25.1,7.68025
2022-03-31,Diésel,37.39,7.68025
2022-03-31,GLP,142.0,7.68025
2022-03-31,Regular,38.31,7.68025
2022-03-31,Superior,38.91,7.68025
2022-04-01,Búnker,25.1,7.67947
2022-04-01,Diésel,37.39,7.67947
2022-04-01,GLP,122.0,7.67947
2022-04-01,Regular,38.31,7.67947
2022-04-01,Superior,38.91,7.67947
2022-04-02,Búnker,25.1,7.67947
2022-04-02,Diésel,37.39,7.67947
2022-04-02,GLP,122.0,7.67947
2022-04-02,Regular,38.31,7.67947
2022-04-02,Superior,38.91,7.67947
2022-04-03,Búnker,25.1,7.67947
2022-04-03,Diésel,37.39,7.67947
2022-04-03,GLP,122.0,7.67947
2022-04-03,Regular,38.31,7.67947
2022-04-03,Superior,38.91,7.67947
2022-04-04,Búnker,25.1,7.67499
2022-04-04,Diésel,37.39,7.67499
2022-04-04,GLP,122.0,7.67499
2022-04-04,Regular,38.31,7.67499
2022-04-04,Superior,38.91,7.67499
2022-04-05,Búnker,25.1,7.67298
2022-04-05,Diésel,37.39,7.67298
2022-04-05,GLP,122.0,7.67298
2022-04-05,Regular,38.31,7.67298
2022-04-05,Superior,38.91,7.67298
2022-04-06,Búnker,23.66,7.675
2022-04-06,Diésel,32.25,7.675
2022-04-06,GLP,122.0,7.675
2022-04-06,Regular,35.09,7.675
2022-04-06,Superior,37.98,7.675
2022-04-07,Búnker,23.66,7.66993
2022-04-07,Diésel,32.25,7.66993
2022-04-07,GLP,122.0,7.66993
2022-04-07,Regular,35.09,7.66993
2022-04-07,Superior,37.98,7.66993
2022-04-08,Búnker,23.66,7.66874
2022-04-08,Diésel,32.25,7.66874
2022-04-08,GLP,122.0,7.66874
2022-04-08,Regular,35.09,7.66874
2022-04-08,Superior,37.98,7.66874
2022-04-09,Búnker,23.66,7.66874
2022-04-09,Diésel,32.25,7.66874
2022-04-09,GLP,122.0,7.66874
2022-04-09,Regular,35.09,7.66874
2022-04-09,Superior,37.98,7.66874
2022-04-10,Búnker,23.66,7.66874
2022-04-10,Diésel,32.25,7.66874
2022-04-10,GLP,122.0,7.66874
2022-04-10,Regular,35.09,7.66874
2022-04-10,Superior,37.98,7.66874
2022-04-11,Búnker,23.66,7.66512
2022-04-11,Diésel,32.25,7.66512
2022-04-11,GLP,122.0,7.66512
2022-04-11,Regular,35.09,7.66512
2022-04-11,Superior,37.98,7.66512
2022-04-12,Búnker,22.94,7.66356
2022-04-12,Diésel,32.08,7.66356
2022-04-12,GLP,122.0,7.66356
2022-04-12,Regular,34.23,7.66356
2022-04-12,Superior,37.37,7.66356
2022-04-13,Búnker,22.94,7.65901
2022-04-13,Diésel,32.08,7.65901
2022-04-13,GLP,122.0,7.65901
2022-04-13,Regular,34.23,7.65901
2022-04-13,Superior,37.37,7.65901
2022-04-14,Búnker,22.94,7.65901
2022-04-14,Diésel,32.08,7.65901
2022-04-14,GLP,122.0,7.65901
2022-04-14,Regular,34.23,7.65901
2022-04-14,Superior,37.37,7.65901
2022-04-15,Búnker,22.94,7.65901
2022-04-15,Diésel,32.08,7.65901
2022-04-15,GLP,122.0,7.65901
2022-04-15,Regular,34.23,7.65901
2022-04-15,Superior,37.37,7.65901
2022-04-16,Búnker,22.94,7.65901
2022-04-16,Diésel,32.08,7.65901
2022-04-16,GLP,122.0,7.65901
2022-04-16,Regular,34.23,7.65901
2022-04-16,Superior,37.37,7.65901
2022-04-17,Búnker,22.94,7.65901
2022-04-17,Diésel,32.08,7.65901
2022-04-17,GLP,122.0,7.65901
2022-04-17,Regular,34.23,7.65901
2022-04-17,Superior,37.37,7.65901
2022-04-18,Búnker,22.94,7.65849
2022-04-18,Diésel,32.08,7.65849
2022-04-18,GLP,122.0,7.65849
2022-04-18,Regular,34.23,7.65849
2022-04-18,Superior,37.37,7.65849
2022-04-19,Búnker,22.94,7.65599
2022-04-19,Diésel,32.08,7.65599
2022-04-19,GLP,122.0,7.65599
2022-04-19,Regular,34.23,7.65599
2022-04-19,Superior,37.37,7.65599
2022-04-20,Búnker,22.94,7.65576
2022-04-20,Diésel,32.65,7.65576
2022-04-20,GLP,122.0,7.65576
2022-04-20,Regular,34.65,7.65576
2022-04-20,Superior,37.66,7.65576
2022-04-21,Búnker,22.94,7.65446
2022-04-21,Diésel,32.65,7.65446
2022-04-21,GLP,122.0,7.65446
2022-04-21,Regular,34.65,7.65446
2022-04-21,Superior,37.66,7.65446
2022-04-22,Búnker,22.94,7.65309
2022-04-22,Diésel,32.65,7.65309
2022-04-22,GLP,122.0,7.65309
2022-04-22,Regular,34.65,7.65309
2022-04-22,Superior,37.66,7.65309
2022-04-23,Búnker,22.94,7.65309
2022-04-23,Diésel,32.65,7.65309
2022-04-23,GLP,122.0,7.65309
2022-04-23,Regular,34.65,7.65309
2022-04-23,Superior,37.66,7.65309
2022-04-24,Búnker,22.94,7.65309
2022-04-24,Diésel,32.65,7.65309
2022-04-24,GLP,122.0,7.65309
2022-04-24,Regular,34.65,7.65309
2022-04-24,Superior,37.66,7.65309
2022-04-25,Búnker,22.94,7.6509
2022-04-25,Diésel,32.65,7.6509
2022-04-25,GLP,122.0,7.6509
2022-04-25,Regular,34.65,7.6509
2022-04-25,Superior,37.66,7.6509
2022-04-26,Búnker,23.42,7.65144
2022-04-26,Diésel,34.81,7.65144
2022-04-26,GLP,122.0,7.65144
2022-04-26,Regular,35.38,7.65144
2022-04-26,Superior,38.42,7.65144
2022-04-27,Búnker,23.42,7.65353
2022-04-27,Diésel,34.81,7.65353
2022-04-27,GLP,122.0,7.65353
2022-04-27,Regular,35.38,7.65353
2022-04-27,Superior,38.42,7.65353
2022-04-28,Búnker,23.42,7.65775
2022-04-28,Diésel,34.81,7.65775
2022-04-28,GLP,122.0,7.65775
2022-04-28,Regular,35.38,7.65775
2022-04-28,Superior,38.42,7.65775
2022-04-29,Búnker,23.42,7.66517
2022-04-29,Diésel,34.81,7.66517
2022-04-29,GLP,122.0,7.66517
2022-04-29,Regular,35.38,7.66517
2022-04-29,Superior,38.42,7.66517
2022-04-30,Búnker,23.42,7.66517
2022-04-30,Diésel,34.81,7.66517
2022-04-30,GLP,122.0,7.66517
2022-04-30,Regular,35.38,7.66517
2022-04-30,Superior,38.42,7.66517
2022-05-01,Búnker,23.42,7.66517
2022-05-01,Diésel,34.81,7.66517
2022-05-01,GLP,122.0,7.66517
2022-05-01,Regular,35.38,7.66517
2022-05-01,Superior,38.42,7.66517
2022-05-02,Búnker,23.42,7.66517
2022-05-02,Diésel,34.81,7.66517
2022-05-02,GLP,122.0,7.66517
2022-05-02,Regular,35.38,7.66517
2022-05-02,Superior,38.42,7.66517
2022-05-03,Búnker,23.42,7.6614
2022-05-03,Diésel,34.81,7.6614
2022-05-03,GLP,122.0,7.6614
2022-05-03,Regular,35.38,7.6614
2022-05-03,Superior,38.42,7.6614
2022-05-04,Búnker,23.27,7.66582
2022-05-04,Diésel,37.65,7.66582
2022-05-04,GLP,122.0,7.66582
2022-05-04,Regular,36.16,7.66582
2022-05-04,Superior,39.26,7.66582
2022-05-05,Búnker,23.27,7.67075
2022-05-05,Diésel,37.65,7.67075
2022-05-05,GLP,122.0,7.67075
2022-05-05,Regular,36.16,7.67075
2022-05-05,Superior,39.26,7.67075
2022-05-06,Búnker,23.27,7.66795
2022-05-06,Diésel,37.65,7.66795
2022-05-06,GLP,122.0,7.66795
2022-05-06,Regular,36.16,7.66795
2022-05-06,Superior,39.26,7.66795
2022-05-07,Búnker,23.27,7.66795
2022-05-07,Diésel,37.65,7.66795
2022-05-07,GLP,122.0,7.66795
2022-05-07,Regular,36.16,7.66795
2022-05-07,Superior,39.26,7.66795
2022-05-08,Búnker,23.27,7.66795
2022-05-08,Diésel,37.65,7.66795
2022-05-08,GLP,122.0,7.66795
2022-05-08,Regular,36.16,7.66795
2022-05-08,Superior,39.26,7.66795
2022-05-09,Búnker,23.27,7.66706
2022-05-09,Diésel,37.65,7.66706
2022-05-09,GLP,122.0,7.66706
2022-05-09,Regular,36.16,7.66706
2022-05-09,Superior,39.26,7.66706
2022-05-10,Búnker,23.57,7.66326
2022-05-10,Diésel,38.42,7.66326
2022-05-10,GLP,122.0,7.66326
2022-05-10,Regular,38.55,7.66326
2022-05-10,Superior,41.65,7.66326
2022-05-11,Búnker,23.57,7.66764
2022-05-11,Diésel,38.42,7.66764
2022-05-11,GLP,122.0,7.66764
2022-05-11,Regular,38.55,7.66764
2022-05-11,Superior,41.65,7.66764
2022-05-12,Búnker,23.57,7.66945
2022-05-12,Diésel,38.42,7.66945
2022-05-12,GLP,122.0,7.66945
2022-05-12,Regular,38.55,7.66945
2022-05-12,Superior,41.65,7.66945
2022-05-13,Búnker,23.57,7.66915
2022-05-13,Diésel,38.42,7.66915
2022-05-13,GLP,122.0,7.66915
2022-05-13,Regular,38.55,7.66915
2022-05-13,Superior,41.65,7.66915
2022-05-14,Búnker,23.57,7.66915
2022-05-14,Diésel,38.42,7.66915
2022-05-14,GLP,122.0,7.66915
2022-05-14,Regular,38.55,7.66915
2022-05-14,Superior,41.65,7.66915
2022-05-15,Búnker,23.57,7.66915
2022-05-15,Diésel,38.42,7.66915
2022-05-15,GLP,122.0,7.66915
2022-05-15,Regular,38.55,7.66915
2022-05-15,Superior,41.65,7.66915
2022-05-16,Búnker,23.57,7.66475
2022-05-16,Diésel,38.42,7.66475
2022-05-16,GLP,122.0,7.66475
2022-05-16,Regular,38.55,7.66475
2022-05-16,Superior,41.65,7.66475
2022-05-17,Búnker,23.27,7.66612
2022-05-17,Diésel,35.32,7.66612
2022-05-17,GLP,122.0,7.66612
2022-05-17,Regular,40.13,7.66612
2022-05-17,Superior,43.24,7.66612
2022-05-18,Búnker,23.27,7.66642
2022-05-18,Diésel,35.32,7.66642
2022-05-18,GLP,122.0,7.66642
2022-05-18,Regular,40.13,7.66642
2022-05-18,Superior,43.24,7.66642
2022-05-19,Búnker,23.27,7.66703
2022-05-19,Diésel,35.32,7.66703
2022-05-19,GLP,122.0,7.66703
2022-05-19,Regular,40.13,7.66703
2022-05-19,Superior,43.24,7.66703
2022-05-20,Búnker,23.27,7.66692
2022-05-20,Diésel,35.32,7.66692
2022-05-20,GLP,122.0,7.66692
2022-05-20,Regular,40.13,7.66692
2022-05-20,Superior,43.24,7.66692
2022-05-21,Búnker,23.27,7.66692
2022-05-21,Diésel,35.32,7.66692
2022-05-21,GLP,122.0,7.66692
2022-05-21,Regular,40.13,7.66692
2022-05-21,Superior,43.24,7.66692
2022-05-22,Búnker,23.27,7.66692
2022-05-22,Diésel,35.32,7.66692
2022-05-22,GLP,122.0,7.66692
2022-05-22,Regular,40.13,7.66692
2022-05-22,Superior,43.24,7.66692
2022-05-23,Búnker,23.27,7.66903
2022-05-23,Diésel,35.32,7.66903
2022-05-23,GLP,122.0,7.66903
2022-05-23,Regular,40.13,7.66903
2022-05-23,Superior,43.24,7.66903
2022-05-24,Búnker,24.15,7.66774
2022-05-24,Diésel,32.26,7.66774
2022-05-24,GLP,122.0,7.66774
2022-05-24,Regular,39.87,7.66774
2022-05-24,Superior,42.98,7.66774
2022-05-25,Búnker,24.15,7.67577
2022-05-25,Diésel,32.26,7.67577
2022-05-25,GLP,122.0,7.67577
2022-05-25,Regular,39.87,7.67577
2022-05-25,Superior,42.98,7.67577
2022-05-26,Búnker,24.15,7.67318
2022-05-26,Diésel,32.26,7.67318
2022-05-26,GLP,122.0,7.67318
2022-05-26,Regular,39.87,7.67318
2022-05-26,Superior,42.98,7.67318
2022-05-27,Búnker,24.15,7.6819
2022-05-27,Diésel,32.26,7.6819
2022-05-27,GLP,122.0,7.6819
2022-05-27,Regular,39.87,7.6819
2022-05-27,Superior,42.98,7.6819
2022-05-28,Búnker,24.15,7.6819
2022-05-28,Diésel,32.26,7.6819
2022-05-28,GLP,122.0,7.6819
2022-05-28,Regular,39.87,7.6819
2022-05-28,Superior,42.98,7.6819
2022-05-29,Búnker,24.15,7.6819
2022-05-29,Diésel,32.26,7.6819
2022-05-29,GLP,122.0,7.6819
2022-05-29,Regular,39.87,7.6819
2022-05-29,Superior,42.98,7.6819
2022-05-30,Búnker,24.15,7.67765
2022-05-30,Diésel,32.26,7.67765
2022-05-30,GLP,122.0,7.67765
2022-05-30,Regular,39.87,7.67765
2022-05-30,Superior,42.98,7.67765
2022-05-31,Búnker,24.52,7.68434
2022-05-31,Diésel,30.5,7.68434
2022-05-31,GLP,122.0,7.68434
2022-05-31,Regular,37.92,7.68434
2022-05-31,Superior,39.14,7.68434
2022-06-01,Búnker,24.52,7.69552
2022-06-01,Diésel,30.5,7.69552
2022-06-01,GLP,122.0,7.69552
2022-06-01,Regular,37.92,7.69552
2022-06-01,Superior,39.14,7.69552
2022-06-02,Búnker,24.52,7.70758
2022-06-02,Diésel,30.5,7.70758
2022-06-02,GLP,122.0,7.70758
2022-06-02,Regular,37.92,7.70758
2022-06-02,Superior,39.14,7.70758
2022-06-03,Búnker,24.52,7.71242
2022-06-03,Diésel,30.5,7.71242
2022-06-03,GLP,122.0,7.71242
2022-06-03,Regular,37.92,7.71242
2022-06-03,Superior,39.14,7.71242
2022-06-04,Búnker,24.52,7.71242
2022-06-04,Diésel,30.5,7.71242
2022-06-04,GLP,122.0,7.71242
2022-06-04,Regular,37.92,7.71242
2022-06-04,Superior,39.14,7.71242
2022-06-05,Búnker,24.52,7.71242
2022-06-05,Diésel,30.5,7.71242
2022-06-05,GLP,122.0,7.71242
2022-06-05,Regular,37.92,7.71242
2022-06-05,Superior,39.14,7.71242
2022-06-06,Búnker,24.52,7.70466
2022-06-06,Diésel,30.5,7.70466
2022-06-06,GLP,122.0,7.70466
2022-06-06,Regular,37.92,7.70466
2022-06-06,Superior,39.14,7.70466
2022-06-07,Búnker,24.52,7.70703
2022-06-07,Diésel,32.87,7.70703
2022-06-07,GLP,122.0,7.70703
2022-06-07,Regular,38.71,7.70703
2022-06-07,Superior,39.71,7.70703
2022-06-08,Búnker,24.52,7.72074
2022-06-08,Diésel,32.87,7.72074
2022-06-08,GLP,122.0,7.72074
2022-06-08,Regular,38.71,7.72074
2022-06-08,Superior,39.71,7.72074
2022-06-09,Búnker,24.52,7.72609
2022-06-09,Diésel,32.87,7.72609
2022-06-09,GLP,122.0,7.72609
2022-06-09,Regular,38.71,7.72609
2022-06-09,Superior,39.71,7.72609
2022-06-10,Búnker,24.52,7.73206
2022-06-10,Diésel,32.87,7.73206
2022-06-10,GLP,122.0,7.73206
2022-06-10,Regular,38.71,7.73206
2022-06-10,Superior,39.71,7.73206
2022-06-11,Búnker,24.52,7.73206
2022-06-11,Diésel,32.87,7.73206
2022-06-11,GLP,122.0,7.73206
2022-06-11,Regular,38.71,7.73206
2022-06-11,Superior,39.71,7.73206
2022-06-12,Búnker,24.52,7.73206
2022-06-12,Diésel,32.87,7.73206
2022-06-12,GLP,122.0,7.73206
2022-06-12,Regular,38.71,7.73206
2022-06-12,Superior,39.71,7.73206
2022-06-13,Búnker,24.52,7.73104
2022-06-13,Diésel,32.87,7.73104
2022-06-13,GLP,122.0,7.73104
2022-06-13,Regular,38.71,7.73104
2022-06-13,Superior,39.71,7.73104
2022-06-14,Búnker,24.37,7.73281
2022-06-14,Diésel,35.44,7.73281
2022-06-14,GLP,122.0,7.73281
2022-06-14,Regular,40.5,7.73281
2022-06-14,Superior,41.51,7.73281
2022-06-15,Búnker,24.37,7.73886
2022-06-15,Diésel,35.44,7.73886
2022-06-15,GLP,122.0,7.73886
2022-06-15,Regular,40.5,7.73886
2022-06-15,Superior,41.51,7.73886
2022-06-16,Búnker,24.37,7.73889
2022-06-16,Diésel,35.44,7.73889
2022-06-16,GLP,122.0,7.73889
2022-06-16,Regular,40.5,7.73889
2022-06-16,Superior,41.51,7.73889
2022-06-17,Búnker,24.37,7.74046
2022-06-17,Diésel,35.44,7.74046
2022-06-17,GLP,122.0,7.74046
2022-06-17,Regular,40.5,7.74046
2022-06-17,Superior,41.51,7.74046
2022-06-18,Búnker,24.37,7.74046
2022-06-18,Diésel,35.44,7.74046
2022-06-18,GLP,122.0,7.74046
2022-06-18,Regular,40.5,7.74046
2022-06-18,Superior,41.51,7.74046
2022-06-19,Búnker,24.37,7.74046
2022-06-19,Diésel,35.44,7.74046
2022-06-19,GLP,122.0,7.74046
2022-06-19,Regular,40.5,7.74046
2022-06-19,Superior,41.51,7.74046
2022-06-20,Búnker,24.37,7.74102
2022-06-20,Diésel,35.44,7.74102
2022-06-20,GLP,122.0,7.74102
2022-06-20,Regular,40.5,7.74102
2022-06-20,Superior,41.51,7.74102
2022-06-21,Búnker,23.77,7.74969
2022-06-21,Diésel,36.89,7.74969
2022-06-21,GLP,122.0,7.74969
2022-06-21,Regular,39.62,7.74969
2022-06-21,Superior,40.63,7.74969
2022-06-22,Búnker,23.77,7.74745
2022-06-22,Diésel,36.89,7.74745
2022-06-22,GLP,122.0,7.74745
2022-06-22,Regular,39.62,7.74745
2022-06-22,Superior,40.63,7.74745
2022-06-23,Búnker,23.77,7.75104
2022-06-23,Diésel,36.89,7.75104
2022-06-23,GLP,122.0,7.75104
2022-06-23,Regular,39.62,7.75104
2022-06-23,Superior,40.63,7.75104
2022-06-24,Búnker,23.77,7.7589
2022-06-24,Diésel,36.89,7.7589
2022-06-24,GLP,122.0,7.7589
2022-06-24,Regular,39.62,7.7589
2022-06-24,Superior,40.63,7.7589
2022-06-25,Búnker,23.77,7.7589
2022-06-25,Diésel,36.89,7.7589
2022-06-25,GLP,122.0,7.7589
2022-06-25,Regular,39.62,7.7589
2022-06-25,Superior,40.63,7.7589
2022-06-26,Búnker,23.77,7.7589
2022-06-26,Diésel,36.89,7.7589
2022-06-26,GLP,122.0,7.7589
2022-06-26,Regular,39.62,7.7589
2022-06-26,Superior,40.63,7.7589
2022-06-27,Búnker,23.77,7.75404
2022-06-27,Diésel,36.89,7.75404
2022-06-27,GLP,122.0,7.75404
2022-06-27,Regular,39.62,7.75404
2022-06-27,Superior,40.63,7.75404
2022-06-28,Búnker,23.52,7.7598
2022-06-28,Diésel,36.4,7.7598
2022-06-28,GLP,122.0,7.7598
2022-06-28,Regular,38.43,7.7598
2022-06-28,Superior,39.43,7.7598
2022-06-29,Búnker,23.52,7.75819
2022-06-29,Diésel,36.4,7.75819
2022-06-29,GLP,122.0,7.75819
2022-06-29,Regular,38.43,7.75819
2022-06-29,Superior,39.43,7.75819
2022-06-30,Búnker,23.52,7.75608
2022-06-30,Diésel,36.4,7.75608
2022-06-30,GLP,122.0,7.75608
2022-06-30,Regular,38.43,7.75608
2022-06-30,Superior,39.43,7.75608
2022-07-01,Búnker,23.52,7.75608
2022-07-01,Diésel,36.4,7.75608
2022-07-01,GLP,122.0,7.75608
2022-07-01,Regular,38.43,7.75608
2022-07-01,Superior,39.43,7.75608
2022-07-02,Búnker,23.52,7.75608
2022-07-02,Diésel,36.4,7.75608
2022-07-02,GLP,122.0,7.75608
2022-07-02,Regular,38.43,7.75608
2022-07-02,Superior,39.43,7.75608
2022-07-03,Búnker,23.52,7.75608
2022-07-03,Diésel,36.4,7.75608
2022-07-03,GLP,122.0,7.75608
2022-07-03,Regular,38.43,7.75608
2022-07-03,Superior,39.43,7.75608
2022-07-04,Búnker,23.52,7.75608
2022-07-04,Diésel,36.4,7.75608
2022-07-04,GLP,122.0,7.75608
2022-07-04,Regular,38.43,7.75608
2022-07-04,Superior,39.43,7.75608
2022-07-05,Búnker,23.09,7.75281
2022-07-05,Diésel,33.88,7.75281
2022-07-05,GLP,122.0,7.75281
2022-07-05,Regular,38.17,7.75281
2022-07-05,Superior,39.17,7.75281
2022-07-06,Búnker,23.09,7.74979
2022-07-06,Diésel,33.88,7.74979
2022-07-06,GLP,122.0,7.74979
2022-07-06,Regular,38.17,7.74979
2022-07-06,Superior,39.17,7.74979
2022-07-07,Búnker,23.09,7.74659
2022-07-07,Diésel,33.88,7.74659
2022-07-07,GLP,122.0,7.74659
2022-07-07,Regular,38.17,7.74659
2022-07-07,Superior,39.17,7.74659
2022-07-08,Búnker,23.09,7.74712
2022-07-08,Diésel,33.88,7.74712
2022-07-08,GLP,122.0,7.74712
2022-07-08,Regular,38.17,7.74712
2022-07-08,Superior,39.17,7.74712
2022-07-09,Búnker,23.09,7.74712
2022-07-09,Diésel,33.88,7.74712
2022-07-09,GLP,122.0,7.74712
2022-07-09,Regular,38.17,7.74712
2022-07-09,Superior,39.17,7.74712
2022-07-10,Búnker,23.09,7.74712
2022-07-10,Diésel,33.88,7.74712
2022-07-10,GLP,122.0,7.74712
2022-07-10,Regular,38.17,7.74712
2022-07-10,Superior,39.17,7.74712
2022-07-11,Búnker,23.09,7.7437
2022-07-11,Diésel,33.88,7.7437
2022-07-11,GLP,122.0,7.7437
2022-07-11,Regular,38.17,7.7437
2022-07-11,Superior,39.17,7.7437
2022-07-12,Búnker,21.74,7.74028
2022-07-12,Diésel,31.3,7.74028
2022-07-12,GLP,122.0,7.74028
2022-07-12,Regular,35.58,7.74028
2022-07-12,Superior,36.56,7.74028
2022-07-13,Búnker,21.74,7.73859
2022-07-13,Diésel,31.3,7.73859
2022-07-13,GLP,122.0,7.73859
2022-07-13,Regular,35.58,7.73859
2022-07-13,Superior,36.56,7.73859
2022-07-14,Búnker,21.74,7.73526
2022-07-14,Diésel,31.3,7.73526
2022-07-14,GLP,122.0,7.73526
2022-07-14,Regular,35.58,7.73526
2022-07-14,Superior,36.56,7.73526
2022-07-15,Búnker,21.74,7.73556
2022-07-15,Diésel,31.3,7.73556
2022-07-15,GLP,122.0,7.73556
2022-07-15,Regular,35.58,7.73556
2022-07-15,Superior,36.56,7.73556
2022-07-16,Búnker,21.74,7.73556
2022-07-16,Diésel,31.3,7.73556
2022-07-16,GLP,122.0,7.73556
2022-07-16,Regular,35.58,7.73556
2022-07-16,Superior,36.56,7.73556
2022-07-17,Búnker,21.74,7.73556
2022-07-17,Diésel,31.3,7.73556
2022-07-17,GLP,122.0,7.73556
2022-07-17,Regular,35.58,7.73556
2022-07-17,Superior,36.56,7.73556
2022-07-18,Búnker,21.74,7.73159
2022-07-18,Diésel,31.3,7.73159
2022-07-18,GLP,122.0,7.73159
2022-07-18,Regular,35.58,7.73159
2022-07-18,Superior,36.56,7.73159
2022-07-19,Búnker,20.15,7.72793
2022-07-19,Diésel,31.01,7.72793
2022-07-19,GLP,122.0,7.72793
2022-07-19,Regular,32.75,7.72793
2022-07-19,Superior,33.66,7.72793
2022-07-20,Búnker,20.15,7.73174
2022-07-20,Diésel,31.01,7.73174
2022-07-20,GLP,122.0,7.73174
2022-07-20,Regular,32.75,7.73174
2022-07-20,Superior,33.66,7.73174
2022-07-21,Búnker,20.15,7.72924
2022-07-21,Diésel,31.01,7.72924
2022-07-21,GLP,122.0,7.72924
2022-07-21,Regular,32.75,7.72924
2022-07-21,Superior,33.66,7.72924
2022-07-22,Búnker,20.15,7.73052
2022-07-22,Diésel,31.01,7.73052
2022-07-22,GLP,122.0,7.73052
2022-07-22,Regular,32.75,7.73052
2022-07-22,Superior,33.66,7.73052
2022-07-23,Búnker,20.15,7.73052
2022-07-23,Diésel,31.01,7.73052
2022-07-23,GLP,122.0,7.73052
2022-07-23,Regular,32.75,7.73052
2022-07-23,Superior,33.66,7.73052
2022-07-24,Búnker,20.15,7.73052
2022-07-24,Diésel,31.01,7.73052
2022-07-24,GLP,122.0,7.73052
2022-07-24,Regular,32.75,7.73052
2022-07-24,Superior,33.66,7.73052
2022-07-25,Búnker,20.15,7.7278
2022-07-25,Diésel,31.01,7.7278
2022-07-25,GLP,122.0,7.7278
2022-07-25,Regular,32.75,7.7278
2022-07-25,Superior,33.66,7.7278
2022-07-26,Búnker,21.2,7.72833
2022-07-26,Diésel,29.9,7.72833
2022-07-26,GLP,122.0,7.72833
2022-07-26,Regular,31.76,7.72833
2022-07-26,Superior,32.69,7.72833
2022-07-27,Búnker,21.2,7.73171
2022-07-27,Diésel,29.9,7.73171
2022-07-27,GLP,122.0,7.73171
2022-07-27,Regular,31.76,7.73171
2022-07-27,Superior,32.69,7.73171
2022-07-28,Búnker,21.2,7.73485
2022-07-28,Diésel,29.9,7.73485
2022-07-28,GLP,122.0,7.73485
2022-07-28,Regular,31.76,7.73485
2022-07-28,Superior,32.69,7.73485
2022-07-29,Búnker,21.2,7.73654
2022-07-29,Diésel,29.9,7.73654
2022-07-29,GLP,122.0,7.73654
2022-07-29,Regular,31.76,7.73654
2022-07-29,Superior,32.69,7.73654
2022-07-30,Búnker,21.2,7.73654
2022-07-30,Diésel,29.9,7.73654
2022-07-30,GLP,122.0,7.73654
2022-07-30,Regular,31.76,7.73654
2022-07-30,Superior,32.69,7.73654
2022-07-31,Búnker,21.2,7.73654
2022-07-31,Diésel,29.9,7.73654
2022-07-31,GLP,122.0,7.73654
2022-07-31,Regular,31.76,7.73654
2022-07-31,Superior,32.69,7.73654
2022-08-01,Búnker,21.2,7.72946
2022-08-01,Diésel,29.9,7.72946
2022-08-01,GLP,122.0,7.72946
2022-08-01,Regular,31.76,7.72946
2022-08-01,Superior,32.69,7.72946
2022-08-02,Búnker,22.05,7.72848
2022-08-02,Diésel,29.37,7.72848
2022-08-02,GLP,122.0,7.72848
2022-08-02,Regular,31.47,7.72848
2022-08-02,Superior,32.37,7.72848
2022-08-03,Búnker,22.05,7.73292
2022-08-03,Diésel,29.37,7.73292
2022-08-03,GLP,122.0,7.73292
2022-08-03,Regular,31.47,7.73292
2022-08-03,Superior,32.37,7.73292
2022-08-04,Búnker,22.05,7.7333
2022-08-04,Diésel,29.37,7.7333
2022-08-04,GLP,122.0,7.7333
2022-08-04,Regular,31.47,7.7333
2022-08-04,Superior,32.37,7.7333
2022-08-05,Búnker,22.05,7.73337
2022-08-05,Diésel,29.37,7.73337
2022-08-05,GLP,122.0,7.73337
2022-08-05,Regular,31.47,7.73337
2022-08-05,Superior,32.37,7.73337
2022-08-06,Búnker,22.05,7.73337
2022-08-06,Diésel,29.37,7.73337
2022-08-06,GLP,122.0,7.73337
2022-08-06,Regular,31.47,7.73337
2022-08-06,Superior,32.37,7.73337
2022-08-07,Búnker,22.05,7.73337
2022-08-07,Diésel,29.37,7.73337
2022-08-07,GLP,122.0,7.73337
2022-08-07,Regular,31.47,7.73337
2022-08-07,Superior,32.37,7.73337
2022-08-08,Búnker,22.05,7.72989
2022-08-08,Diésel,29.37,7.72989
2022-08-08,GLP,122.0,7.72989
2022-08-08,Regular,31.47,7.72989
2022-08-08,Superior,32.37,7.72989
2022-08-09,Búnker,21.35,7.7258
2022-08-09,Diésel,33.98,7.7258
2022-08-09,GLP,122.0,7.7258
2022-08-09,Regular,34.75,7.7258
2022-08-09,Superior,35.64,7.7258
2022-08-10,Búnker,21.35,7.73248
2022-08-10,Diésel,33.98,7.73248
2022-08-10,GLP,122.0,7.73248
2022-08-10,Regular,34.75,7.73248
2022-08-10,Superior,35.64,7.73248
2022-08-11,Búnker,21.35,7.73132
2022-08-11,Diésel,33.98,7.73132
2022-08-11,GLP,122.0,7.73132
2022-08-11,Regular,34.75,7.73132
2022-08-11,Superior,35.64,7.73132
2022-08-12,Búnker,21.35,7.734
2022-08-12,Diésel,33.98,7.734
2022-08-12,GLP,122.0,7.734
2022-08-12,Regular,34.75,7.734
2022-08-12,Superior,35.64,7.734
2022-08-13,Búnker,21.35,7.734
2022-08-13,Diésel,33.98,7.734
2022-08-13,GLP,122.0,7.734
2022-08-13,Regular,34.75,7.734
2022-08-13,Superior,35.64,7.734
2022-08-14,Búnker,21.35,7.734
2022-08-14,Diésel,33.98,7.734
2022-08-14,GLP,122.0,7.734
2022-08-14,Regular,34.75,7.734
2022-08-14,Superior,35.64,7.734
2022-08-15,Búnker,21.35,7.734
2022-08-15,Diésel,33.98,7.734
2022-08-15,GLP,122.0,7.734
2022-08-15,Regular,34.75,7.734
2022-08-15,Superior,35.64,7.734
2022-08-16,Búnker,21.13,7.72649
2022-08-16,Diésel,35.1,7.72649
2022-08-16,GLP,122.0,7.72649
2022-08-16,Regular,35.39,7.72649
2022-08-16,Superior,36.32,7.72649
2022-08-17,Búnker,21.13,7.72851
2022-08-17,Diésel,35.1,7.72851
2022-08-17,GLP,122.0,7.72851
2022-08-17,Regular,35.39,7.72851
2022-08-17,Superior,36.32,7.72851
2022-08-18,Búnker,21.13,7.73095
2022-08-18,Diésel,35.1,7.73095
2022-08-18,GLP,122.0,7.73095
2022-08-18,Regular,35.39,7.73095
2022-08-18,Superior,36.32,7.73095
2022-08-19,Búnker,21.13,7.7278
2022-08-19,Diésel,35.1,7.7278
2022-08-19,GLP,122.0,7.7278
2022-08-19,Regular,35.39,7.7278
2022-08-19,Superior,36.32,7.7278
2022-08-20,Búnker,21.13,7.7278
2022-08-20,Diésel,35.1,7.7278
2022-08-20,GLP,122.0,7.7278
2022-08-20,Regular,35.39,7.7278
2022-08-20,Superior,36.32,7.7278
2022-08-21,Búnker,21.13,7.7278
2022-08-21,Diésel,35.1,7.7278
2022-08-21,GLP,122.0,7.7278
2022-08-21,Regular,35.39,7.7278
2022-08-21,Superior,36.32,7.7278
2022-08-22,Búnker,21.13,7.72716
2022-08-22,Diésel,35.1,7.72716
2022-08-22,GLP,122.0,7.72716
2022-08-22,Regular,35.39,7.72716
2022-08-22,Superior,36.32,7.72716
2022-08-23,Búnker,19.88,7.72815
2022-08-23,Diésel,35.8,7.72815
2022-08-23,GLP,122.0,7.72815
2022-08-23,Regular,34.72,7.72815
2022-08-23,Superior,35.65,7.72815
2022-08-24,Búnker,19.88,7.73053
2022-08-24,Diésel,35.8,7.73053
2022-08-24,GLP,122.0,7.73053
2022-08-24,Regular,34.72,7.73053
2022-08-24,Superior,35.65,7.73053
2022-08-25,Búnker,19.88,7.7338
2022-08-25,Diésel,35.8,7.7338
2022-08-25,GLP,122.0,7.7338
2022-08-25,Regular,34.72,7.7338
2022-08-25,Superior,35.65,7.7338
2022-08-26,Búnker,19.88,7.73368
2022-08-26,Diésel,35.8,7.73368
2022-08-26,GLP,122.0,7.73368
2022-08-26,Regular,34.72,7.73368
2022-08-26,Superior,35.65,7.73368
2022-08-27,Búnker,19.88,7.73368
2022-08-27,Diésel,35.8,7.73368
2022-08-27,GLP,122.0,7.73368
2022-08-27,Regular,34.72,7.73368
2022-08-27,Superior,35.65,7.73368
2022-08-28,Búnker,19.88,7.73368
2022-08-28,Diésel,35.8,7.73368
2022-08-28,GLP,122.0,7.73368
2022-08-28,Regular,34.72,7.73368
2022-08-28,Superior,35.65,7.73368
2022-08-29,Búnker,19.88,7.73147
2022-08-29,Diésel,35.8,7.73147
2022-08-29,GLP,122.0,7.73147
2022-08-29,Regular,34.72,7.73147
2022-08-29,Superior,35.65,7.73147
2022-08-30,Búnker,20.06,7.73099
2022-08-30,Diésel,35.19,7.73099
2022-08-30,GLP,122.0,7.73099
2022-08-30,Regular,34.62,7.73099
2022-08-30,Superior,35.55,7.73099
2022-08-31,Búnker,20.06,7.73819
2022-08-31,Diésel,35.19,7.73819
2022-08-31,GLP,122.0,7.73819
2022-08-31,Regular,34.62,7.73819
2022-08-31,Superior,35.55,7.73819
2022-09-01,Búnker,20.06,7.7408
2022-09-01,Diésel,35.19,7.7408
2022-09-01,GLP,142.0,7.7408
2022-09-01,Regular,34.62,7.7408
2022-09-01,Superior,35.55,7.7408
2022-09-02,Búnker,20.06,7.74268
2022-09-02,Diésel,35.19,7.74268
2022-09-02,GLP,142.0,7.74268
2022-09-02,Regular,34.62,7.74268
2022-09-02,Superior,35.55,7.74268
2022-09-03,Búnker,20.06,7.74268
2022-09-03,Diésel,35.19,7.74268
2022-09-03,GLP,142.0,7.74268
2022-09-03,Regular,34.62,7.74268
2022-09-03,Superior,35.55,7.74268
2022-09-04,Búnker,20.06,7.74268
2022-09-04,Diésel,35.19,7.74268
2022-09-04,GLP,142.0,7.74268
2022-09-04,Regular,34.62,7.74268
2022-09-04,Superior,35.55,7.74268
2022-09-05,Búnker,19.45,7.74108
2022-09-05,Diésel,32.24,7.74108
2022-09-05,GLP,142.0,7.74108
2022-09-05,Regular,33.58,7.74108
2022-09-05,Superior,34.49,7.74108
2022-09-06,Búnker,19.45,7.75755
2022-09-06,Diésel,32.24,7.75755
2022-09-06,GLP,142.0,7.75755
2022-09-06,Regular,33.58,7.75755
2022-09-06,Superior,34.49,7.75755
2022-09-07,Búnker,19.45,7.75842
2022-09-07,Diésel,32.24,7.75842
2022-09-07,GLP,142.0,7.75842
2022-09-07,Regular,33.58,7.75842
2022-09-07,Superior,34.49,7.75842
2022-09-08,Búnker,19.45,7.77893
2022-09-08,Diésel,32.24,7.77893
2022-09-08,GLP,142.0,7.77893
2022-09-08,Regular,33.58,7.77893
2022-09-08,Superior,34.49,7.77893
2022-09-09,Búnker,19.45,7.79688
2022-09-09,Diésel,32.24,7.79688
2022-09-09,GLP,142.0,7.79688
2022-09-09,Regular,33.58,7.79688
2022-09-09,Superior,34.49,7.79688
2022-09-10,Búnker,19.45,7.79688
2022-09-10,Diésel,32.24,7.79688
2022-09-10,GLP,142.0,7.79688
2022-09-10,Regular,33.58,7.79688
2022-09-10,Superior,34.49,7.79688
2022-09-11,Búnker,19.45,7.79688
2022-09-11,Diésel,32.24,7.79688
2022-09-11,GLP,142.0,7.79688
2022-09-11,Regular,33.58,7.79688
2022-09-11,Superior,34.49,7.79688
2022-09-12,Búnker,19.45,7.78774
2022-09-12,Diésel,31.41,7.78774
2022-09-12,GLP,142.0,7.78774
2022-09-12,Regular,33.24,7.78774
2022-09-12,Superior,34.16,7.78774
2022-09-13,Búnker,19.45,7.78898
2022-09-13,Diésel,31.41,7.78898
2022-09-13,GLP,142.0,7.78898
2022-09-13,Regular,33.24,7.78898
2022-09-13,Superior,34.16,7.78898
2022-09-14,Búnker,19.45,7.79585
2022-09-14,Diésel,31.41,7.79585
2022-09-14,GLP,142.0,7.79585
2022-09-14,Regular,33.24,7.79585
2022-09-14,Superior,34.16,7.79585
2022-09-15,Búnker,19.45,7.79585
2022-09-15,Diésel,31.41,7.79585
2022-09-15,GLP,142.0,7.79585
2022-09-15,Regular,33.24,7.79585
2022-09-15,Superior,34.16,7.79585
2022-09-16,Búnker,19.45,7.79626
2022-09-16,Diésel,31.41,7.79626
2022-09-16,GLP,142.0,7.79626
2022-09-16,Regular,33.24,7.79626
2022-09-16,Superior,34.16,7.79626
2022-09-17,Búnker,19.45,7.79626
2022-09-17,Diésel,31.41,7.79626
2022-09-17,GLP,142.0,7.79626
2022-09-17,Regular,33.24,7.79626
2022-09-17,Superior,34.16,7.79626
2022-09-18,Búnker,19.45,7.79626
2022-09-18,Diésel,31.41,7.79626
2022-09-18,GLP,142.0,7.79626
2022-09-18,Regular,33.24,7.79626
2022-09-18,Superior,34.16,7.79626
2022-09-19,Búnker,17.57,7.79986
2022-09-19,Diésel,30.0,7.79986
2022-09-19,GLP,142.0,7.79986
2022-09-19,Regular,33.22,7.79986
2022-09-19,Superior,34.12,7.79986
2022-09-20,Búnker,17.57,7.80091
2022-09-20,Diésel,30.0,7.80091
2022-09-20,GLP,142.0,7.80091
2022-09-20,Regular,33.22,7.80091
2022-09-20,Superior,34.12,7.80091
2022-09-21,Búnker,17.57,7.81384
2022-09-21,Diésel,30.0,7.81384
2022-09-21,GLP,142.0,7.81384
2022-09-21,Regular,33.22,7.81384
2022-09-21,Superior,34.12,7.81384
2022-09-22,Búnker,17.57,7.82975
2022-09-22,Diésel,30.0,7.82975
2022-09-22,GLP,142.0,7.82975
2022-09-22,Regular,33.22,7.82975
2022-09-22,Superior,34.12,7.82975
2022-09-23,Búnker,17.57,7.842
2022-09-23,Diésel,30.0,7.842
2022-09-23,GLP,142.0,7.842
2022-09-23,Regular,33.22,7.842
2022-09-23,Superior,34.12,7.842
2022-09-24,Búnker,17.57,7.842
2022-09-24,Diésel,30.0,7.842
2022-09-24,GLP,142.0,7.842
2022-09-24,Regular,33.22,7.842
2022-09-24,Superior,34.12,7.842
2022-09-25,Búnker,17.57,7.842
2022-09-25,Diésel,30.0,7.842
2022-09-25,GLP,142.0,7.842
2022-09-25,Regular,33.22,7.842
2022-09-25,Superior,34.12,7.842
2022-09-26,Búnker,16.92,7.84218
2022-09-26,Diésel,29.16,7.84218
2022-09-26,GLP,142.0,7.84218
2022-09-26,Regular,33.28,7.84218
2022-09-26,Superior,34.18,7.84218
2022-09-27,Búnker,16.92,7.84578
2022-09-27,Diésel,29.16,7.84578
2022-09-27,GLP,142.0,7.84578
2022-09-27,Regular,33.28,7.84578
2022-09-27,Superior,34.18,7.84578
2022-09-28,Búnker,16.92,7.85501
2022-09-28,Diésel,29.16,7.85501
2022-09-28,GLP,142.0,7.85501
2022-09-28,Regular,33.28,7.85501
2022-09-28,Superior,34.18,7.85501
2022-09-29,Búnker,16.92,7.86284
2022-09-29,Diésel,29.16,7.86284
2022-09-29,GLP,142.0,7.86284
2022-09-29,Regular,33.28,7.86284
2022-09-29,Superior,34.18,7.86284
2022-09-30,Búnker,16.92,7.88368
2022-09-30,Diésel,29.16,7.88368
2022-09-30,GLP,142.0,7.88368
2022-09-30,Regular,33.28,7.88368
2022-09-30,Superior,34.18,7.88368
2022-10-01,Búnker,16.92,7.88368
2022-10-01,Diésel,29.16,7.88368
2022-10-01,GLP,122.0,7.88368
2022-10-01,Regular,33.28,7.88368
2022-10-01,Superior,34.18,7.88368
2022-10-02,Búnker,16.92,7.88368
2022-10-02,Diésel,29.16,7.88368
2022-10-02,GLP,122.0,7.88368
2022-10-02,Regular,33.28,7.88368
2022-10-02,Superior,34.18,7.88368
2022-10-03,Búnker,15.92,7.89856
2022-10-03,Diésel,32.33,7.89856
2022-10-03,GLP,122.0,7.89856
2022-10-03,Regular,33.27,7.89856
2022-10-03,Superior,34.16,7.89856
2022-10-04,Búnker,15.92,7.90963
2022-10-04,Diésel,32.33,7.90963
2022-10-04,GLP,122.0,7.90963
2022-10-04,Regular,33.27,7.90963
2022-10-04,Superior,34.16,7.90963
2022-10-05,Búnker,15.92,7.91233
2022-10-05,Diésel,32.33,7.91233
2022-10-05,GLP,122.0,7.91233
2022-10-05,Regular,33.27,7.91233
2022-10-05,Superior,34.16,7.91233
2022-10-06,Búnker,15.92,7.9026
2022-10-06,Diésel,35.89,7.9026
2022-10-06,GLP,122.0,7.9026
2022-10-06,Regular,34.29,7.9026
2022-10-06,Superior,35.19,7.9026
2022-10-07,Búnker,15.92,7.89334
2022-10-07,Diésel,35.89,7.89334
2022-10-07,GLP,122.0,7.89334
2022-10-07,Regular,34.29,7.89334
2022-10-07,Superior,35.19,7.89334
2022-10-08,Búnker,15.92,7.89334
2022-10-08,Diésel,35.89,7.89334
2022-10-08,GLP,122.0,7.89334
2022-10-08,Regular,34.29,7.89334
2022-10-08,Superior,35.19,7.89334
2022-10-09,Búnker,15.92,7.89334
2022-10-09,Diésel,35.89,7.89334
2022-10-09,GLP,122.0,7.89334
2022-10-09,Regular,34.29,7.89334
2022-10-09,Superior,35.19,7.89334
2022-10-10,Búnker,16.22,7.87662
2022-10-10,Diésel,38.46,7.87662
2022-10-10,GLP,122.0,7.87662
2022-10-10,Regular,35.99,7.87662
2022-10-10,Superior,36.92,7.87662
2022-10-11,Búnker,16.22,7.8757
2022-10-11,Diésel,38.46,7.8757
2022-10-11,GLP,122.0,7.8757
2022-10-11,Regular,35.99,7.8757
2022-10-11,Superior,36.92,7.8757
2022-10-12,Búnker,16.22,7.8757
2022-10-12,Diésel,38.46,7.8757
2022-10-12,GLP,122.0,7.8757
2022-10-12,Regular,35.99,7.8757
2022-10-12,Superior,36.92,7.8757
2022-10-13,Búnker,16.22,7.86625
2022-10-13,Diésel,38.46,7.86625
2022-10-13,GLP,122.0,7.86625
2022-10-13,Regular,35.99,7.86625
2022-10-13,Superior,36.92,7.86625
2022-10-14,Búnker,16.22,7.86252
2022-10-14,Diésel,38.46,7.86252
2022-10-14,GLP,122.0,7.86252
2022-10-14,Regular,35.99,7.86252
2022-10-14,Superior,36.92,7.86252
2022-10-15,Búnker,16.22,7.86252
2022-10-15,Diésel,38.46,7.86252
2022-10-15,GLP,122.0,7.86252
2022-10-15,Regular,35.99,7.86252
2022-10-15,Superior,36.92,7.86252
2022-10-16,Búnker,16.22,7.86252
2022-10-16,Diésel,38.46,7.86252
2022-10-16,GLP,122.0,7.86252
2022-10-16,Regular,35.99,7.86252
2022-10-16,Superior,36.92,7.86252
2022-10-17,Búnker,15.37,7.85768
2022-10-17,Diésel,41.27,7.85768
2022-10-17,GLP,122.0,7.85768
2022-10-17,Regular,36.23,7.85768
2022-10-17,Superior,37.14,7.85768
2022-10-18,Búnker,15.37,7.85275
2022-10-18,Diésel,41.27,7.85275
2022-10-18,GLP,122.0,7.85275
2022-10-18,Regular,36.23,7.85275
2022-10-18,Superior,37.14,7.85275
2022-10-19,Búnker,15.37,7.85157
2022-10-19,Diésel,41.27,7.85157
2022-10-19,GLP,122.0,7.85157
2022-10-19,Regular,36.23,7.85157
2022-10-19,Superior,37.14,7.85157
2022-10-20,Búnker,15.37,7.85157
2022-10-20,Diésel,41.27,7.85157
2022-10-20,GLP,122.0,7.85157
2022-10-20,Regular,36.23,7.85157
2022-10-20,Superior,37.14,7.85157
2022-10-21,Búnker,15.37,7.84831
2022-10-21,Diésel,41.27,7.84831
2022-10-21,GLP,122.0,7.84831
2022-10-21,Regular,36.23,7.84831
2022-10-21,Superior,37.14,7.84831
2022-10-22,Búnker,15.37,7.84831
2022-10-22,Diésel,41.27,7.84831
2022-10-22,GLP,122.0,7.84831
2022-10-22,Regular,36.23,7.84831
2022-10-22,Superior,37.14,7.84831
2022-10-23,Búnker,15.37,7.84831
2022-10-23,Diésel,41.27,7.84831
2022-10-23,GLP,122.0,7.84831
2022-10-23,Regular,36.23,7.84831
2022-10-23,Superior,37.14,7.84831
2022-10-24,Búnker,16.07,7.84248
2022-10-24,Diésel,41.25,7.84248
2022-10-24,GLP,122.0,7.84248
2022-10-24,Regular,36.27,7.84248
2022-10-24,Superior,37.17,7.84248
2022-10-25,Búnker,16.07,7.84511
2022-10-25,Diésel,41.25,7.84511
2022-10-25,GLP,122.0,7.84511
2022-10-25,Regular,36.27,7.84511
2022-10-25,Superior,37.17,7.84511
2022-10-26,Búnker,16.07,7.84399
2022-10-26,Diésel,41.25,7.84399
2022-10-26,GLP,122.0,7.84399
2022-10-26,Regular,36.27,7.84399
2022-10-26,Superior,37.17,7.84399
2022-10-27,Búnker,16.07,7.83655
2022-10-27,Diésel,41.25,7.83655
2022-10-27,GLP,122.0,7.83655
2022-10-27,Regular,36.27,7.83655
2022-10-27,Superior,37.17,7.83655
2022-10-28,Búnker,16.07,7.83772
2022-10-28,Diésel,41.25,7.83772
2022-10-28,GLP,122.0,7.83772
2022-10-28,Regular,36.27,7.83772
2022-10-28,Superior,37.17,7.83772
2022-10-29,Búnker,16.07,7.83772
2022-10-29,Diésel,41.25,7.83772
2022-10-29,GLP,122.0,7.83772
2022-10-29,Regular,36.27,7.83772
2022-10-29,Superior,37.17,7.83772
2022-10-30,Búnker,16.07,7.83772
2022-10-30,Diésel,41.25,7.83772
2022-10-30,GLP,122.0,7.83772
2022-10-30,Regular,36.27,7.83772
2022-10-30,Superior,37.17,7.83772
2022-10-31,Búnker,16.37,7.82857
2022-10-31,Diésel,41.25,7.82857
2022-10-31,GLP,122.0,7.82857
2022-10-31,Regular,36.27,7.82857
2022-10-31,Superior,37.17,7.82857
2022-11-01,Búnker,16.37,7.82857
2022-11-01,Diésel,41.25,7.82857
2022-11-01,GLP,122.0,7.82857
2022-11-01,Regular,36.27,7.82857
2022-11-01,Superior,37.17,7.82857
2022-11-02,Búnker,16.37,7.82497
2022-11-02,Diésel,39.9,7.82497
2022-11-02,GLP,122.0,7.82497
2022-11-02,Regular,35.57,7.82497
2022-11-02,Superior,36.75,7.82497
2022-11-03,Búnker,16.37,7.82784
2022-11-03,Diésel,39.9,7.82784
2022-11-03,GLP,122.0,7.82784
2022-11-03,Regular,35.57,7.82784
2022-11-03,Superior,36.75,7.82784
2022-11-04,Búnker,16.37,7.82196
2022-11-04,Diésel,39.9,7.82196
2022-11-04,GLP,122.0,7.82196
2022-11-04,Regular,35.57,7.82196
2022-11-04,Superior,36.75,7.82196
2022-11-05,Búnker,16.37,7.82196
2022-11-05,Diésel,39.9,7.82196
2022-11-05,GLP,122.0,7.82196
2022-11-05,Regular,35.57,7.82196
2022-11-05,Superior,36.75,7.82196
2022-11-06,Búnker,16.37,7.82196
2022-11-06,Diésel,39.9,7.82196
2022-11-06,GLP,122.0,7.82196
2022-11-06,Regular,35.57,7.82196
2022-11-06,Superior,36.75,7.82196
2022-11-07,Búnker,17.37,7.81898
2022-11-07,Diésel,39.82,7.81898
2022-11-07,GLP,122.0,7.81898
2022-11-07,Regular,35.5,7.81898
2022-11-07,Superior,36.7,7.81898
2022-11-08,Búnker,17.37,7.81314
2022-11-08,Diésel,39.82,7.81314
2022-11-08,GLP,122.0,7.81314
2022-11-08,Regular,35.5,7.81314
2022-11-08,Superior,36.7,7.81314
2022-11-09,Búnker,17.37,7.81259
2022-11-09,Diésel,39.82,7.81259
2022-11-09,GLP,122.0,7.81259
2022-11-09,Regular,35.5,7.81259
2022-11-09,Superior,36.7,7.81259
2022-11-10,Búnker,17.37,7.8116
2022-11-10,Diésel,39.82,7.8116
2022-11-10,GLP,122.0,7.8116
2022-11-10,Regular,35.5,7.8116
2022-11-10,Superior,36.7,7.8116
2022-11-11,Búnker,17.37,7.80692
2022-11-11,Diésel,39.82,7.80692
2022-11-11,GLP,122.0,7.80692
2022-11-11,Regular,35.5,7.80692
2022-11-11,Superior,36.7,7.80692
2022-11-12,Búnker,17.37,7.80692
2022-11-12,Diésel,39.82,7.80692
2022-11-12,GLP,122.0,7.80692
2022-11-12,Regular,35.5,7.80692
2022-11-12,Superior,36.7,7.80692
2022-11-13,Búnker,17.37,7.80692
2022-11-13,Diésel,39.82,7.80692
2022-11-13,GLP,122.0,7.80692
2022-11-13,Regular,35.5,7.80692
2022-11-13,Superior,36.7,7.80692
2022-11-14,Búnker,17.87,7.80536
2022-11-14,Diésel,40.59,7.80536
2022-11-14,GLP,122.0,7.80536
2022-11-14,Regular,35.87,7.80536
2022-11-14,Superior,37.37,7.80536
2022-11-15,Búnker,17.87,7.79823
2022-11-15,Diésel,40.59,7.79823
2022-11-15,GLP,122.0,7.79823
2022-11-15,Regular,35.87,7.79823
2022-11-15,Superior,37.37,7.79823
2022-11-16,Búnker,17.87,7.79839
2022-11-16,Diésel,40.59,7.79839
2022-11-16,GLP,122.0,7.79839
2022-11-16,Regular,35.87,7.79839
2022-11-16,Superior,37.37,7.79839
2022-11-17,Búnker,17.87,7.79936
2022-11-17,Diésel,40.59,7.79936
2022-11-17,GLP,122.0,7.79936
2022-11-17,Regular,35.87,7.79936
2022-11-17,Superior,37.37,7.79936
2022-11-18,Búnker,17.87,7.79773
2022-11-18,Diésel,40.59,7.79773
2022-11-18,GLP,122.0,7.79773
2022-11-18,Regular,35.87,7.79773
2022-11-18,Superior,37.37,7.79773
2022-11-19,Búnker,17.87,7.79773
2022-11-19,Diésel,40.59,7.79773
2022-11-19,GLP,122.0,7.79773
2022-11-19,Regular,35.87,7.79773
2022-11-19,Superior,37.37,7.79773
2022-11-20,Búnker,17.87,7.79773
2022-11-20,Diésel,40.59,7.79773
2022-11-20,GLP,122.0,7.79773
2022-11-20,Regular,35.87,7.79773
2022-11-20,Superior,37.37,7.79773
2022-11-21,Búnker,17.27,7.79372
2022-11-21,Diésel,38.17,7.79372
2022-11-21,GLP,122.0,7.79372
2022-11-21,Regular,34.54,7.79372
2022-11-21,Superior,36.14,7.79372
2022-11-22,Búnker,17.27,7.80497
2022-11-22,Diésel,38.17,7.80497
2022-11-22,GLP,122.0,7.80497
2022-11-22,Regular,34.54,7.80497
2022-11-22,Superior,36.14,7.80497
2022-11-23,Búnker,17.27,7.81468
2022-11-23,Diésel,38.17,7.81468
2022-11-23,GLP,122.0,7.81468
2022-11-23,Regular,34.54,7.81468
2022-11-23,Superior,36.14,7.81468
2022-11-24,Búnker,17.27,7.8183
2022-11-24,Diésel,38.17,7.8183
2022-11-24,GLP,122.0,7.8183
2022-11-24,Regular,34.54,7.8183
2022-11-24,Superior,36.14,7.8183
2022-11-25,Búnker,17.27,7.82619
2022-11-25,Diésel,38.17,7.82619
2022-11-25,GLP,122.0,7.82619
2022-11-25,Regular,34.54,7.82619
2022-11-25,Superior,36.14,7.82619
2022-11-26,Búnker,17.27,7.82619
2022-11-26,Diésel,38.17,7.82619
2022-11-26,GLP,122.0,7.82619
2022-11-26,Regular,34.54,7.82619
2022-11-26,Superior,36.14,7.82619
2022-11-27,Búnker,17.27,7.82619
2022-11-27,Diésel,38.17,7.82619
2022-11-27,GLP,122.0,7.82619
2022-11-27,Regular,34.54,7.82619
2022-11-27,Superior,36.14,7.82619
2022-11-28,Búnker,17.27,7.81998
2022-11-28,Diésel,35.96,7.81998
2022-11-28,GLP,122.0,7.81998
2022-11-28,Regular,33.32,7.81998
2022-11-28,Superior,34.94,7.81998
2022-11-29,Búnker,17.27,7.82766
2022-11-29,Diésel,35.96,7.82766
2022-11-29,GLP,122.0,7.82766
2022-11-29,Regular,33.32,7.82766
2022-11-29,Superior,34.94,7.82766
2022-11-30,Búnker,17.27,7.84134
2022-11-30,Diésel,35.96,7.84134
2022-11-30,GLP,122.0,7.84134
2022-11-30,Regular,33.32,7.84134
2022-11-30,Superior,34.94,7.84134
2022-12-01,Búnker,17.27,7.84143
2022-12-01,Diésel,35.96,7.84143
2022-12-01,GLP,122.0,7.84143
2022-12-01,Regular,33.32,7.84143
2022-12-01,Superior,34.94,7.84143
2022-12-02,Búnker,17.27,7.85875
2022-12-02,Diésel,35.96,7.85875
2022-12-02,GLP,122.0,7.85875
2022-12-02,Regular,33.32,7.85875
2022-12-02,Superior,34.94,7.85875
2022-12-03,Búnker,17.27,7.85875
2022-12-03,Diésel,35.96,7.85875
2022-12-03,GLP,122.0,7.85875
2022-12-03,Regular,33.32,7.85875
2022-12-03,Superior,34.94,7.85875
2022-12-04,Búnker,17.27,7.85875
2022-12-04,Diésel,35.96,7.85875
2022-12-04,GLP,122.0,7.85875
2022-12-04,Regular,33.32,7.85875
2022-12-04,Superior,34.94,7.85875
2022-12-05,Búnker,15.97,7.87534
2022-12-05,Diésel,35.58,7.87534
2022-12-05,GLP,122.0,7.87534
2022-12-05,Regular,32.9,7.87534
2022-12-05,Superior,34.5,7.87534
2022-12-06,Búnker,15.97,7.90912
2022-12-06,Diésel,35.58,7.90912
2022-12-06,GLP,122.0,7.90912
2022-12-06,Regular,32.9,7.90912
2022-12-06,Superior,34.5,7.90912
2022-12-07,Búnker,15.97,7.93024
2022-12-07,Diésel,35.58,7.93024
2022-12-07,GLP,122.0,7.93024
2022-12-07,Regular,32.9,7.93024
2022-12-07,Superior,34.5,7.93024
2022-12-08,Búnker,15.97,7.90901
2022-12-08,Diésel,35.58,7.90901
2022-12-08,GLP,122.0,7.90901
2022-12-08,Regular,32.9,7.90901
2022-12-08,Superior,34.5,7.90901
2022-12-09,Búnker,15.97,7.89634
2022-12-09,Diésel,35.58,7.89634
2022-12-09,GLP,122.0,7.89634
2022-12-09,Regular,32.9,7.89634
2022-12-09,Superior,34.5,7.89634
2022-12-10,Búnker,15.97,7.89634
2022-12-10,Diésel,35.58,7.89634
2022-12-10,GLP,122.0,7.89634
2022-12-10,Regular,32.9,7.89634
2022-12-10,Superior,34.5,7.89634
2022-12-11,Búnker,15.97,7.89634
2022-12-11,Diésel,35.58,7.89634
2022-12-11,GLP,122.0,7.89634
2022-12-11,Regular,32.9,7.89634
2022-12-11,Superior,34.5,7.89634
2022-12-12,Búnker,15.37,7.88174
2022-12-12,Diésel,34.8,7.88174
2022-12-12,GLP,122.0,7.88174
2022-12-12,Regular,32.39,7.88174
2022-12-12,Superior,33.98,7.88174
2022-12-13,Búnker,15.37,7.87402
2022-12-13,Diésel,34.8,7.87402
2022-12-13,GLP,122.0,7.87402
2022-12-13,Regular,32.39,7.87402
2022-12-13,Superior,33.98,7.87402
2022-12-14,Búnker,15.37,7.87702
2022-12-14,Diésel,34.8,7.87702
2022-12-14,GLP,122.0,7.87702
2022-12-14,Regular,32.39,7.87702
2022-12-14,Superior,33.98,7.87702
2022-12-15,Búnker,15.37,7.86627
2022-12-15,Diésel,34.8,7.86627
2022-12-15,GLP,122.0,7.86627
2022-12-15,Regular,32.39,7.86627
2022-12-15,Superior,33.98,7.86627
2022-12-16,Búnker,15.37,7.86912
2022-12-16,Diésel,34.8,7.86912
2022-12-16,GLP,122.0,7.86912
2022-12-16,Regular,32.39,7.86912
2022-12-16,Superior,33.98,7.86912
2022-12-17,Búnker,15.37,7.86912
2022-12-17,Diésel,34.8,7.86912
2022-12-17,GLP,122.0,7.86912
2022-12-17,Regular,32.39,7.86912
2022-12-17,Superior,33.98,7.86912
2022-12-18,Búnker,15.37,7.86912
2022-12-18,Diésel,34.8,7.86912
2022-12-18,GLP,122.0,7.86912
2022-12-18,Regular,32.39,7.86912
2022-12-18,Superior,33.98,7.86912
2022-12-19,Búnker,15.69,7.85836
2022-12-19,Diésel,33.95,7.85836
2022-12-19,GLP,122.0,7.85836
2022-12-19,Regular,31.96,7.85836
2022-12-19,Superior,33.48,7.85836
2022-12-20,Búnker,15.69,7.85599
2022-12-20,Diésel,33.95,7.85599
2022-12-20,GLP,122.0,7.85599
2022-12-20,Regular,31.96,7.85599
2022-12-20,Superior,33.48,7.85599
2022-12-21,Búnker,15.69,7.85419
2022-12-21,Diésel,33.95,7.85419
2022-12-21,GLP,122.0,7.85419
2022-12-21,Regular,31.96,7.85419
2022-12-21,Superior,33.48,7.85419
2022-12-22,Búnker,15.69,7.85527
2022-12-22,Diésel,33.95,7.85527
2022-12-22,GLP,122.0,7.85527
2022-12-22,Regular,31.96,7.85527
2022-12-22,Superior,33.48,7.85527
2022-12-23,Búnker,15.69,7.84914
2022-12-23,Diésel,33.95,7.84914
2022-12-23,GLP,122.0,7.84914
2022-12-23,Regular,31.96,7.84914
2022-12-23,Superior,33.48,7.84914
2022-12-24,Búnker,15.69,7.84914
2022-12-24,Diésel,33.95,7.84914
2022-12-24,GLP,122.0,7.84914
2022-12-24,Regular,31.96,7.84914
2022-12-24,Superior,33.48,7.84914
2022-12-25,Búnker,15.69,7.84914
2022-12-25,Diésel,33.95,7.84914
2022-12-25,GLP,122.0,7.84914
2022-12-25,Regular,31.96,7.84914
2022-12-25,Superior,33.48,7.84914
2022-12-26,Búnker,15.69,7.84914
2022-12-26,Diésel,33.95,7.84914
2022-12-26,GLP,122.0,7.84914
2022-12-26,Regular,31.96,7.84914
2022-12-26,Superior,33.48,7.84914
2022-12-27,Búnker,15.99,7.84739
2022-12-27,Diésel,33.75,7.84739
2022-12-27,GLP,122.0,7.84739
2022-12-27,Regular,30.99,7.84739
2022-12-27,Superior,32.55,7.84739
2022-12-28,Búnker,15.99,7.85028
2022-12-28,Diésel,33.75,7.85028
2022-12-28,GLP,122.0,7.85028
2022-12-28,Regular,30.99,7.85028
2022-12-28,Superior,32.55,7.85028
2022-12-29,Búnker,15.99,7.85222
2022-12-29,Diésel,33.75,7.85222
2022-12-29,GLP,122.0,7.85222
2022-12-29,Regular,30.99,7.85222
2022-12-29,Superior,32.55,7.85222
2022-12-30,Búnker,15.99,7.85222
2022-12-30,Diésel,33.75,7.85222
2022-12-30,GLP,122.0,7.85222
2022-12-30,Regular,30.99,7.85222
2022-12-30,Superior,32.55,7.85222
2022-12-31,Búnker,15.99,7.85222
2022-12-31,Diésel,33.75,7.85222
2022-12-31,GLP,122.0,7.85222
2022-12-31,Regular,30.99,7.85222
2022-12-31,Superior,32.55,7.85222
2023-01-01,Búnker,15.99,7.85222
2023-01-01,Diésel,33.75,7.85222
2023-01-01,GLP,122.0,7.85222
2023-01-01,Regular,30.99,7.85222
2023-01-01,Superior,32.55,7.85222
2023-01-02,Búnker,15.99,7.85222
2023-01-02,Diésel,33.75,7.85222
2023-01-02,GLP,122.0,7.85222
2023-01-02,Regular,30.99,7.85222
2023-01-02,Superior,32.55,7.85222
2023-01-03,Búnker,16.39,7.84773
2023-01-03,Diésel,35.31,7.84773
2023-01-03,GLP,122.0,7.84773
2023-01-03,Regular,31.42,7.84773
2023-01-03,Superior,32.56,7.84773
2023-01-04,Búnker,16.39,7.84906
2023-01-04,Diésel,35.31,7.84906
2023-01-04,GLP,122.0,7.84906
2023-01-04,Regular,31.42,7.84906
2023-01-04,Superior,32.56,7.84906
2023-01-05,Búnker,16.39,7.85221
2023-01-05,Diésel,35.31,7.85221
2023-01-05,GLP,122.0,7.85221
2023-01-05,Regular,31.42,7.85221
2023-01-05,Superior,32.56,7.85221
2023-01-06,Búnker,16.39,7.84856
2023-01-06,Diésel,35.31,7.84856
2023-01-06,GLP,122.0,7.84856
2023-01-06,Regular,31.42,7.84856
2023-01-06,Superior,32.56,7.84856
2023-01-07,Búnker,16.39,7.84856
2023-01-07,Diésel,35.31,7.84856
2023-01-07,GLP,122.0,7.84856
2023-01-07,Regular,31.42,7.84856
2023-01-07,Superior,32.56,7.84856
2023-01-08,Búnker,16.39,7.84856
2023-01-08,Diésel,35.31,7.84856
2023-01-08,GLP,122.0,7.84856
2023-01-08,Regular,31.42,7.84856
2023-01-08,Superior,32.56,7.84856
2023-01-09,Búnker,16.39,7.84628
2023-01-09,Diésel,35.98,7.84628
2023-01-09,GLP,122.0,7.84628
2023-01-09,Regular,31.6,7.84628
2023-01-09,Superior,33.0,7.84628
2023-01-10,Búnker,16.39,7.84395
2023-01-10,Diésel,35.98,7.84395
2023-01-10,GLP,122.0,7.84395
2023-01-10,Regular,31.6,7.84395
2023-01-10,Superior,33.0,7.84395
2023-01-11,Búnker,16.39,7.8488
2023-01-11,Diésel,35.98,7.8488
2023-01-11,GLP,122.0,7.8488
2023-01-11,Regular,31.6,7.8488
2023-01-11,Superior,33.0,7.8488
2023-01-12,Búnker,16.39,7.85
2023-01-12,Diésel,35.98,7.85
2023-01-12,GLP,122.0,7.85
2023-01-12,Regular,31.6,7.85
2023-01-12,Superior,33.0,7.85
2023-01-13,Búnker,16.39,7.84942
2023-01-13,Diésel,35.98,7.84942
2023-01-13,GLP,122.0,7.84942
2023-01-13,Regular,31.6,7.84942
2023-01-13,Superior,33.0,7.84942
2023-01-14,Búnker,16.39,7.84942
2023-01-14,Diésel,35.98,7.84942
2023-01-14,GLP,122.0,7.84942
2023-01-14,Regular,31.6,7.84942
2023-01-14,Superior,33.0,7.84942
2023-01-15,Búnker,16.39,7.84942
2023-01-15,Diésel,35.98,7.84942
2023-01-15,GLP,122.0,7.84942
2023-01-15,Regular,31.6,7.84942
2023-01-15,Superior,33.0,7.84942
2023-01-16,Búnker,15.99,7.84319
2023-01-16,Diésel,35.96,7.84319
2023-01-16,GLP,122.0,7.84319
2023-01-16,Regular,32.58,7.84319
2023-01-16,Superior,33.96,7.84319
2023-01-17,Búnker,15.99,7.84762
2023-01-17,Diésel,35.96,7.84762
2023-01-17,GLP,122.0,7.84762
2023-01-17,Regular,32.58,7.84762
2023-01-17,Superior,33.96,7.84762
2023-01-18,Búnker,15.99,7.84834
2023-01-18,Diésel,35.96,7.84834
2023-01-18,GLP,122.0,7.84834
2023-01-18,Regular,32.58,7.84834
2023-01-18,Superior,33.96,7.84834
2023-01-19,Búnker,15.99,7.85007
2023-01-19,Diésel,35.96,7.85007
2023-01-19,GLP,122.0,7.85007
2023-01-19,Regular,32.58,7.85007
2023-01-19,Superior,33.96,7.85007
2023-01-20,Búnker,15.99,7.85078
2023-01-20,Diésel,35.96,7.85078
2023-01-20,GLP,122.0,7.85078
2023-01-20,Regular,32.58,7.85078
2023-01-20,Superior,33.96,7.85078
2023-01-21,Búnker,15.99,7.85078
2023-01-21,Diésel,35.96,7.85078
2023-01-21,GLP,122.0,7.85078
2023-01-21,Regular,32.58,7.85078
2023-01-21,Superior,33.96,7.85078
2023-01-22,Búnker,15.99,7.85078
2023-01-22,Diésel,35.96,7.85078
2023-01-22,GLP,122.0,7.85078
2023-01-22,Regular,32.58,7.85078
2023-01-22,Superior,33.96,7.85078
2023-01-23,Búnker,16.39,7.84295
2023-01-23,Diésel,35.54,7.84295
2023-01-23,GLP,122.0,7.84295
2023-01-23,Regular,33.63,7.84295
2023-01-23,Superior,35.02,7.84295
2023-01-24,Búnker,16.39,7.84379
2023-01-24,Diésel,35.54,7.84379
2023-01-24,GLP,122.0,7.84379
2023-01-24,Regular,33.63,7.84379
2023-01-24,Superior,35.02,7.84379
2023-01-25,Búnker,16.39,7.84883
2023-01-25,Diésel,35.54,7.84883
2023-01-25,GLP,122.0,7.84883
2023-01-25,Regular,33.63,7.84883
2023-01-25,Superior,35.02,7.84883
2023-01-26,Búnker,16.39,7.85069
2023-01-26,Diésel,35.54,7.85069
2023-01-26,GLP,122.0,7.85069
2023-01-26,Regular,33.63,7.85069
2023-01-26,Superior,35.02,7.85069
2023-01-27,Búnker,16.39,7.85212
2023-01-27,Diésel,35.54,7.85212
2023-01-27,GLP,122.0,7.85212
2023-01-27,Regular,33.63,7.85212
2023-01-27,Superior,35.02,7.85212
2023-01-28,Búnker,16.39,7.85212
2023-01-28,Diésel,35.54,7.85212
2023-01-28,GLP,122.0,7.85212
2023-01-28,Regular,33.63,7.85212
2023-01-28,Superior,35.02,7.85212
2023-01-29,Búnker,16.39,7.85212
2023-01-29,Diésel,35.54,7.85212
2023-01-29,GLP,122.0,7.85212
2023-01-29,Regular,33.63,7.85212
2023-01-29,Superior,35.02,7.85212
2023-01-30,Búnker,16.23,7.84886
2023-01-30,Diésel,36.18,7.84886
2023-01-30,GLP,122.0,7.84886
2023-01-30,Regular,34.26,7.84886
2023-01-30,Superior,35.66,7.84886
2023-01-31,Búnker,16.23,7.84855
2023-01-31,Diésel,36.18,7.84855
2023-01-31,GLP,122.0,7.84855
2023-01-31,Regular,34.26,7.84855
2023-01-31,Superior,35.66,7.84855
2023-02-01,Búnker,16.23,7.84957
2023-02-01,Diésel,36.18,7.84957
2023-02-01,GLP,135.0,7.84957
2023-02-01,Regular,34.26,7.84957
2023-02-01,Superior,35.66,7.84957
2023-02-02,Búnker,16.23,7.84667
2023-02-02,Diésel,36.18,7.84667
2023-02-02,GLP,135.0,7.84667
2023-02-02,Regular,34.26,7.84667
2023-02-02,Superior,35.66,7.84667
2023-02-03,Búnker,16.23,7.84714
2023-02-03,Diésel,36.18,7.84714
2023-02-03,GLP,135.0,7.84714
2023-02-03,Regular,34.26,7.84714
2023-02-03,Superior,35.66,7.84714
2023-02-04,Búnker,16.23,7.84714
2023-02-04,Diésel,36.18,7.84714
2023-02-04,GLP,135.0,7.84714
2023-02-04,Regular,34.26,7.84714
2023-02-04,Superior,35.66,7.84714
2023-02-05,Búnker,16.23,7.84714
2023-02-05,Diésel,36.18,7.84714
2023-02-05,GLP,135.0,7.84714
2023-02-05,Regular,34.26,7.84714
2023-02-05,Superior,35.66,7.84714
2023-02-06,Búnker,15.63,7.84306
2023-02-06,Diésel,35.29,7.84306
2023-02-06,GLP,135.0,7.84306
2023-02-06,Regular,33.49,7.84306
2023-02-06,Superior,34.94,7.84306
2023-02-07,Búnker,15.63,7.84298
2023-02-07,Diésel,35.29,7.84298
2023-02-07,GLP,135.0,7.84298
2023-02-07,Regular,33.49,7.84298
2023-02-07,Superior,34.94,7.84298
2023-02-08,Búnker,15.63,7.84282
2023-02-08,Diésel,35.29,7.84282
2023-02-08,GLP,135.0,7.84282
2023-02-08,Regular,33.49,7.84282
2023-02-08,Superior,34.94,7.84282
2023-02-09,Búnker,15.63,7.84208
2023-02-09,Diésel,35.29,7.84208
2023-02-09,GLP,135.0,7.84208
2023-02-09,Regular,33.49,7.84208
2023-02-09,Superior,34.94,7.84208
2023-02-10,Búnker,15.63,7.83792
2023-02-10,Diésel,35.29,7.83792
2023-02-10,GLP,135.0,7.83792
2023-02-10,Regular,33.49,7.83792
2023-02-10,Superior,34.94,7.83792
2023-02-11,Búnker,15.63,7.83792
2023-02-11,Diésel,35.29,7.83792
2023-02-11,GLP,135.0,7.83792
2023-02-11,Regular,33.49,7.83792
2023-02-11,Superior,34.94,7.83792
2023-02-12,Búnker,15.63,7.83792
2023-02-12,Diésel,35.29,7.83792
2023-02-12,GLP,135.0,7.83792
2023-02-12,Regular,33.49,7.83792
2023-02-12,Superior,34.94,7.83792
2023-02-13,Búnker,16.39,7.83567
2023-02-13,Diésel,33.54,7.83567
2023-02-13,GLP,135.0,7.83567
2023-02-13,Regular,32.74,7.83567
2023-02-13,Superior,34.23,7.83567
2023-02-14,Búnker,16.39,7.83256
2023-02-14,Diésel,33.54,7.83256
2023-02-14,GLP,135.0,7.83256
2023-02-14,Regular,32.74,7.83256
2023-02-14,Superior,34.23,7.83256
2023-02-15,Búnker,16.39,7.8313
2023-02-15,Diésel,33.54,7.8313
2023-02-15,GLP,135.0,7.8313
2023-02-15,Regular,32.74,7.8313
2023-02-15,Superior,34.23,7.8313
2023-02-16,Búnker,16.39,7.82864
2023-02-16,Diésel,33.54,7.82864
2023-02-16,GLP,135.0,7.82864
2023-02-16,Regular,32.74,7.82864
2023-02-16,Superior,34.23,7.82864
2023-02-17,Búnker,16.39,7.82638
2023-02-17,Diésel,33.54,7.82638
2023-02-17,GLP,135.0,7.82638
2023-02-17,Regular,32.74,7.82638
2023-02-17,Superior,34.23,7.82638
2023-02-18,Búnker,16.39,7.82638
2023-02-18,Diésel,33.54,7.82638
2023-02-18,GLP,135.0,7.82638
2023-02-18,Regular,32.74,7.82638
2023-02-18,Superior,34.23,7.82638
2023-02-19,Búnker,16.39,7.82638
2023-02-19,Diésel,33.54,7.82638
2023-02-19,GLP,135.0,7.82638
2023-02-19,Regular,32.74,7.82638
2023-02-19,Superior,34.23,7.82638
2023-02-20,Búnker,15.93,7.81821
2023-02-20,Diésel,32.14,7.81821
2023-02-20,GLP,135.0,7.81821
2023-02-20,Regular,32.24,7.81821
2023-02-20,Superior,33.74,7.81821
2023-02-21,Búnker,15.93,7.82129
2023-02-21,Diésel,32.14,7.82129
2023-02-21,GLP,135.0,7.82129
2023-02-21,Regular,32.24,7.82129
2023-02-21,Superior,33.74,7.82129
2023-02-22,Búnker,15.93,7.81596
2023-02-22,Diésel,32.14,7.81596
2023-02-22,GLP,135.0,7.81596
2023-02-22,Regular,32.24,7.81596
2023-02-22,Superior,33.74,7.81596
2023-02-23,Búnker,15.93,7.81696
2023-02-23,Diésel,32.14,7.81696
2023-02-23,GLP,135.0,7.81696
2023-02-23,Regular,32.24,7.81696
2023-02-23,Superior,33.74,7.81696
2023-02-24,Búnker,15.93,7.8179
2023-02-24,Diésel,32.14,7.8179
2023-02-24,GLP,135.0,7.8179
2023-02-24,Regular,32.24,7.8179
2023-02-24,Superior,33.74,7.8179
2023-02-25,Búnker,15.93,7.8179
2023-02-25,Diésel,32.14,7.8179
2023-02-25,GLP,135.0,7.8179
2023-02-25,Regular,32.24,7.8179
2023-02-25,Superior,33.74,7.8179
2023-02-26,Búnker,15.93,7.8179
2023-02-26,Diésel,32.14,7.8179
2023-02-26,GLP,135.0,7.8179
2023-02-26,Regular,32.24,7.8179
2023-02-26,Superior,33.74,7.8179
2023-02-27,Búnker,15.58,7.81549
2023-02-27,Diésel,31.11,7.81549
2023-02-27,GLP,135.0,7.81549
2023-02-27,Regular,31.84,7.81549
2023-02-27,Superior,33.33,7.81549
2023-02-28,Búnker,15.58,7.81493
2023-02-28,Diésel,31.11,7.81493
2023-02-28,GLP,135.0,7.81493
2023-02-28,Regular,31.84,7.81493
2023-02-28,Superior,33.33,7.81493
2023-03-01,Búnker,15.58,7.81525
2023-03-01,Diésel,31.11,7.81525
2023-03-01,GLP,135.0,7.81525
2023-03-01,Regular,31.84,7.81525
2023-03-01,Superior,33.33,7.81525
2023-03-02,Búnker,15.58,7.81859
2023-03-02,Diésel,31.11,7.81859
2023-03-02,GLP,135.0,7.81859
2023-03-02,Regular,31.84,7.81859
2023-03-02,Superior,33.33,7.81859
2023-03-03,Búnker,15.58,7.81359
2023-03-03,Diésel,31.11,7.81359
2023-03-03,GLP,135.0,7.81359
2023-03-03,Regular,31.84,7.81359
2023-03-03,Superior,33.33,7.81359
2023-03-04,Búnker,15.58,7.81359
2023-03-04,Diésel,31.11,7.81359
2023-03-04,GLP,135.0,7.81359
2023-03-04,Regular,31.84,7.81359
2023-03-04,Superior,33.33,7.81359
2023-03-05,Búnker,15.58,7.81359
2023-03-05,Diésel,31.11,7.81359
2023-03-05,GLP,135.0,7.81359
2023-03-05,Regular,31.84,7.81359
2023-03-05,Superior,33.33,7.81359
2023-03-06,Búnker,16.58,7.81199
2023-03-06,Diésel,31.0,7.81199
2023-03-06,GLP,135.0,7.81199
2023-03-06,Regular,31.8,7.81199
2023-03-06,Superior,33.3,7.81199
2023-03-07,Búnker,16.58,7.80397
2023-03-07,Diésel,31.0,7.80397
2023-03-07,GLP,135.0,7.80397
2023-03-07,Regular,31.8,7.80397
2023-03-07,Superior,33.3,7.80397
2023-03-08,Búnker,16.58,7.80973
2023-03-08,Diésel,31.0,7.80973
2023-03-08,GLP,135.0,7.80973
2023-03-08,Regular,31.8,7.80973
2023-03-08,Superior,33.3,7.80973
2023-03-09,Búnker,16.58,7.80754
2023-03-09,Diésel,31.0,7.80754
2023-03-09,GLP,135.0,7.80754
2023-03-09,Regular,31.8,7.80754
2023-03-09,Superior,33.3,7.80754
2023-03-10,Búnker,16.58,7.80715
2023-03-10,Diésel,31.0,7.80715
2023-03-10,GLP,135.0,7.80715
2023-03-10,Regular,31.8,7.80715
2023-03-10,Superior,33.3,7.80715
2023-03-11,Búnker,16.58,7.80715
2023-03-11,Diésel,31.0,7.80715
2023-03-11,GLP,135.0,7.80715
2023-03-11,Regular,31.8,7.80715
2023-03-11,Superior,33.3,7.80715
2023-03-12,Búnker,16.58,7.80715
2023-03-12,Diésel,31.0,7.80715
2023-03-12,GLP,135.0,7.80715
2023-03-12,Regular,31.8,7.80715
2023-03-12,Superior,33.3,7.80715
2023-03-13,Búnker,16.82,7.79947
2023-03-13,Diésel,31.01,7.79947
2023-03-13,GLP,135.0,7.79947
2023-03-13,Regular,32.18,7.79947
2023-03-13,Superior,33.77,7.79947
2023-03-14,Búnker,16.82,7.79731
2023-03-14,Diésel,31.01,7.79731
2023-03-14,GLP,135.0,7.79731
2023-03-14,Regular,32.18,7.79731
2023-03-14,Superior,33.77,7.79731
2023-03-15,Búnker,16.82,7.79834
2023-03-15,Diésel,31.01,7.79834
2023-03-15,GLP,135.0,7.79834
2023-03-15,Regular,32.18,7.79834
2023-03-15,Superior,33.77,7.79834
2023-03-16,Búnker,16.82,7.80412
2023-03-16,Diésel,31.01,7.80412
2023-03-16,GLP,115.0,7.80412
2023-03-16,Regular,32.18,7.80412
2023-03-16,Superior,33.77,7.80412
2023-03-17,Búnker,16.82,7.80243
2023-03-17,Diésel,31.01,7.80243
2023-03-17,GLP,115.0,7.80243
2023-03-17,Regular,32.18,7.80243
2023-03-17,Superior,33.77,7.80243
2023-03-18,Búnker,16.82,7.80243
2023-03-18,Diésel,31.01,7.80243
2023-03-18,GLP,115.0,7.80243
2023-03-18,Regular,32.18,7.80243
2023-03-18,Superior,33.77,7.80243
2023-03-19,Búnker,16.82,7.80243
2023-03-19,Diésel,31.01,7.80243
2023-03-19,GLP,115.0,7.80243
2023-03-19,Regular,32.18,7.80243
2023-03-19,Superior,33.77,7.80243
2023-03-20,Búnker,15.82,7.79631
2023-03-20,Diésel,30.63,7.79631
2023-03-20,GLP,115.0,7.79631
2023-03-20,Regular,31.45,7.79631
2023-03-20,Superior,33.04,7.79631
2023-03-21,Búnker,15.82,7.79352
2023-03-21,Diésel,30.63,7.79352
2023-03-21,GLP,115.0,7.79352
2023-03-21,Regular,31.45,7.79352
2023-03-21,Superior,33.04,7.79352
2023-03-22,Búnker,15.82,7.80256
2023-03-22,Diésel,30.63,7.80256
2023-03-22,GLP,115.0,7.80256
2023-03-22,Regular,31.45,7.80256
2023-03-22,Superior,33.04,7.80256
2023-03-23,Búnker,15.82,7.80387
2023-03-23,Diésel,30.63,7.80387
2023-03-23,GLP,115.0,7.80387
2023-03-23,Regular,31.45,7.80387
2023-03-23,Superior,33.04,7.80387
2023-03-24,Búnker,15.82,7.80518
2023-03-24,Diésel,30.63,7.80518
2023-03-24,GLP,115.0,7.80518
2023-03-24,Regular,31.45,7.80518
2023-03-24,Superior,33.04,7.80518
2023-03-25,Búnker,15.82,7.80518
2023-03-25,Diésel,30.63,7.80518
2023-03-25,GLP,115.0,7.80518
2023-03-25,Regular,31.45,7.80518
2023-03-25,Superior,33.04,7.80518
2023-03-26,Búnker,15.82,7.80518
2023-03-26,Diésel,30.63,7.80518
2023-03-26,GLP,115.0,7.80518
2023-03-26,Regular,31.45,7.80518
2023-03-26,Superior,33.04,7.80518
2023-03-27,Búnker,16.12,7.79869
2023-03-27,Diésel,30.01,7.79869
2023-03-27,GLP,115.0,7.79869
2023-03-27,Regular,31.88,7.79869
2023-03-27,Superior,33.49,7.79869
2023-03-28,Búnker,16.12,7.79912
2023-03-28,Diésel,30.01,7.79912
2023-03-28,GLP,115.0,7.79912
2023-03-28,Regular,31.88,7.79912
2023-03-28,Superior,33.49,7.79912
2023-03-29,Búnker,16.12,7.80317
2023-03-29,Diésel,30.01,7.80317
2023-03-29,GLP,115.0,7.80317
2023-03-29,Regular,31.88,7.80317
2023-03-29,Superior,33.49,7.80317
2023-03-30,Búnker,16.12,7.80234
2023-03-30,Diésel,30.01,7.80234
2023-03-30,GLP,115.0,7.80234
2023-03-30,Regular,31.88,7.80234
2023-03-30,Superior,33.49,7.80234
2023-03-31,Búnker,16.12,7.80335
2023-03-31,Diésel,30.01,7.80335
2023-03-31,GLP,115.0,7.80335
2023-03-31,Regular,31.88,7.80335
2023-03-31,Superior,33.49,7.80335
2023-04-01,Búnker,16.12,7.80335
2023-04-01,Diésel,30.01,7.80335
2023-04-01,GLP,115.0,7.80335
2023-04-01,Regular,31.88,7.80335
2023-04-01,Superior,33.49,7.80335
2023-04-02,Búnker,16.12,7.80335
2023-04-02,Diésel,30.01,7.80335
2023-04-02,GLP,115.0,7.80335
2023-04-02,Regular,31.88,7.80335
2023-04-02,Superior,33.49,7.80335
2023-04-03,Búnker,17.62,7.79691
2023-04-03,Diésel,30.02,7.79691
2023-04-03,GLP,115.0,7.79691
2023-04-03,Regular,32.86,7.79691
2023-04-03,Superior,34.46,7.79691
2023-04-04,Búnker,17.62,7.79431
2023-04-04,Diésel,30.02,7.79431
2023-04-04,GLP,115.0,7.79431
2023-04-04,Regular,32.86,7.79431
2023-04-04,Superior,34.46,7.79431
2023-04-05,Búnker,17.62,7.79329
2023-04-05,Diésel,30.02,7.79329
2023-04-05,GLP,115.0,7.79329
2023-04-05,Regular,32.86,7.79329
2023-04-05,Superior,34.46,7.79329
2023-04-06,Búnker,17.62,7.79329
2023-04-06,Diésel,30.02,7.79329
2023-04-06,GLP,115.0,7.79329
2023-04-06,Regular,32.86,7.79329
2023-04-06,Superior,34.46,7.79329
2023-04-07,Búnker,17.62,7.79329
2023-04-07,Diésel,30.02,7.79329
2023-04-07,GLP,115.0,7.79329
2023-04-07,Regular,32.86,7.79329
2023-04-07,Superior,34.46,7.79329
2023-04-08,Búnker,17.62,7.79329
2023-04-08,Diésel,30.02,7.79329
2023-04-08,GLP,115.0,7.79329
2023-04-08,Regular,32.86,7.79329
2023-04-08,Superior,34.46,7.79329
2023-04-09,Búnker,17.62,7.79329
2023-04-09,Diésel,30.02,7.79329
2023-04-09,GLP,115.0,7.79329
2023-04-09,Regular,32.86,7.79329
2023-04-09,Superior,34.46,7.79329
2023-04-10,Búnker,18.82,7.79921
2023-04-10,Diésel,30.0,7.79921
2023-04-10,GLP,115.0,7.79921
2023-04-10,Regular,33.4,7.79921
2023-04-10,Superior,34.99,7.79921
2023-04-11,Búnker,18.82,7.79501
2023-04-11,Diésel,30.0,7.79501
2023-04-11,GLP,115.0,7.79501
2023-04-11,Regular,33.4,7.79501
2023-04-11,Superior,34.99,7.79501
2023-04-12,Búnker,18.82,7.79866
2023-04-12,Diésel,30.0,7.79866
2023-04-12,GLP,115.0,7.79866
2023-04-12,Regular,33.4,7.79866
2023-04-12,Superior,34.99,7.79866
2023-04-13,Búnker,18.82,7.79625
2023-04-13,Diésel,30.0,7.79625
2023-04-13,GLP,115.0,7.79625
2023-04-13,Regular,33.4,7.79625
2023-04-13,Superior,34.99,7.79625
2023-04-14,Búnker,18.82,7.80261
2023-04-14,Diésel,30.0,7.80261
2023-04-14,GLP,115.0,7.80261
2023-04-14,Regular,33.4,7.80261
2023-04-14,Superior,34.99,7.80261
2023-04-15,Búnker,18.82,7.80261
2023-04-15,Diésel,30.0,7.80261
2023-04-15,GLP,115.0,7.80261
2023-04-15,Regular,33.4,7.80261
2023-04-15,Superior,34.99,7.80261
2023-04-16,Búnker,18.82,7.80261
2023-04-16,Diésel,30.0,7.80261
2023-04-16,GLP,115.0,7.80261
2023-04-16,Regular,33.4,7.80261
2023-04-16,Superior,34.99,7.80261
2023-04-17,Búnker,19.12,7.8006
2023-04-17,Diésel,29.78,7.8006
2023-04-17,GLP,115.0,7.8006
2023-04-17,Regular,34.36,7.8006
2023-04-17,Superior,35.98,7.8006
2023-04-18,Búnker,19.12,7.7967
2023-04-18,Diésel,29.78,7.7967
2023-04-18,GLP,115.0,7.7967
2023-04-18,Regular,34.36,7.7967
2023-04-18,Superior,35.98,7.7967
2023-04-19,Búnker,19.12,7.79898
2023-04-19,Diésel,29.78,7.79898
2023-04-19,GLP,115.0,7.79898
2023-04-19,Regular,34.36,7.79898
2023-04-19,Superior,35.98,7.79898
2023-04-20,Búnker,19.12,7.79925
2023-04-20,Diésel,29.78,7.79925
2023-04-20,GLP,115.0,7.79925
2023-04-20,Regular,34.36,7.79925
2023-04-20,Superior,35.98,7.79925
2023-04-21,Búnker,19.12,7.79964
2023-04-21,Diésel,29.78,7.79964
2023-04-21,GLP,115.0,7.79964
2023-04-21,Regular,34.36,7.79964
2023-04-21,Superior,35.98,7.79964
2023-04-22,Búnker,19.12,7.79964
2023-04-22,Diésel,29.78,7.79964
2023-04-22,GLP,115.0,7.79964
2023-04-22,Regular,34.36,7.79964
2023-04-22,Superior,35.98,7.79964
2023-04-23,Búnker,19.12,7.79964
2023-04-23,Diésel,29.78,7.79964
2023-04-23,GLP,115.0,7.79964
2023-04-23,Regular,34.36,7.79964
2023-04-23,Superior,35.98,7.79964
2023-04-24,Búnker,18.67,7.79702
2023-04-24,Diésel,29.32,7.79702
2023-04-24,GLP,115.0,7.79702
2023-04-24,Regular,34.31,7.79702
2023-04-24,Superior,35.91,7.79702
2023-04-25,Búnker,18.67,7.79572
2023-04-25,Diésel,29.32,7.79572
2023-04-25,GLP,115.0,7.79572
2023-04-25,Regular,34.31,7.79572
2023-04-25,Superior,35.91,7.79572
2023-04-26,Búnker,18.67,7.80198
2023-04-26,Diésel,29.32,7.80198
2023-04-26,GLP,115.0,7.80198
2023-04-26,Regular,34.31,7.80198
2023-04-26,Superior,35.91,7.80198
2023-04-27,Búnker,18.67,7.80424
2023-04-27,Diésel,29.32,7.80424
2023-04-27,GLP,115.0,7.80424
2023-04-27,Regular,34.31,7.80424
2023-04-27,Superior,35.91,7.80424
2023-04-28,Búnker,18.67,7.80826
2023-04-28,Diésel,29.32,7.80826
2023-04-28,GLP,115.0,7.80826
2023-04-28,Regular,34.31,7.80826
2023-04-28,Superior,35.91,7.80826
2023-04-29,Búnker,18.67,7.80826
2023-04-29,Diésel,29.32,7.80826
2023-04-29,GLP,115.0,7.80826
2023-04-29,Regular,34.31,7.80826
2023-04-29,Superior,35.91,7.80826
2023-04-30,Búnker,18.67,7.80826
2023-04-30,Diésel,29.32,7.80826
2023-04-30,GLP,115.0,7.80826
2023-04-30,Regular,34.31,7.80826
2023-04-30,Superior,35.91,7.80826
2023-05-01,Búnker,18.67,7.80826
2023-05-01,Diésel,29.32,7.80826
2023-05-01,GLP,115.0,7.80826
2023-05-01,Regular,34.31,7.80826
2023-05-01,Superior,35.91,7.80826
2023-05-02,Búnker,17.67,7.80055
2023-05-02,Diésel,28.43,7.80055
2023-05-02,GLP,115.0,7.80055
2023-05-02,Regular,33.46,7.80055
2023-05-02,Superior,35.08,7.80055
2023-05-03,Búnker,17.67,7.80673
2023-05-03,Diésel,28.43,7.80673
2023-05-03,GLP,115.0,7.80673
2023-05-03,Regular,33.46,7.80673
2023-05-03,Superior,35.08,7.80673
2023-05-04,Búnker,17.67,7.80938
2023-05-04,Diésel,28.43,7.80938
2023-05-04,GLP,115.0,7.80938
2023-05-04,Regular,33.46,7.80938
2023-05-04,Superior,35.08,7.80938
2023-05-05,Búnker,17.67,7.80739
2023-05-05,Diésel,28.43,7.80739
2023-05-05,GLP,115.0,7.80739
2023-05-05,Regular,33.46,7.80739
2023-05-05,Superior,35.08,7.80739
2023-05-06,Búnker,17.67,7.80739
2023-05-06,Diésel,28.43,7.80739
2023-05-06,GLP,115.0,7.80739
2023-05-06,Regular,33.46,7.80739
2023-05-06,Superior,35.08,7.80739
2023-05-07,Búnker,17.67,7.80739
2023-05-07,Diésel,28.43,7.80739
2023-05-07,GLP,115.0,7.80739
2023-05-07,Regular,33.46,7.80739
2023-05-07,Superior,35.08,7.80739
2023-05-08,Búnker,16.47,7.8028
2023-05-08,Diésel,27.68,7.8028
2023-05-08,GLP,115.0,7.8028
2023-05-08,Regular,32.8,7.8028
2023-05-08,Superior,34.31,7.8028
2023-05-09,Búnker,16.47,7.80568
2023-05-09,Diésel,27.68,7.80568
2023-05-09,GLP,115.0,7.80568
2023-05-09,Regular,32.8,7.80568
2023-05-09,Superior,34.31,7.80568
2023-05-10,Búnker,16.47,7.80601
2023-05-10,Diésel,27.68,7.80601
2023-05-10,GLP,115.0,7.80601
2023-05-10,Regular,32.8,7.80601
2023-05-10,Superior,34.31,7.80601
2023-05-11,Búnker,16.47,7.80379
2023-05-11,Diésel,27.68,7.80379
2023-05-11,GLP,115.0,7.80379
2023-05-11,Regular,32.8,7.80379
2023-05-11,Superior,34.31,7.80379
2023-05-12,Búnker,16.47,7.80649
2023-05-12,Diésel,27.68,7.80649
2023-05-12,GLP,115.0,7.80649
2023-05-12,Regular,32.8,7.80649
2023-05-12,Superior,34.31,7.80649
2023-05-13,Búnker,16.47,7.80649
2023-05-13,Diésel,27.68,7.80649
2023-05-13,GLP,115.0,7.80649
2023-05-13,Regular,32.8,7.80649
2023-05-13,Superior,34.31,7.80649
2023-05-14,Búnker,16.47,7.80649
2023-05-14,Diésel,27.68,7.80649
2023-05-14,GLP,115.0,7.80649
2023-05-14,Regular,32.8,7.80649
2023-05-14,Superior,34.31,7.80649
2023-05-15,Búnker,16.97,7.80223
2023-05-15,Diésel,27.02,7.80223
2023-05-15,GLP,115.0,7.80223
2023-05-15,Regular,31.98,7.80223
2023-05-15,Superior,33.49,7.80223
2023-05-16,Búnker,16.97,7.80323
2023-05-16,Diésel,27.02,7.80323
2023-05-16,GLP,115.0,7.80323
2023-05-16,Regular,31.98,7.80323
2023-05-16,Superior,33.49,7.80323
2023-05-17,Búnker,16.97,7.80156
2023-05-17,Diésel,27.02,7.80156
2023-05-17,GLP,115.0,7.80156
2023-05-17,Regular,31.98,7.80156
2023-05-17,Superior,33.49,7.80156
2023-05-18,Búnker,16.97,7.80495
2023-05-18,Diésel,27.02,7.80495
2023-05-18,GLP,115.0,7.80495
2023-05-18,Regular,31.98,7.80495
2023-05-18,Superior,33.49,7.80495
2023-05-19,Búnker,16.97,7.80399
2023-05-19,Diésel,27.02,7.80399
2023-05-19,GLP,115.0,7.80399
2023-05-19,Regular,31.98,7.80399
2023-05-19,Superior,33.49,7.80399
2023-05-20,Búnker,16.97,7.80399
2023-05-20,Diésel,27.02,7.80399
2023-05-20,GLP,115.0,7.80399
2023-05-20,Regular,31.98,7.80399
2023-05-20,Superior,33.49,7.80399
2023-05-21,Búnker,16.97,7.80399
2023-05-21,Diésel,27.02,7.80399
2023-05-21,GLP,115.0,7.80399
2023-05-21,Regular,31.98,7.80399
2023-05-21,Superior,33.49,7.80399
2023-05-22,Búnker,17.17,7.80453
2023-05-22,Diésel,27.01,7.80453
2023-05-22,GLP,115.0,7.80453
2023-05-22,Regular,31.97,7.80453
2023-05-22,Superior,33.35,7.80453
2023-05-23,Búnker,17.17,7.80354
2023-05-23,Diésel,27.01,7.80354
2023-05-23,GLP,115.0,7.80354
2023-05-23,Regular,31.97,7.80354
2023-05-23,Superior,33.35,7.80354
2023-05-24,Búnker,17.17,7.80974
2023-05-24,Diésel,27.01,7.80974
2023-05-24,GLP,115.0,7.80974
2023-05-24,Regular,31.97,7.80974
2023-05-24,Superior,33.35,7.80974
2023-05-25,Búnker,17.17,7.81685
2023-05-25,Diésel,27.01,7.81685
2023-05-25,GLP,115.0,7.81685
2023-05-25,Regular,31.97,7.81685
2023-05-25,Superior,33.35,7.81685
2023-05-26,Búnker,17.17,7.82145
2023-05-26,Diésel,27.01,7.82145
2023-05-26,GLP,115.0,7.82145
2023-05-26,Regular,31.97,7.82145
2023-05-26,Superior,33.35,7.82145
2023-05-27,Búnker,17.17,7.82145
2023-05-27,Diésel,27.01,7.82145
2023-05-27,GLP,115.0,7.82145
2023-05-27,Regular,31.97,7.82145
2023-05-27,Superior,33.35,7.82145
2023-05-28,Búnker,17.17,7.82145
2023-05-28,Diésel,27.01,7.82145
2023-05-28,GLP,115.0,7.82145
2023-05-28,Regular,31.97,7.82145
2023-05-28,Superior,33.35,7.82145
2023-05-29,Búnker,16.67,7.82029
2023-05-29,Diésel,27.0,7.82029
2023-05-29,GLP,115.0,7.82029
2023-05-29,Regular,31.99,7.82029
2023-05-29,Superior,33.3,7.82029
2023-05-30,Búnker,16.67,7.82886
2023-05-30,Diésel,27.0,7.82886
2023-05-30,GLP,115.0,7.82886
2023-05-30,Regular,31.99,7.82886
2023-05-30,Superior,33.3,7.82886
2023-05-31,Búnker,16.67,7.83014
2023-05-31,Diésel,27.0,7.83014
2023-05-31,GLP,115.0,7.83014
2023-05-31,Regular,31.99,7.83014
2023-05-31,Superior,33.3,7.83014
2023-06-01,Búnker,16.67,7.8366
2023-06-01,Diésel,27.0,7.8366
2023-06-01,GLP,115.0,7.8366
2023-06-01,Regular,31.99,7.8366
2023-06-01,Superior,33.3,7.8366
2023-06-02,Búnker,16.67,7.83809
2023-06-02,Diésel,27.0,7.83809
2023-06-02,GLP,115.0,7.83809
2023-06-02,Regular,31.99,7.83809
2023-06-02,Superior,33.3,7.83809
2023-06-03,Búnker,16.67,7.83809
2023-06-03,Diésel,27.0,7.83809
2023-06-03,GLP,115.0,7.83809
2023-06-03,Regular,31.99,7.83809
2023-06-03,Superior,33.3,7.83809
2023-06-04,Búnker,16.67,7.83809
2023-06-04,Diésel,27.0,7.83809
2023-06-04,GLP,115.0,7.83809
2023-06-04,Regular,31.99,7.83809
2023-06-04,Superior,33.3,7.83809
2023-06-05,Búnker,16.67,7.82959
2023-06-05,Diésel,26.56,7.82959
2023-06-05,GLP,115.0,7.82959
2023-06-05,Regular,31.97,7.82959
2023-06-05,Superior,33.3,7.82959
2023-06-06,Búnker,16.67,7.82919
2023-06-06,Diésel,26.56,7.82919
2023-06-06,GLP,115.0,7.82919
2023-06-06,Regular,31.97,7.82919
2023-06-06,Superior,33.3,7.82919
2023-06-07,Búnker,16.67,7.83743
2023-06-07,Diésel,26.56,7.83743
2023-06-07,GLP,115.0,7.83743
2023-06-07,Regular,31.97,7.83743
2023-06-07,Superior,33.3,7.83743
2023-06-08,Búnker,16.67,7.83755
2023-06-08,Diésel,26.56,7.83755
2023-06-08,GLP,115.0,7.83755
2023-06-08,Regular,31.97,7.83755
2023-06-08,Superior,33.3,7.83755
2023-06-09,Búnker,16.67,7.83852
2023-06-09,Diésel,26.56,7.83852
2023-06-09,GLP,115.0,7.83852
2023-06-09,Regular,31.97,7.83852
2023-06-09,Superior,33.3,7.83852
2023-06-10,Búnker,16.67,7.83852
2023-06-10,Diésel,26.56,7.83852
2023-06-10,GLP,115.0,7.83852
2023-06-10,Regular,31.97,7.83852
2023-06-10,Superior,33.3,7.83852
2023-06-11,Búnker,16.67,7.83852
2023-06-11,Diésel,26.56,7.83852
2023-06-11,GLP,115.0,7.83852
2023-06-11,Regular,31.97,7.83852
2023-06-11,Superior,33.3,7.83852
2023-06-12,Búnker,17.52,7.83317
2023-06-12,Diésel,26.3,7.83317
2023-06-12,GLP,115.0,7.83317
2023-06-12,Regular,31.78,7.83317
2023-06-12,Superior,33.1,7.83317
2023-06-13,Búnker,17.52,7.83321
2023-06-13,Diésel,26.3,7.83321
2023-06-13,GLP,115.0,7.83321
2023-06-13,Regular,31.78,7.83321
2023-06-13,Superior,33.1,7.83321
2023-06-14,Búnker,17.52,7.83379
2023-06-14,Diésel,26.3,7.83379
2023-06-14,GLP,115.0,7.83379
2023-06-14,Regular,31.78,7.83379
2023-06-14,Superior,33.1,7.83379
2023-06-15,Búnker,17.52,7.83909
2023-06-15,Diésel,26.3,7.83909
2023-06-15,GLP,115.0,7.83909
2023-06-15,Regular,31.78,7.83909
2023-06-15,Superior,33.1,7.83909
2023-06-16,Búnker,17.52,7.83924
2023-06-16,Diésel,26.3,7.83924
2023-06-16,GLP,135.0,7.83924
2023-06-16,Regular,31.78,7.83924
2023-06-16,Superior,33.1,7.83924
2023-06-17,Búnker,17.52,7.83924
2023-06-17,Diésel,26.3,7.83924
2023-06-17,GLP,135.0,7.83924
2023-06-17,Regular,31.78,7.83924
2023-06-17,Superior,33.1,7.83924
2023-06-18,Búnker,17.52,7.83924
2023-06-18,Diésel,26.3,7.83924
2023-06-18,GLP,135.0,7.83924
2023-06-18,Regular,31.78,7.83924
2023-06-18,Superior,33.1,7.83924
2023-06-19,Búnker,18.82,7.83373
2023-06-19,Diésel,26.25,7.83373
2023-06-19,GLP,135.0,7.83373
2023-06-19,Regular,31.79,7.83373
2023-06-19,Superior,33.08,7.83373
2023-06-20,Búnker,18.82,7.84215
2023-06-20,Diésel,26.25,7.84215
2023-06-20,GLP,135.0,7.84215
2023-06-20,Regular,31.79,7.84215
2023-06-20,Superior,33.08,7.84215
2023-06-21,Búnker,18.82,7.8377
2023-06-21,Diésel,26.25,7.8377
2023-06-21,GLP,135.0,7.8377
2023-06-21,Regular,31.79,7.8377
2023-06-21,Superior,33.08,7.8377
2023-06-22,Búnker,18.82,7.83963
2023-06-22,Diésel,26.25,7.83963
2023-06-22,GLP,135.0,7.83963
2023-06-22,Regular,31.79,7.83963
2023-06-22,Superior,33.08,7.83963
2023-06-23,Búnker,18.82,7.84308
2023-06-23,Diésel,26.25,7.84308
2023-06-23,GLP,135.0,7.84308
2023-06-23,Regular,31.79,7.84308
2023-06-23,Superior,33.08,7.84308
2023-06-24,Búnker,18.82,7.84308
2023-06-24,Diésel,26.25,7.84308
2023-06-24,GLP,135.0,7.84308
2023-06-24,Regular,31.79,7.84308
2023-06-24,Superior,33.08,7.84308
2023-06-25,Búnker,18.82,7.84308
2023-06-25,Diésel,26.25,7.84308
2023-06-25,GLP,135.0,7.84308
2023-06-25,Regular,31.79,7.84308
2023-06-25,Superior,33.08,7.84308
2023-06-26,Búnker,18.82,7.83445
2023-06-26,Diésel,26.25,7.83445
2023-06-26,GLP,135.0,7.83445
2023-06-26,Regular,31.79,7.83445
2023-06-26,Superior,33.08,7.83445
2023-06-27,Búnker,18.82,7.84069
2023-06-27,Diésel,27.0,7.84069
2023-06-27,GLP,135.0,7.84069
2023-06-27,Regular,32.66,7.84069
2023-06-27,Superior,34.16,7.84069
2023-06-28,Búnker,18.82,7.84326
2023-06-28,Diésel,27.0,7.84326
2023-06-28,GLP,135.0,7.84326
2023-06-28,Regular,32.66,7.84326
2023-06-28,Superior,34.16,7.84326
2023-06-29,Búnker,18.82,7.84576
2023-06-29,Diésel,27.0,7.84576
2023-06-29,GLP,135.0,7.84576
2023-06-29,Regular,32.66,7.84576
2023-06-29,Superior,34.16,7.84576
2023-06-30,Búnker,18.82,7.84576
2023-06-30,Diésel,27.0,7.84576
2023-06-30,GLP,135.0,7.84576
2023-06-30,Regular,32.66,7.84576
2023-06-30,Superior,34.16,7.84576
2023-07-01,Búnker,18.82,7.84576
2023-07-01,Diésel,27.0,7.84576
2023-07-01,GLP,135.0,7.84576
2023-07-01,Regular,32.66,7.84576
2023-07-01,Superior,34.16,7.84576
2023-07-02,Búnker,18.82,7.84576
2023-07-02,Diésel,27.0,7.84576
2023-07-02,GLP,135.0,7.84576
2023-07-02,Regular,32.66,7.84576
2023-07-02,Superior,34.16,7.84576
2023-07-03,Búnker,18.82,7.84576
2023-07-03,Diésel,27.0,7.84576
2023-07-03,GLP,135.0,7.84576
2023-07-03,Regular,32.66,7.84576
2023-07-03,Superior,34.16,7.84576
2023-07-04,Búnker,19.7,7.84107
2023-07-04,Diésel,26.97,7.84107
2023-07-04,GLP,135.0,7.84107
2023-07-04,Regular,32.01,7.84107
2023-07-04,Superior,33.52,7.84107
2023-07-05,Búnker,19.7,7.84545
2023-07-05,Diésel,26.97,7.84545
2023-07-05,GLP,135.0,7.84545
2023-07-05,Regular,32.01,7.84545
2023-07-05,Superior,33.52,7.84545
2023-07-06,Búnker,19.7,7.84564
2023-07-06,Diésel,26.97,7.84564
2023-07-06,GLP,135.0,7.84564
2023-07-06,Regular,32.01,7.84564
2023-07-06,Superior,33.52,7.84564
2023-07-07,Búnker,19.7,7.84717
2023-07-07,Diésel,26.97,7.84717
2023-07-07,GLP,135.0,7.84717
2023-07-07,Regular,32.01,7.84717
2023-07-07,Superior,33.52,7.84717
2023-07-08,Búnker,19.7,7.84717
2023-07-08,Diésel,26.97,7.84717
2023-07-08,GLP,135.0,7.84717
2023-07-08,Regular,32.01,7.84717
2023-07-08,Superior,33.52,7.84717
2023-07-09,Búnker,19.7,7.84717
2023-07-09,Diésel,26.97,7.84717
2023-07-09,GLP,135.0,7.84717
2023-07-09,Regular,32.01,7.84717
2023-07-09,Superior,33.52,7.84717
2023-07-10,Búnker,19.45,7.84097
2023-07-10,Diésel,26.96,7.84097
2023-07-10,GLP,135.0,7.84097
2023-07-10,Regular,32.01,7.84097
2023-07-10,Superior,33.51,7.84097
2023-07-11,Búnker,19.45,7.84161
2023-07-11,Diésel,26.96,7.84161
2023-07-11,GLP,135.0,7.84161
2023-07-11,Regular,32.01,7.84161
2023-07-11,Superior,33.51,7.84161
2023-07-12,Búnker,19.45,7.8457
2023-07-12,Diésel,26.96,7.8457
2023-07-12,GLP,135.0,7.8457
2023-07-12,Regular,32.01,7.8457
2023-07-12,Superior,33.51,7.8457
2023-07-13,Búnker,19.45,7.84314
2023-07-13,Diésel,26.96,7.84314
2023-07-13,GLP,135.0,7.84314
2023-07-13,Regular,32.01,7.84314
2023-07-13,Superior,33.51,7.84314
2023-07-14,Búnker,19.45,7.84812
2023-07-14,Diésel,26.96,7.84812
2023-07-14,GLP,135.0,7.84812
2023-07-14,Regular,32.01,7.84812
2023-07-14,Superior,33.51,7.84812
2023-07-15,Búnker,19.45,7.84812
2023-07-15,Diésel,26.96,7.84812
2023-07-15,GLP,135.0,7.84812
2023-07-15,Regular,32.01,7.84812
2023-07-15,Superior,33.51,7.84812
2023-07-16,Búnker,19.45,7.84812
2023-07-16,Diésel,26.96,7.84812
2023-07-16,GLP,135.0,7.84812
2023-07-16,Regular,32.01,7.84812
2023-07-16,Superior,33.51,7.84812
2023-07-17,Búnker,19.2,7.84281
2023-07-17,Diésel,27.47,7.84281
2023-07-17,GLP,135.0,7.84281
2023-07-17,Regular,32.28,7.84281
2023-07-17,Superior,33.78,7.84281
2023-07-18,Búnker,19.2,7.84349
2023-07-18,Diésel,27.47,7.84349
2023-07-18,GLP,135.0,7.84349
2023-07-18,Regular,32.28,7.84349
2023-07-18,Superior,33.78,7.84349
2023-07-19,Búnker,19.2,7.84612
2023-07-19,Diésel,27.47,7.84612
2023-07-19,GLP,135.0,7.84612
2023-07-19,Regular,32.28,7.84612
2023-07-19,Superior,33.78,7.84612
2023-07-20,Búnker,19.2,7.84814
2023-07-20,Diésel,27.47,7.84814
2023-07-20,GLP,135.0,7.84814
2023-07-20,Regular,32.28,7.84814
2023-07-20,Superior,33.78,7.84814
2023-07-21,Búnker,19.2,7.84913
2023-07-21,Diésel,27.47,7.84913
2023-07-21,GLP,135.0,7.84913
2023-07-21,Regular,32.28,7.84913
2023-07-21,Superior,33.78,7.84913
2023-07-22,Búnker,19.2,7.84913
2023-07-22,Diésel,27.47,7.84913
2023-07-22,GLP,135.0,7.84913
2023-07-22,Regular,32.28,7.84913
2023-07-22,Superior,33.78,7.84913
2023-07-23,Búnker,19.2,7.84913
2023-07-23,Diésel,27.47,7.84913
2023-07-23,GLP,135.0,7.84913
2023-07-23,Regular,32.28,7.84913
2023-07-23,Superior,33.78,7.84913
2023-07-24,Búnker,19.44,7.84918
2023-07-24,Diésel,28.47,7.84918
2023-07-24,GLP,135.0,7.84918
2023-07-24,Regular,33.28,7.84918
2023-07-24,Superior,34.78,7.84918
2023-07-25,Búnker,19.44,7.84857
2023-07-25,Diésel,28.47,7.84857
2023-07-25,GLP,135.0,7.84857
2023-07-25,Regular,33.28,7.84857
2023-07-25,Superior,34.78,7.84857
2023-07-26,Búnker,19.44,7.85244
2023-07-26,Diésel,28.47,7.85244
2023-07-26,GLP,135.0,7.85244
2023-07-26,Regular,33.28,7.85244
2023-07-26,Superior,34.78,7.85244
2023-07-27,Búnker,19.44,7.86393
2023-07-27,Diésel,28.47,7.86393
2023-07-27,GLP,135.0,7.86393
2023-07-27,Regular,33.28,7.86393
2023-07-27,Superior,34.78,7.86393
2023-07-28,Búnker,19.44,7.86955
2023-07-28,Diésel,28.47,7.86955
2023-07-28,GLP,135.0,7.86955
2023-07-28,Regular,33.28,7.86955
2023-07-28,Superior,34.78,7.86955
2023-07-29,Búnker,19.44,7.86955
2023-07-29,Diésel,28.47,7.86955
2023-07-29,GLP,135.0,7.86955
2023-07-29,Regular,33.28,7.86955
2023-07-29,Superior,34.78,7.86955
2023-07-30,Búnker,19.44,7.86955
2023-07-30,Diésel,28.47,7.86955
2023-07-30,GLP,135.0,7.86955
2023-07-30,Regular,33.28,7.86955
2023-07-30,Superior,34.78,7.86955
2023-07-31,Búnker,20.54,7.86893
2023-07-31,Diésel,29.68,7.86893
2023-07-31,GLP,135.0,7.86893
2023-07-31,Regular,34.77,7.86893
2023-07-31,Superior,36.28,7.86893
2023-08-01,Búnker,20.54,7.86466
2023-08-01,Diésel,29.68,7.86466
2023-08-01,GLP,135.0,7.86466
2023-08-01,Regular,34.77,7.86466
2023-08-01,Superior,36.28,7.86466
2023-08-02,Búnker,20.54,7.86984
2023-08-02,Diésel,29.68,7.86984
2023-08-02,GLP,135.0,7.86984
2023-08-02,Regular,34.77,7.86984
2023-08-02,Superior,36.28,7.86984
2023-08-03,Búnker,20.54,7.86853
2023-08-03,Diésel,29.68,7.86853
2023-08-03,GLP,135.0,7.86853
2023-08-03,Regular,34.77,7.86853
2023-08-03,Superior,36.28,7.86853
2023-08-04,Búnker,20.54,7.86956
2023-08-04,Diésel,29.68,7.86956
2023-08-04,GLP,135.0,7.86956
2023-08-04,Regular,34.77,7.86956
2023-08-04,Superior,36.28,7.86956
2023-08-05,Búnker,20.54,7.86956
2023-08-05,Diésel,29.68,7.86956
2023-08-05,GLP,135.0,7.86956
2023-08-05,Regular,34.77,7.86956
2023-08-05,Superior,36.28,7.86956
2023-08-06,Búnker,20.54,7.86956
2023-08-06,Diésel,29.68,7.86956
2023-08-06,GLP,135.0,7.86956
2023-08-06,Regular,34.77,7.86956
2023-08-06,Superior,36.28,7.86956
2023-08-07,Búnker,19.54,7.86202
2023-08-07,Diésel,30.97,7.86202
2023-08-07,GLP,135.0,7.86202
2023-08-07,Regular,35.97,7.86202
2023-08-07,Superior,37.47,7.86202
2023-08-08,Búnker,19.54,7.86093
2023-08-08,Diésel,30.97,7.86093
2023-08-08,GLP,135.0,7.86093
2023-08-08,Regular,35.97,7.86093
2023-08-08,Superior,37.47,7.86093
2023-08-09,Búnker,19.54,7.86111
2023-08-09,Diésel,30.97,7.86111
2023-08-09,GLP,135.0,7.86111
2023-08-09,Regular,35.97,7.86111
2023-08-09,Superior,37.47,7.86111
2023-08-10,Búnker,19.54,7.86178
2023-08-10,Diésel,30.97,7.86178
2023-08-10,GLP,135.0,7.86178
2023-08-10,Regular,35.97,7.86178
2023-08-10,Superior,37.47,7.86178
2023-08-11,Búnker,19.54,7.8577
2023-08-11,Diésel,30.97,7.8577
2023-08-11,GLP,135.0,7.8577
2023-08-11,Regular,35.97,7.8577
2023-08-11,Superior,37.47,7.8577
2023-08-12,Búnker,19.54,7.8577
2023-08-12,Diésel,30.97,7.8577
2023-08-12,GLP,135.0,7.8577
2023-08-12,Regular,35.97,7.8577
2023-08-12,Superior,37.47,7.8577
2023-08-13,Búnker,19.54,7.8577
2023-08-13,Diésel,30.97,7.8577
2023-08-13,GLP,135.0,7.8577
2023-08-13,Regular,35.97,7.8577
2023-08-13,Superior,37.47,7.8577
2023-08-14,Búnker,20.65,7.85084
2023-08-14,Diésel,31.89,7.85084
2023-08-14,GLP,135.0,7.85084
2023-08-14,Regular,35.97,7.85084
2023-08-14,Superior,37.47,7.85084
2023-08-15,Búnker,20.65,7.85084
2023-08-15,Diésel,31.89,7.85084
2023-08-15,GLP,135.0,7.85084
2023-08-15,Regular,35.97,7.85084
2023-08-15,Superior,37.47,7.85084
2023-08-16,Búnker,20.65,7.84999
2023-08-16,Diésel,31.89,7.84999
2023-08-16,GLP,135.0,7.84999
2023-08-16,Regular,35.97,7.84999
2023-08-16,Superior,37.47,7.84999
2023-08-17,Búnker,20.65,7.85065
2023-08-17,Diésel,31.89,7.85065
2023-08-17,GLP,135.0,7.85065
2023-08-17,Regular,35.97,7.85065
2023-08-17,Superior,37.47,7.85065
2023-08-18,Búnker,20.65,7.85081
2023-08-18,Diésel,31.89,7.85081
2023-08-18,GLP,135.0,7.85081
2023-08-18,Regular,35.97,7.85081
2023-08-18,Superior,37.47,7.85081
2023-08-19,Búnker,20.65,7.85081
2023-08-19,Diésel,31.89,7.85081
2023-08-19,GLP,135.0,7.85081
2023-08-19,Regular,35.97,7.85081
2023-08-19,Superior,37.47,7.85081
2023-08-20,Búnker,20.65,7.85081
2023-08-20,Diésel,31.89,7.85081
2023-08-20,GLP,135.0,7.85081
2023-08-20,Regular,35.97,7.85081
2023-08-20,Superior,37.47,7.85081
2023-08-21,Búnker,20.65,7.8485
2023-08-21,Diésel,31.89,7.8485
2023-08-21,GLP,135.0,7.8485
2023-08-21,Regular,35.97,7.8485
2023-08-21,Superior,37.47,7.8485
2023-08-22,Búnker,20.1,7.8476
2023-08-22,Diésel,31.65,7.8476
2023-08-22,GLP,135.0,7.8476
2023-08-22,Regular,35.66,7.8476
2023-08-22,Superior,37.16,7.8476
2023-08-23,Búnker,20.1,7.8527
2023-08-23,Diésel,31.65,7.8527
2023-08-23,GLP,135.0,7.8527
2023-08-23,Regular,35.66,7.8527
2023-08-23,Superior,37.16,7.8527
2023-08-24,Búnker,20.1,7.86094
2023-08-24,Diésel,31.65,7.86094
2023-08-24,GLP,135.0,7.86094
2023-08-24,Regular,35.66,7.86094
2023-08-24,Superior,37.16,7.86094
2023-08-25,Búnker,20.1,7.86352
2023-08-25,Diésel,31.65,7.86352
2023-08-25,GLP,135.0,7.86352
2023-08-25,Regular,35.66,7.86352
2023-08-25,Superior,37.16,7.86352
2023-08-26,Búnker,20.1,7.86352
2023-08-26,Diésel,31.65,7.86352
2023-08-26,GLP,135.0,7.86352
2023-08-26,Regular,35.66,7.86352
2023-08-26,Superior,37.16,7.86352
2023-08-27,Búnker,20.1,7.86352
2023-08-27,Diésel,31.65,7.86352
2023-08-27,GLP,135.0,7.86352
2023-08-27,Regular,35.66,7.86352
2023-08-27,Superior,37.16,7.86352
2023-08-28,Búnker,20.1,7.86209
2023-08-28,Diésel,32.9,7.86209
2023-08-28,GLP,135.0,7.86209
2023-08-28,Regular,35.76,7.86209
2023-08-28,Superior,37.26,7.86209
2023-08-29,Búnker,20.1,7.86456
2023-08-29,Diésel,32.9,7.86456
2023-08-29,GLP,135.0,7.86456
2023-08-29,Regular,35.76,7.86456
2023-08-29,Superior,37.26,7.86456
2023-08-30,Búnker,20.1,7.86564
2023-08-30,Diésel,32.9,7.86564
2023-08-30,GLP,135.0,7.86564
2023-08-30,Regular,35.76,7.86564
2023-08-30,Superior,37.26,7.86564
2023-08-31,Búnker,20.1,7.87154
2023-08-31,Diésel,32.9,7.87154
2023-08-31,GLP,135.0,7.87154
2023-08-31,Regular,35.76,7.87154
2023-08-31,Superior,37.26,7.87154
2023-09-01,Búnker,20.1,7.87138
2023-09-01,Diésel,32.9,7.87138
2023-09-01,GLP,135.0,7.87138
2023-09-01,Regular,35.76,7.87138
2023-09-01,Superior,37.26,7.87138
2023-09-02,Búnker,20.1,7.87138
2023-09-02,Diésel,32.9,7.87138
2023-09-02,GLP,135.0,7.87138
2023-09-02,Regular,35.76,7.87138
2023-09-02,Superior,37.26,7.87138
2023-09-03,Búnker,20.1,7.87138
2023-09-03,Diésel,32.9,7.87138
2023-09-03,GLP,135.0,7.87138
2023-09-03,Regular,35.76,7.87138
2023-09-03,Superior,37.26,7.87138
2023-09-04,Búnker,20.59,7.86255
2023-09-04,Diésel,32.82,7.86255
2023-09-04,GLP,135.0,7.86255
2023-09-04,Regular,35.77,7.86255
2023-09-04,Superior,37.28,7.86255
2023-09-05,Búnker,20.59,7.87296
2023-09-05,Diésel,32.82,7.87296
2023-09-05,GLP,135.0,7.87296
2023-09-05,Regular,35.77,7.87296
2023-09-05,Superior,37.28,7.87296
2023-09-06,Búnker,20.59,7.86522
2023-09-06,Diésel,32.82,7.86522
2023-09-06,GLP,135.0,7.86522
2023-09-06,Regular,35.77,7.86522
2023-09-06,Superior,37.28,7.86522
2023-09-07,Búnker,20.59,7.86869
2023-09-07,Diésel,32.82,7.86869
2023-09-07,GLP,135.0,7.86869
2023-09-07,Regular,35.77,7.86869
2023-09-07,Superior,37.28,7.86869
2023-09-08,Búnker,20.59,7.87425
2023-09-08,Diésel,32.82,7.87425
2023-09-08,GLP,135.0,7.87425
2023-09-08,Regular,35.77,7.87425
2023-09-08,Superior,37.28,7.87425
2023-09-09,Búnker,20.59,7.87425
2023-09-09,Diésel,32.82,7.87425
2023-09-09,GLP,135.0,7.87425
2023-09-09,Regular,35.77,7.87425
2023-09-09,Superior,37.28,7.87425
2023-09-10,Búnker,20.59,7.87425
2023-09-10,Diésel,32.82,7.87425
2023-09-10,GLP,135.0,7.87425
2023-09-10,Regular,35.77,7.87425
2023-09-10,Superior,37.28,7.87425
2023-09-11,Búnker,21.09,7.86798
2023-09-11,Diésel,32.52,7.86798
2023-09-11,GLP,135.0,7.86798
2023-09-11,Regular,35.42,7.86798
2023-09-11,Superior,36.91,7.86798
2023-09-12,Búnker,21.09,7.86925
2023-09-12,Diésel,32.52,7.86925
2023-09-12,GLP,135.0,7.86925
2023-09-12,Regular,35.42,7.86925
2023-09-12,Superior,36.91,7.86925
2023-09-13,Búnker,21.09,7.87316
2023-09-13,Diésel,32.52,7.87316
2023-09-13,GLP,135.0,7.87316
2023-09-13,Regular,35.42,7.87316
2023-09-13,Superior,36.91,7.87316
2023-09-14,Búnker,21.09,7.87117
2023-09-14,Diésel,32.52,7.87117
2023-09-14,GLP,135.0,7.87117
2023-09-14,Regular,35.42,7.87117
2023-09-14,Superior,36.91,7.87117
2023-09-15,Búnker,21.09,7.87117
2023-09-15,Diésel,32.52,7.87117
2023-09-15,GLP,135.0,7.87117
2023-09-15,Regular,35.42,7.87117
2023-09-15,Superior,36.91,7.87117
2023-09-16,Búnker,21.09,7.87117
2023-09-16,Diésel,32.52,7.87117
2023-09-16,GLP,135.0,7.87117
2023-09-16,Regular,35.42,7.87117
2023-09-16,Superior,36.91,7.87117
2023-09-17,Búnker,21.09,7.87117
2023-09-17,Diésel,32.52,7.87117
2023-09-17,GLP,135.0,7.87117
2023-09-17,Regular,35.42,7.87117
2023-09-17,Superior,36.91,7.87117
2023-09-18,Búnker,21.49,7.8674
2023-09-18,Diésel,33.91,7.8674
2023-09-18,GLP,135.0,7.8674
2023-09-18,Regular,35.4,7.8674
2023-09-18,Superior,36.88,7.8674
2023-09-19,Búnker,21.49,7.8655
2023-09-19,Diésel,33.91,7.8655
2023-09-19,GLP,135.0,7.8655
2023-09-19,Regular,35.4,7.8655
2023-09-19,Superior,36.88,7.8655
2023-09-20,Búnker,21.49,7.86598
2023-09-20,Diésel,33.91,7.86598
2023-09-20,GLP,135.0,7.86598
2023-09-20,Regular,35.4,7.86598
2023-09-20,Superior,36.88,7.86598
2023-09-21,Búnker,21.49,7.86641
2023-09-21,Diésel,33.91,7.86641
2023-09-21,GLP,135.0,7.86641
2023-09-21,Regular,35.4,7.86641
2023-09-21,Superior,36.88,7.86641
2023-09-22,Búnker,21.49,7.86623
2023-09-22,Diésel,33.91,7.86623
2023-09-22,GLP,135.0,7.86623
2023-09-22,Regular,35.4,7.86623
2023-09-22,Superior,36.88,7.86623
2023-09-23,Búnker,21.49,7.86623
2023-09-23,Diésel,33.91,7.86623
2023-09-23,GLP,135.0,7.86623
2023-09-23,Regular,35.4,7.86623
2023-09-23,Superior,36.88,7.86623
2023-09-24,Búnker,21.49,7.86623
2023-09-24,Diésel,33.91,7.86623
2023-09-24,GLP,135.0,7.86623
2023-09-24,Regular,35.4,7.86623
2023-09-24,Superior,36.88,7.86623
2023-09-25,Búnker,21.49,7.86259
2023-09-25,Diésel,34.6,7.86259
2023-09-25,GLP,135.0,7.86259
2023-09-25,Regular,35.82,7.86259
2023-09-25,Superior,37.31,7.86259
2023-09-26,Búnker,21.49,7.85984
2023-09-26,Diésel,34.6,7.85984
2023-09-26,GLP,135.0,7.85984
2023-09-26,Regular,35.82,7.85984
2023-09-26,Superior,37.31,7.85984
2023-09-27,Búnker,21.49,7.86021
2023-09-27,Diésel,34.6,7.86021
2023-09-27,GLP,135.0,7.86021
2023-09-27,Regular,35.82,7.86021
2023-09-27,Superior,37.31,7.86021
2023-09-28,Búnker,21.49,7.85906
2023-09-28,Diésel,34.6,7.85906
2023-09-28,GLP,135.0,7.85906
2023-09-28,Regular,35.82,7.85906
2023-09-28,Superior,37.31,7.85906
2023-09-29,Búnker,21.49,7.85833
2023-09-29,Diésel,34.6,7.85833
2023-09-29,GLP,135.0,7.85833
2023-09-29,Regular,35.82,7.85833
2023-09-29,Superior,37.31,7.85833
2023-09-30,Búnker,21.49,7.85833
2023-09-30,Diésel,34.6,7.85833
2023-09-30,GLP,135.0,7.85833
2023-09-30,Regular,35.82,7.85833
2023-09-30,Superior,37.31,7.85833
2023-10-01,Búnker,21.49,7.85833
2023-10-01,Diésel,34.6,7.85833
2023-10-01,GLP,135.0,7.85833
2023-10-01,Regular,35.82,7.85833
2023-10-01,Superior,37.31,7.85833
2023-10-02,Búnker,21.49,7.85164
2023-10-02,Diésel,34.42,7.85164
2023-10-02,GLP,135.0,7.85164
2023-10-02,Regular,35.12,7.85164
2023-10-02,Superior,36.62,7.85164
2023-10-03,Búnker,21.49,7.84984
2023-10-03,Diésel,34.42,7.84984
2023-10-03,GLP,135.0,7.84984
2023-10-03,Regular,35.12,7.84984
2023-10-03,Superior,36.62,7.84984
2023-10-04,Búnker,21.49,7.85072
2023-10-04,Diésel,34.42,7.85072
2023-10-04,GLP,135.0,7.85072
2023-10-04,Regular,35.12,7.85072
2023-10-04,Superior,36.62,7.85072
2023-10-05,Búnker,21.49,7.84522
2023-10-05,Diésel,34.42,7.84522
2023-10-05,GLP,135.0,7.84522
2023-10-05,Regular,35.12,7.84522
2023-10-05,Superior,36.62,7.84522
2023-10-06,Búnker,21.49,7.84518
2023-10-06,Diésel,34.42,7.84518
2023-10-06,GLP,135.0,7.84518
2023-10-06,Regular,35.12,7.84518
2023-10-06,Superior,36.62,7.84518
2023-10-07,Búnker,21.49,7.84518
2023-10-07,Diésel,34.42,7.84518
2023-10-07,GLP,135.0,7.84518
2023-10-07,Regular,35.12,7.84518
2023-10-07,Superior,36.62,7.84518
2023-10-08,Búnker,21.49,7.84518
2023-10-08,Diésel,34.42,7.84518
2023-10-08,GLP,135.0,7.84518
2023-10-08,Regular,35.12,7.84518
2023-10-08,Superior,36.62,7.84518
2023-10-09,Búnker,21.19,7.84317
2023-10-09,Diésel,33.96,7.84317
2023-10-09,GLP,135.0,7.84317
2023-10-09,Regular,34.16,7.84317
2023-10-09,Superior,35.66,7.84317
2023-10-10,Búnker,21.19,7.85032
2023-10-10,Diésel,33.96,7.85032
2023-10-10,GLP,135.0,7.85032
2023-10-10,Regular,34.16,7.85032
2023-10-10,Superior,35.66,7.85032
2023-10-11,Búnker,21.19,7.84107
2023-10-11,Diésel,33.96,7.84107
2023-10-11,GLP,135.0,7.84107
2023-10-11,Regular,34.16,7.84107
2023-10-11,Superior,35.66,7.84107
2023-10-12,Búnker,21.19,7.84107
2023-10-12,Diésel,33.96,7.84107
2023-10-12,GLP,135.0,7.84107
2023-10-12,Regular,34.16,7.84107
2023-10-12,Superior,35.66,7.84107
2023-10-13,Búnker,21.19,7.84314
2023-10-13,Diésel,33.96,7.84314
2023-10-13,GLP,135.0,7.84314
2023-10-13,Regular,34.16,7.84314
2023-10-13,Superior,35.66,7.84314
2023-10-14,Búnker,21.19,7.84314
2023-10-14,Diésel,33.96,7.84314
2023-10-14,GLP,135.0,7.84314
2023-10-14,Regular,34.16,7.84314
2023-10-14,Superior,35.66,7.84314
2023-10-15,Búnker,21.19,7.84314
2023-10-15,Diésel,33.96,7.84314
2023-10-15,GLP,135.0,7.84314
2023-10-15,Regular,34.16,7.84314
2023-10-15,Superior,35.66,7.84314
2023-10-16,Búnker,21.49,7.83895
2023-10-16,Diésel,33.99,7.83895
2023-10-16,GLP,135.0,7.83895
2023-10-16,Regular,34.25,7.83895
2023-10-16,Superior,35.75,7.83895
2023-10-17,Búnker,21.49,7.84116
2023-10-17,Diésel,33.99,7.84116
2023-10-17,GLP,135.0,7.84116
2023-10-17,Regular,34.25,7.84116
2023-10-17,Superior,35.75,7.84116
2023-10-18,Búnker,21.49,7.84075
2023-10-18,Diésel,33.99,7.84075
2023-10-18,GLP,135.0,7.84075
2023-10-18,Regular,34.25,7.84075
2023-10-18,Superior,35.75,7.84075
2023-10-19,Búnker,21.49,7.83984
2023-10-19,Diésel,33.99,7.83984
2023-10-19,GLP,135.0,7.83984
2023-10-19,Regular,34.25,7.83984
2023-10-19,Superior,35.75,7.83984
2023-10-20,Búnker,21.49,7.83984
2023-10-20,Diésel,33.99,7.83984
2023-10-20,GLP,135.0,7.83984
2023-10-20,Regular,34.25,7.83984
2023-10-20,Superior,35.75,7.83984
2023-10-21,Búnker,21.49,7.83984
2023-10-21,Diésel,33.99,7.83984
2023-10-21,GLP,135.0,7.83984
2023-10-21,Regular,34.25,7.83984
2023-10-21,Superior,35.75,7.83984
2023-10-22,Búnker,21.49,7.83984
2023-10-22,Diésel,33.99,7.83984
2023-10-22,GLP,135.0,7.83984
2023-10-22,Regular,34.25,7.83984
2023-10-22,Superior,35.75,7.83984
2023-10-23,Búnker,20.49,7.83653
2023-10-23,Diésel,33.41,7.83653
2023-10-23,GLP,135.0,7.83653
2023-10-23,Regular,33.83,7.83653
2023-10-23,Superior,35.33,7.83653
2023-10-24,Búnker,20.49,7.83386
2023-10-24,Diésel,33.41,7.83386
2023-10-24,GLP,135.0,7.83386
2023-10-24,Regular,33.83,7.83386
2023-10-24,Superior,35.33,7.83386
2023-10-25,Búnker,20.49,7.83807
2023-10-25,Diésel,33.41,7.83807
2023-10-25,GLP,135.0,7.83807
2023-10-25,Regular,33.83,7.83807
2023-10-25,Superior,35.33,7.83807
2023-10-26,Búnker,20.49,7.84253
2023-10-26,Diésel,33.41,7.84253
2023-10-26,GLP,135.0,7.84253
2023-10-26,Regular,33.83,7.84253
2023-10-26,Superior,35.33,7.84253
2023-10-27,Búnker,20.49,7.84232
2023-10-27,Diésel,33.41,7.84232
2023-10-27,GLP,135.0,7.84232
2023-10-27,Regular,33.83,7.84232
2023-10-27,Superior,35.33,7.84232
2023-10-28,Búnker,20.49,7.84232
2023-10-28,Diésel,33.41,7.84232
2023-10-28,GLP,135.0,7.84232
2023-10-28,Regular,33.83,7.84232
2023-10-28,Superior,35.33,7.84232
2023-10-29,Búnker,20.49,7.84232
2023-10-29,Diésel,33.41,7.84232
2023-10-29,GLP,135.0,7.84232
2023-10-29,Regular,33.83,7.84232
2023-10-29,Superior,35.33,7.84232
2023-10-30,Búnker,20.49,7.83714
2023-10-30,Diésel,32.8,7.83714
2023-10-30,GLP,135.0,7.83714
2023-10-30,Regular,32.99,7.83714
2023-10-30,Superior,34.52,7.83714
2023-10-31,Búnker,20.49,7.83252
2023-10-31,Diésel,32.8,7.83252
2023-10-31,GLP,135.0,7.83252
2023-10-31,Regular,32.99,7.83252
2023-10-31,Superior,34.52,7.83252
2023-11-01,Búnker,20.49,7.83252
2023-11-01,Diésel,32.8,7.83252
2023-11-01,GLP,135.0,7.83252
2023-11-01,Regular,32.99,7.83252
2023-11-01,Superior,34.52,7.83252
2023-11-02,Búnker,20.49,7.8322
2023-11-02,Diésel,32.8,7.8322
2023-11-02,GLP,135.0,7.8322
2023-11-02,Regular,32.99,7.8322
2023-11-02,Superior,34.52,7.8322
2023-11-03,Búnker,20.49,7.83155
2023-11-03,Diésel,32.8,7.83155
2023-11-03,GLP,135.0,7.83155
2023-11-03,Regular,32.99,7.83155
2023-11-03,Superior,34.52,7.83155
2023-11-04,Búnker,20.49,7.83155
2023-11-04,Diésel,32.8,7.83155
2023-11-04,GLP,135.0,7.83155
2023-11-04,Regular,32.99,7.83155
2023-11-04,Superior,34.52,7.83155
2023-11-05,Búnker,20.49,7.83155
2023-11-05,Diésel,32.8,7.83155
2023-11-05,GLP,135.0,7.83155
2023-11-05,Regular,32.99,7.83155
2023-11-05,Superior,34.52,7.83155
2023-11-06,Búnker,19.49,7.82741
2023-11-06,Diésel,32.31,7.82741
2023-11-06,GLP,135.0,7.82741
2023-11-06,Regular,31.28,7.82741
2023-11-06,Superior,32.79,7.82741
2023-11-07,Búnker,19.49,7.82629
2023-11-07,Diésel,32.31,7.82629
2023-11-07,GLP,135.0,7.82629
2023-11-07,Regular,31.28,7.82629
2023-11-07,Superior,32.79,7.82629
2023-11-08,Búnker,19.49,7.82423
2023-11-08,Diésel,32.31,7.82423
2023-11-08,GLP,135.0,7.82423
2023-11-08,Regular,31.28,7.82423
2023-11-08,Superior,32.79,7.82423
2023-11-09,Búnker,19.49,7.82695
2023-11-09,Diésel,32.31,7.82695
2023-11-09,GLP,135.0,7.82695
2023-11-09,Regular,31.28,7.82695
2023-11-09,Superior,32.79,7.82695
2023-11-10,Búnker,19.49,7.82558
2023-11-10,Diésel,32.31,7.82558
2023-11-10,GLP,135.0,7.82558
2023-11-10,Regular,31.28,7.82558
2023-11-10,Superior,32.79,7.82558
2023-11-11,Búnker,19.49,7.82558
2023-11-11,Diésel,32.31,7.82558
2023-11-11,GLP,135.0,7.82558
2023-11-11,Regular,31.28,7.82558
2023-11-11,Superior,32.79,7.82558
2023-11-12,Búnker,19.49,7.82558
2023-11-12,Diésel,32.31,7.82558
2023-11-12,GLP,135.0,7.82558
2023-11-12,Regular,31.28,7.82558
2023-11-12,Superior,32.79,7.82558
2023-11-13,Búnker,18.49,7.82473
2023-11-13,Diésel,31.61,7.82473
2023-11-13,GLP,135.0,7.82473
2023-11-13,Regular,29.85,7.82473
2023-11-13,Superior,31.34,7.82473
2023-11-14,Búnker,18.49,7.82179
2023-11-14,Diésel,31.61,7.82179
2023-11-14,GLP,135.0,7.82179
2023-11-14,Regular,29.85,7.82179
2023-11-14,Superior,31.34,7.82179
2023-11-15,Búnker,18.49,7.82751
2023-11-15,Diésel,31.61,7.82751
2023-11-15,GLP,135.0,7.82751
2023-11-15,Regular,29.85,7.82751
2023-11-15,Superior,31.34,7.82751
2023-11-16,Búnker,18.49,7.82592
2023-11-16,Diésel,31.61,7.82592
2023-11-16,GLP,135.0,7.82592
2023-11-16,Regular,29.85,7.82592
2023-11-16,Superior,31.34,7.82592
2023-11-17,Búnker,18.49,7.82871
2023-11-17,Diésel,31.61,7.82871
2023-11-17,GLP,135.0,7.82871
2023-11-17,Regular,29.85,7.82871
2023-11-17,Superior,31.34,7.82871
2023-11-18,Búnker,18.49,7.82871
2023-11-18,Diésel,31.61,7.82871
2023-11-18,GLP,135.0,7.82871
2023-11-18,Regular,29.85,7.82871
2023-11-18,Superior,31.34,7.82871
2023-11-19,Búnker,18.49,7.82871
2023-11-19,Diésel,31.61,7.82871
2023-11-19,GLP,135.0,7.82871
2023-11-19,Regular,29.85,7.82871
2023-11-19,Superior,31.34,7.82871
2023-11-20,Búnker,18.49,7.82311
2023-11-20,Diésel,30.58,7.82311
2023-11-20,GLP,135.0,7.82311
2023-11-20,Regular,28.52,7.82311
2023-11-20,Superior,29.99,7.82311
2023-11-21,Búnker,18.49,7.82524
2023-11-21,Diésel,30.58,7.82524
2023-11-21,GLP,135.0,7.82524
2023-11-21,Regular,28.52,7.82524
2023-11-21,Superior,29.99,7.82524
2023-11-22,Búnker,18.49,7.82627
2023-11-22,Diésel,30.58,7.82627
2023-11-22,GLP,135.0,7.82627
2023-11-22,Regular,28.52,7.82627
2023-11-22,Superior,29.99,7.82627
2023-11-23,Búnker,18.49,7.82738
2023-11-23,Diésel,30.58,7.82738
2023-11-23,GLP,135.0,7.82738
2023-11-23,Regular,28.52,7.82738
2023-11-23,Superior,29.99,7.82738
2023-11-24,Búnker,18.49,7.82859
2023-11-24,Diésel,30.58,7.82859
2023-11-24,GLP,135.0,7.82859
2023-11-24,Regular,28.52,7.82859
2023-11-24,Superior,29.99,7.82859
2023-11-25,Búnker,18.49,7.82859
2023-11-25,Diésel,30.58,7.82859
2023-11-25,GLP,135.0,7.82859
2023-11-25,Regular,28.52,7.82859
2023-11-25,Superior,29.99,7.82859
2023-11-26,Búnker,18.49,7.82859
2023-11-26,Diésel,30.58,7.82859
2023-11-26,GLP,135.0,7.82859
2023-11-26,Regular,28.52,7.82859
2023-11-26,Superior,29.99,7.82859
2023-11-27,Búnker,19.49,7.82568
2023-11-27,Diésel,29.97,7.82568
2023-11-27,GLP,135.0,7.82568
2023-11-27,Regular,28.49,7.82568
2023-11-27,Superior,29.98,7.82568
2023-11-28,Búnker,19.49,7.82371
2023-11-28,Diésel,29.97,7.82371
2023-11-28,GLP,135.0,7.82371
2023-11-28,Regular,28.49,7.82371
2023-11-28,Superior,29.98,7.82371
2023-11-29,Búnker,19.49,7.82878
2023-11-29,Diésel,29.97,7.82878
2023-11-29,GLP,135.0,7.82878
2023-11-29,Regular,28.49,7.82878
2023-11-29,Superior,29.98,7.82878
2023-11-30,Búnker,19.49,7.82836
2023-11-30,Diésel,29.97,7.82836
2023-11-30,GLP,135.0,7.82836
2023-11-30,Regular,28.49,7.82836
2023-11-30,Superior,29.98,7.82836
2023-12-01,Búnker,19.49,7.82702
2023-12-01,Diésel,29.97,7.82702
2023-12-01,GLP,135.0,7.82702
2023-12-01,Regular,28.49,7.82702
2023-12-01,Superior,29.98,7.82702
2023-12-02,Búnker,19.49,7.82702
2023-12-02,Diésel,29.97,7.82702
2023-12-02,GLP,135.0,7.82702
2023-12-02,Regular,28.49,7.82702
2023-12-02,Superior,29.98,7.82702
2023-12-03,Búnker,19.49,7.82702
2023-12-03,Diésel,29.97,7.82702
2023-12-03,GLP,135.0,7.82702
2023-12-03,Regular,28.49,7.82702
2023-12-03,Superior,29.98,7.82702
2023-12-04,Búnker,18.99,7.823
2023-12-04,Diésel,29.97,7.823
2023-12-04,GLP,135.0,7.823
2023-12-04,Regular,28.49,7.823
2023-12-04,Superior,29.98,7.823
2023-12-05,Búnker,18.99,7.8243
2023-12-05,Diésel,29.97,7.8243
2023-12-05,GLP,135.0,7.8243
2023-12-05,Regular,28.49,7.8243
2023-12-05,Superior,29.98,7.8243
2023-12-06,Búnker,18.99,7.82262
2023-12-06,Diésel,29.97,7.82262
2023-12-06,GLP,135.0,7.82262
2023-12-06,Regular,28.49,7.82262
2023-12-06,Superior,29.98,7.82262
2023-12-07,Búnker,18.99,7.82636
2023-12-07,Diésel,29.97,7.82636
2023-12-07,GLP,135.0,7.82636
2023-12-07,Regular,28.49,7.82636
2023-12-07,Superior,29.98,7.82636
2023-12-08,Búnker,18.99,7.82393
2023-12-08,Diésel,29.97,7.82393
2023-12-08,GLP,135.0,7.82393
2023-12-08,Regular,28.49,7.82393
2023-12-08,Superior,29.98,7.82393
2023-12-09,Búnker,18.99,7.82393
2023-12-09,Diésel,29.97,7.82393
2023-12-09,GLP,135.0,7.82393
2023-12-09,Regular,28.49,7.82393
2023-12-09,Superior,29.98,7.82393
2023-12-10,Búnker,18.99,7.82393
2023-12-10,Diésel,29.97,7.82393
2023-12-10,GLP,135.0,7.82393
2023-12-10,Regular,28.49,7.82393
2023-12-10,Superior,29.98,7.82393
2023-12-11,Búnker,18.99,7.82128
2023-12-11,Diésel,29.11,7.82128
2023-12-11,GLP,135.0,7.82128
2023-12-11,Regular,27.65,7.82128
2023-12-11,Superior,29.13,7.82128
2023-12-12,Búnker,18.99,7.82288
2023-12-12,Diésel,29.11,7.82288
2023-12-12,GLP,135.0,7.82288
2023-12-12,Regular,27.65,7.82288
2023-12-12,Superior,29.13,7.82288
2023-12-13,Búnker,18.99,7.82022
2023-12-13,Diésel,29.11,7.82022
2023-12-13,GLP,135.0,7.82022
2023-12-13,Regular,27.65,7.82022
2023-12-13,Superior,29.13,7.82022
2023-12-14,Búnker,18.99,7.82158
2023-12-14,Diésel,29.11,7.82158
2023-12-14,GLP,135.0,7.82158
2023-12-14,Regular,27.65,7.82158
2023-12-14,Superior,29.13,7.82158
2023-12-15,Búnker,18.99,7.82399
2023-12-15,Diésel,29.11,7.82399
2023-12-15,GLP,135.0,7.82399
2023-12-15,Regular,27.65,7.82399
2023-12-15,Superior,29.13,7.82399
2023-12-16,Búnker,18.99,7.82399
2023-12-16,Diésel,29.11,7.82399
2023-12-16,GLP,135.0,7.82399
2023-12-16,Regular,27.65,7.82399
2023-12-16,Superior,29.13,7.82399
2023-12-17,Búnker,18.99,7.82399
2023-12-17,Diésel,29.11,7.82399
2023-12-17,GLP,135.0,7.82399
2023-12-17,Regular,27.65,7.82399
2023-12-17,Superior,29.13,7.82399
2023-12-18,Búnker,18.99,7.82053
2023-12-18,Diésel,28.62,7.82053
2023-12-18,GLP,115.0,7.82053
2023-12-18,Regular,27.15,7.82053
2023-12-18,Superior,28.65,7.82053
2023-12-19,Búnker,18.99,7.81987
2023-12-19,Diésel,28.62,7.81987
2023-12-19,GLP,115.0,7.81987
2023-12-19,Regular,27.15,7.81987
2023-12-19,Superior,28.65,7.81987
2023-12-20,Búnker,18.99,7.81999
2023-12-20,Diésel,28.62,7.81999
2023-12-20,GLP,115.0,7.81999
2023-12-20,Regular,27.15,7.81999
2023-12-20,Superior,28.65,7.81999
2023-12-21,Búnker,18.99,7.82248
2023-12-21,Diésel,28.62,7.82248
2023-12-21,GLP,115.0,7.82248
2023-12-21,Regular,27.15,7.82248
2023-12-21,Superior,28.65,7.82248
2023-12-22,Búnker,18.99,7.82434
2023-12-22,Diésel,28.62,7.82434
2023-12-22,GLP,115.0,7.82434
2023-12-22,Regular,27.15,7.82434
2023-12-22,Superior,28.65,7.82434
2023-12-23,Búnker,18.99,7.82434
2023-12-23,Diésel,28.62,7.82434
2023-12-23,GLP,115.0,7.82434
2023-12-23,Regular,27.15,7.82434
2023-12-23,Superior,28.65,7.82434
2023-12-24,Búnker,18.99,7.82434
2023-12-24,Diésel,28.62,7.82434
2023-12-24,GLP,115.0,7.82434
2023-12-24,Regular,27.15,7.82434
2023-12-24,Superior,28.65,7.82434
2023-12-25,Búnker,18.99,7.82434
2023-12-25,Diésel,28.62,7.82434
2023-12-25,GLP,115.0,7.82434
2023-12-25,Regular,27.15,7.82434
2023-12-25,Superior,28.65,7.82434
2023-12-26,Búnker,18.99,7.83014
2023-12-26,Diésel,28.62,7.83014
2023-12-26,GLP,115.0,7.83014
2023-12-26,Regular,27.15,7.83014
2023-12-26,Superior,28.65,7.83014
2023-12-27,Búnker,18.99,7.8235
2023-12-27,Diésel,29.47,7.8235
2023-12-27,GLP,115.0,7.8235
2023-12-27,Regular,28.95,7.8235
2023-12-27,Superior,30.44,7.8235
2023-12-28,Búnker,18.99,7.82702
2023-12-28,Diésel,29.47,7.82702
2023-12-28,GLP,115.0,7.82702
2023-12-28,Regular,28.95,7.82702
2023-12-28,Superior,30.44,7.82702
2023-12-29,Búnker,18.99,7.82702
2023-12-29,Diésel,29.47,7.82702
2023-12-29,GLP,115.0,7.82702
2023-12-29,Regular,28.95,7.82702
2023-12-29,Superior,30.44,7.82702
2023-12-30,Búnker,18.99,7.82702
2023-12-30,Diésel,29.47,7.82702
2023-12-30,GLP,115.0,7.82702
2023-12-30,Regular,28.95,7.82702
2023-12-30,Superior,30.44,7.82702
2023-12-31,Búnker,18.99,7.82702
2023-12-31,Diésel,29.47,7.82702
2023-12-31,GLP,115.0,7.82702
2023-12-31,Regular,28.95,7.82702
2023-12-31,Superior,30.44,7.82702
2024-01-01,Búnker,18.99,7.82702
2024-01-01,Diésel,29.47,7.82702
2024-01-01,GLP,115.0,7.82702
2024-01-01,Regular,28.95,7.82702
2024-01-01,Superior,30.44,7.82702
2024-01-02,Búnker,18.99,7.82481
2024-01-02,Diésel,29.47,7.82481
2024-01-02,GLP,115.0,7.82481
2024-01-02,Regular,28.95,7.82481
2024-01-02,Superior,30.44,7.82481
2024-01-03,Búnker,18.99,7.82445
2024-01-03,Diésel,29.48,7.82445
2024-01-03,GLP,115.0,7.82445
2024-01-03,Regular,28.97,7.82445
2024-01-03,Superior,30.47,7.82445
2024-01-04,Búnker,18.99,7.82409
2024-01-04,Diésel,29.48,7.82409
2024-01-04,GLP,115.0,7.82409
2024-01-04,Regular,28.97,7.82409
2024-01-04,Superior,30.47,7.82409
2024-01-05,Búnker,18.99,7.82322
2024-01-05,Diésel,29.48,7.82322
2024-01-05,GLP,115.0,7.82322
2024-01-05,Regular,28.97,7.82322
2024-01-05,Superior,30.47,7.82322
2024-01-06,Búnker,18.99,7.82322
2024-01-06,Diésel,29.48,7.82322
2024-01-06,GLP,115.0,7.82322
2024-01-06,Regular,28.97,7.82322
2024-01-06,Superior,30.47,7.82322
2024-01-07,Búnker,18.99,7.82322
2024-01-07,Diésel,29.48,7.82322
2024-01-07,GLP,115.0,7.82322
2024-01-07,Regular,28.97,7.82322
2024-01-07,Superior,30.47,7.82322
2024-01-08,Búnker,18.99,7.81941
2024-01-08,Diésel,29.48,7.81941
2024-01-08,GLP,115.0,7.81941
2024-01-08,Regular,28.97,7.81941
2024-01-08,Superior,30.47,7.81941
2024-01-09,Búnker,18.99,7.81686
2024-01-09,Diésel,29.48,7.81686
2024-01-09,GLP,115.0,7.81686
2024-01-09,Regular,28.97,7.81686
2024-01-09,Superior,30.47,7.81686
2024-01-10,Búnker,18.99,7.82016
2024-01-10,Diésel,29.48,7.82016
2024-01-10,GLP,115.0,7.82016
2024-01-10,Regular,28.97,7.82016
2024-01-10,Superior,30.47,7.82016
2024-01-11,Búnker,18.99,7.81767
2024-01-11,Diésel,29.48,7.81767
2024-01-11,GLP,115.0,7.81767
2024-01-11,Regular,28.97,7.81767
2024-01-11,Superior,30.47,7.81767
2024-01-12,Búnker,18.99,7.82083
2024-01-12,Diésel,29.48,7.82083
2024-01-12,GLP,115.0,7.82083
2024-01-12,Regular,28.97,7.82083
2024-01-12,Superior,30.47,7.82083
2024-01-13,Búnker,18.99,7.82083
2024-01-13,Diésel,29.48,7.82083
2024-01-13,GLP,115.0,7.82083
2024-01-13,Regular,28.97,7.82083
2024-01-13,Superior,30.47,7.82083
2024-01-14,Búnker,18.99,7.82083
2024-01-14,Diésel,29.48,7.82083
2024-01-14,GLP,115.0,7.82083
2024-01-14,Regular,28.97,7.82083
2024-01-14,Superior,30.47,7.82083
2024-01-15,Búnker,18.49,7.81224
2024-01-15,Diésel,28.55,7.81224
2024-01-15,GLP,115.0,7.81224
2024-01-15,Regular,28.79,7.81224
2024-01-15,Superior,30.29,7.81224
2024-01-16,Búnker,18.49,7.81402
2024-01-16,Diésel,28.55,7.81402
2024-01-16,GLP,115.0,7.81402
2024-01-16,Regular,28.79,7.81402
2024-01-16,Superior,30.29,7.81402
2024-01-17,Búnker,18.49,7.81651
2024-01-17,Diésel,28.55,7.81651
2024-01-17,GLP,115.0,7.81651
2024-01-17,Regular,28.79,7.81651
2024-01-17,Superior,30.29,7.81651
2024-01-18,Búnker,18.49,7.81988
2024-01-18,Diésel,28.55,7.81988
2024-01-18,GLP,115.0,7.81988
2024-01-18,Regular,28.79,7.81988
2024-01-18,Superior,30.29,7.81988
2024-01-19,Búnker,18.49,7.81782
2024-01-19,Diésel,28.55,7.81782
2024-01-19,GLP,115.0,7.81782
2024-01-19,Regular,28.79,7.81782
2024-01-19,Superior,30.29,7.81782
2024-01-20,Búnker,18.49,7.81782
2024-01-20,Diésel,28.55,7.81782
2024-01-20,GLP,115.0,7.81782
2024-01-20,Regular,28.79,7.81782
2024-01-20,Superior,30.29,7.81782
2024-01-21,Búnker,18.49,7.81782
2024-01-21,Diésel,28.55,7.81782
2024-01-21,GLP,115.0,7.81782
2024-01-21,Regular,28.79,7.81782
2024-01-21,Superior,30.29,7.81782
2024-01-22,Búnker,17.99,7.81494
2024-01-22,Diésel,29.11,7.81494
2024-01-22,GLP,115.0,7.81494
2024-01-22,Regular,29.39,7.81494
2024-01-22,Superior,30.9,7.81494
2024-01-23,Búnker,17.99,7.81473
2024-01-23,Diésel,29.11,7.81473
2024-01-23,GLP,115.0,7.81473
2024-01-23,Regular,29.39,7.81473
2024-01-23,Superior,30.9,7.81473
2024-01-24,Búnker,17.99,7.81578
2024-01-24,Diésel,29.11,7.81578
2024-01-24,GLP,115.0,7.81578
2024-01-24,Regular,29.39,7.81578
2024-01-24,Superior,30.9,7.81578
2024-01-25,Búnker,17.99,7.8187
2024-01-25,Diésel,29.11,7.8187
2024-01-25,GLP,115.0,7.8187
2024-01-25,Regular,29.39,7.8187
2024-01-25,Superior,30.9,7.8187
2024-01-26,Búnker,17.99,7.81541
2024-01-26,Diésel,29.11,7.81541
2024-01-26,GLP,115.0,7.81541
2024-01-26,Regular,29.39,7.81541
2024-01-26,Superior,30.9,7.81541
2024-01-27,Búnker,17.99,7.81541
2024-01-27,Diésel,29.11,7.81541
2024-01-27,GLP,115.0,7.81541
2024-01-27,Regular,29.39,7.81541
2024-01-27,Superior,30.9,7.81541
2024-01-28,Búnker,17.99,7.81541
2024-01-28,Diésel,29.11,7.81541
2024-01-28,GLP,115.0,7.81541
2024-01-28,Regular,29.39,7.81541
2024-01-28,Superior,30.9,7.81541
2024-01-29,Búnker,17.99,7.81382
2024-01-29,Diésel,29.19,7.81382
2024-01-29,GLP,115.0,7.81382
2024-01-29,Regular,29.48,7.81382
2024-01-29,Superior,30.97,7.81382
2024-01-30,Búnker,17.99,7.81142
2024-01-30,Diésel,29.19,7.81142
2024-01-30,GLP,115.0,7.81142
2024-01-30,Regular,29.48,7.81142
2024-01-30,Superior,30.97,7.81142
2024-01-31,Búnker,17.99,7.81454
2024-01-31,Diésel,29.19,7.81454
2024-01-31,GLP,115.0,7.81454
2024-01-31,Regular,29.48,7.81454
2024-01-31,Superior,30.97,7.81454
2024-02-01,Búnker,17.99,7.81252
2024-02-01,Diésel,29.19,7.81252
2024-02-01,GLP,115.0,7.81252
2024-02-01,Regular,29.48,7.81252
2024-02-01,Superior,30.97,7.81252
2024-02-02,Búnker,17.99,7.81323
2024-02-02,Diésel,29.19,7.81323
2024-02-02,GLP,115.0,7.81323
2024-02-02,Regular,29.48,7.81323
2024-02-02,Superior,30.97,7.81323
2024-02-03,Búnker,17.99,7.81323
2024-02-03,Diésel,29.19,7.81323
2024-02-03,GLP,115.0,7.81323
2024-02-03,Regular,29.48,7.81323
2024-02-03,Superior,30.97,7.81323
2024-02-04,Búnker,17.99,7.81323
2024-02-04,Diésel,29.19,7.81323
2024-02-04,GLP,115.0,7.81323
2024-02-04,Regular,29.48,7.81323
2024-02-04,Superior,30.97,7.81323
2024-02-05,Búnker,17.99,7.81166
2024-02-05,Diésel,30.44,7.81166
2024-02-05,GLP,115.0,7.81166
2024-02-05,Regular,29.96,7.81166
2024-02-05,Superior,31.46,7.81166
2024-02-06,Búnker,17.99,7.81149
2024-02-06,Diésel,30.44,7.81149
2024-02-06,GLP,115.0,7.81149
2024-02-06,Regular,29.96,7.81149
2024-02-06,Superior,31.46,7.81149
2024-02-07,Búnker,17.99,7.81172
2024-02-07,Diésel,30.44,7.81172
2024-02-07,GLP,115.0,7.81172
2024-02-07,Regular,29.96,7.81172
2024-02-07,Superior,31.46,7.81172
2024-02-08,Búnker,17.99,7.81098
2024-02-08,Diésel,30.44,7.81098
2024-02-08,GLP,115.0,7.81098
2024-02-08,Regular,29.96,7.81098
2024-02-08,Superior,31.46,7.81098
2024-02-09,Búnker,17.99,7.80938
2024-02-09,Diésel,30.44,7.80938
2024-02-09,GLP,115.0,7.80938
2024-02-09,Regular,29.96,7.80938
2024-02-09,Superior,31.46,7.80938
2024-02-10,Búnker,17.99,7.80938
2024-02-10,Diésel,30.44,7.80938
2024-02-10,GLP,115.0,7.80938
2024-02-10,Regular,29.96,7.80938
2024-02-10,Superior,31.46,7.80938
2024-02-11,Búnker,17.99,7.80938
2024-02-11,Diésel,30.44,7.80938
2024-02-11,GLP,115.0,7.80938
2024-02-11,Regular,29.96,7.80938
2024-02-11,Superior,31.46,7.80938
2024-02-12,Búnker,17.49,7.80661
2024-02-12,Diésel,30.47,7.80661
2024-02-12,GLP,115.0,7.80661
2024-02-12,Regular,29.97,7.80661
2024-02-12,Superior,31.47,7.80661
2024-02-13,Búnker,17.49,7.80679
2024-02-13,Diésel,30.47,7.80679
2024-02-13,GLP,115.0,7.80679
2024-02-13,Regular,29.97,7.80679
2024-02-13,Superior,31.47,7.80679
2024-02-14,Búnker,17.49,7.8062
2024-02-14,Diésel,30.47,7.8062
2024-02-14,GLP,115.0,7.8062
2024-02-14,Regular,29.97,7.8062
2024-02-14,Superior,31.47,7.8062
2024-02-15,Búnker,17.49,7.80652
2024-02-15,Diésel,30.47,7.80652
2024-02-15,GLP,115.0,7.80652
2024-02-15,Regular,29.97,7.80652
2024-02-15,Superior,31.47,7.80652
2024-02-16,Búnker,17.49,7.81128
2024-02-16,Diésel,30.47,7.81128
2024-02-16,GLP,115.0,7.81128
2024-02-16,Regular,29.97,7.81128
2024-02-16,Superior,31.47,7.81128
2024-02-17,Búnker,17.49,7.81128
2024-02-17,Diésel,30.47,7.81128
2024-02-17,GLP,115.0,7.81128
2024-02-17,Regular,29.97,7.81128
2024-02-17,Superior,31.47,7.81128
2024-02-18,Búnker,17.49,7.81128
2024-02-18,Diésel,30.47,7.81128
2024-02-18,GLP,115.0,7.81128
2024-02-18,Regular,29.97,7.81128
2024-02-18,Superior,31.47,7.81128
2024-02-19,Búnker,17.69,7.8033
2024-02-19,Diésel,30.98,7.8033
2024-02-19,GLP,115.0,7.8033
2024-02-19,Regular,30.48,7.8033
2024-02-19,Superior,31.97,7.8033
2024-02-20,Búnker,17.69,7.81046
2024-02-20,Diésel,30.98,7.81046
2024-02-20,GLP,115.0,7.81046
2024-02-20,Regular,30.48,7.81046
2024-02-20,Superior,31.97,7.81046
2024-02-21,Búnker,17.69,7.81151
2024-02-21,Diésel,30.98,7.81151
2024-02-21,GLP,115.0,7.81151
2024-02-21,Regular,30.48,7.81151
2024-02-21,Superior,31.97,7.81151
2024-02-22,Búnker,17.69,7.81327
2024-02-22,Diésel,30.98,7.81327
2024-02-22,GLP,115.0,7.81327
2024-02-22,Regular,30.48,7.81327
2024-02-22,Superior,31.97,7.81327
2024-02-23,Búnker,17.69,7.81274
2024-02-23,Diésel,30.98,7.81274
2024-02-23,GLP,115.0,7.81274
2024-02-23,Regular,30.48,7.81274
2024-02-23,Superior,31.97,7.81274
2024-02-24,Búnker,17.69,7.81274
2024-02-24,Diésel,30.98,7.81274
2024-02-24,GLP,115.0,7.81274
2024-02-24,Regular,30.48,7.81274
2024-02-24,Superior,31.97,7.81274
2024-02-25,Búnker,17.69,7.81274
2024-02-25,Diésel,30.98,7.81274
2024-02-25,GLP,115.0,7.81274
2024-02-25,Regular,30.48,7.81274
2024-02-25,Superior,31.97,7.81274
2024-02-26,Búnker,17.89,7.80942
2024-02-26,Diésel,30.97,7.80942
2024-02-26,GLP,115.0,7.80942
2024-02-26,Regular,30.95,7.80942
2024-02-26,Superior,32.45,7.80942
2024-02-27,Búnker,17.89,7.81045
2024-02-27,Diésel,30.97,7.81045
2024-02-27,GLP,115.0,7.81045
2024-02-27,Regular,30.95,7.81045
2024-02-27,Superior,32.45,7.81045
2024-02-28,Búnker,17.89,7.81473
2024-02-28,Diésel,30.97,7.81473
2024-02-28,GLP,115.0,7.81473
2024-02-28,Regular,30.95,7.81473
2024-02-28,Superior,32.45,7.81473
2024-02-29,Búnker,17.89,7.81768
2024-02-29,Diésel,30.97,7.81768
2024-02-29,GLP,115.0,7.81768
2024-02-29,Regular,30.95,7.81768
2024-02-29,Superior,32.45,7.81768
2024-03-01,Búnker,17.89,7.81835
2024-03-01,Diésel,30.97,7.81835
2024-03-01,GLP,115.0,7.81835
2024-03-01,Regular,30.95,7.81835
2024-03-01,Superior,32.45,7.81835
2024-03-02,Búnker,17.89,7.81835
2024-03-02,Diésel,30.97,7.81835
2024-03-02,GLP,115.0,7.81835
2024-03-02,Regular,30.95,7.81835
2024-03-02,Superior,32.45,7.81835
2024-03-03,Búnker,17.89,7.81835
2024-03-03,Diésel,30.97,7.81835
2024-03-03,GLP,115.0,7.81835
2024-03-03,Regular,30.95,7.81835
2024-03-03,Superior,32.45,7.81835
2024-03-04,Búnker,18.09,7.80899
2024-03-04,Diésel,30.7,7.80899
2024-03-04,GLP,115.0,7.80899
2024-03-04,Regular,31.4,7.80899
2024-03-04,Superior,32.89,7.80899
2024-03-05,Búnker,18.09,7.80618
2024-03-05,Diésel,30.7,7.80618
2024-03-05,GLP,115.0,7.80618
2024-03-05,Regular,31.4,7.80618
2024-03-05,Superior,32.89,7.80618
2024-03-06,Búnker,18.09,7.81174
2024-03-06,Diésel,30.7,7.81174
2024-03-06,GLP,115.0,7.81174
2024-03-06,Regular,31.4,7.81174
2024-03-06,Superior,32.89,7.81174
2024-03-07,Búnker,18.09,7.80744
2024-03-07,Diésel,30.7,7.80744
2024-03-07,GLP,115.0,7.80744
2024-03-07,Regular,31.4,7.80744
2024-03-07,Superior,32.89,7.80744
2024-03-08,Búnker,18.09,7.80954
2024-03-08,Diésel,30.7,7.80954
2024-03-08,GLP,115.0,7.80954
2024-03-08,Regular,31.4,7.80954
2024-03-08,Superior,32.89,7.80954
2024-03-09,Búnker,18.09,7.80954
2024-03-09,Diésel,30.7,7.80954
2024-03-09,GLP,115.0,7.80954
2024-03-09,Regular,31.4,7.80954
2024-03-09,Superior,32.89,7.80954
2024-03-10,Búnker,18.09,7.80954
2024-03-10,Diésel,30.7,7.80954
2024-03-10,GLP,115.0,7.80954
2024-03-10,Regular,31.4,7.80954
2024-03-10,Superior,32.89,7.80954
2024-03-11,Búnker,18.29,7.80453
2024-03-11,Diésel,30.15,7.80453
2024-03-11,GLP,115.0,7.80453
2024-03-11,Regular,31.92,7.80453
2024-03-11,Superior,33.42,7.80453
2024-03-12,Búnker,18.29,7.80502
2024-03-12,Diésel,30.15,7.80502
2024-03-12,GLP,115.0,7.80502
2024-03-12,Regular,31.92,7.80502
2024-03-12,Superior,33.42,7.80502
2024-03-13,Búnker,18.29,7.80439
2024-03-13,Diésel,30.15,7.80439
2024-03-13,GLP,115.0,7.80439
2024-03-13,Regular,31.92,7.80439
2024-03-13,Superior,33.42,7.80439
2024-03-14,Búnker,18.29,7.80143
2024-03-14,Diésel,30.15,7.80143
2024-03-14,GLP,115.0,7.80143
2024-03-14,Regular,31.92,7.80143
2024-03-14,Superior,33.42,7.80143
2024-03-15,Búnker,18.29,7.80777
2024-03-15,Diésel,30.15,7.80777
2024-03-15,GLP,115.0,7.80777
2024-03-15,Regular,31.92,7.80777
2024-03-15,Superior,33.42,7.80777
2024-03-16,Búnker,18.29,7.80777
2024-03-16,Diésel,30.15,7.80777
2024-03-16,GLP,115.0,7.80777
2024-03-16,Regular,31.92,7.80777
2024-03-16,Superior,33.42,7.80777
2024-03-17,Búnker,18.29,7.80777
2024-03-17,Diésel,30.15,7.80777
2024-03-17,GLP,115.0,7.80777
2024-03-17,Regular,31.92,7.80777
2024-03-17,Superior,33.42,7.80777
2024-03-18,Búnker,18.89,7.80118
2024-03-18,Diésel,29.56,7.80118
2024-03-18,GLP,115.0,7.80118
2024-03-18,Regular,32.96,7.80118
2024-03-18,Superior,34.46,7.80118
2024-03-19,Búnker,18.89,7.79934
2024-03-19,Diésel,29.56,7.79934
2024-03-19,GLP,115.0,7.79934
2024-03-19,Regular,32.96,7.79934
2024-03-19,Superior,34.46,7.79934
2024-03-20,Búnker,18.89,7.79631
2024-03-20,Diésel,29.56,7.79631
2024-03-20,GLP,115.0,7.79631
2024-03-20,Regular,32.96,7.79631
2024-03-20,Superior,34.46,7.79631
2024-03-21,Búnker,18.89,7.79873
2024-03-21,Diésel,29.56,7.79873
2024-03-21,GLP,115.0,7.79873
2024-03-21,Regular,32.96,7.79873
2024-03-21,Superior,34.46,7.79873
2024-03-22,Búnker,18.89,7.80164
2024-03-22,Diésel,29.56,7.80164
2024-03-22,GLP,115.0,7.80164
2024-03-22,Regular,32.96,7.80164
2024-03-22,Superior,34.46,7.80164
2024-03-23,Búnker,18.89,7.80164
2024-03-23,Diésel,29.56,7.80164
2024-03-23,GLP,115.0,7.80164
2024-03-23,Regular,32.96,7.80164
2024-03-23,Superior,34.46,7.80164
2024-03-24,Búnker,18.89,7.80164
2024-03-24,Diésel,29.56,7.80164
2024-03-24,GLP,115.0,7.80164
2024-03-24,Regular,32.96,7.80164
2024-03-24,Superior,34.46,7.80164
2024-03-25,Búnker,19.59,7.79277
2024-03-25,Diésel,29.48,7.79277
2024-03-25,GLP,115.0,7.79277
2024-03-25,Regular,33.4,7.79277
2024-03-25,Superior,34.95,7.79277
2024-03-26,Búnker,19.59,7.79012
2024-03-26,Diésel,29.48,7.79012
2024-03-26,GLP,115.0,7.79012
2024-03-26,Regular,33.4,7.79012
2024-03-26,Superior,34.95,7.79012
2024-03-27,Búnker,19.59,7.79165
2024-03-27,Diésel,29.48,7.79165
2024-03-27,GLP,115.0,7.79165
2024-03-27,Regular,33.4,7.79165
2024-03-27,Superior,34.95,7.79165
2024-03-28,Búnker,19.59,7.79165
2024-03-28,Diésel,29.48,7.79165
2024-03-28,GLP,115.0,7.79165
2024-03-28,Regular,33.4,7.79165
2024-03-28,Superior,34.95,7.79165
2024-03-29,Búnker,19.59,7.79165
2024-03-29,Diésel,29.48,7.79165
2024-03-29,GLP,115.0,7.79165
2024-03-29,Regular,33.4,7.79165
2024-03-29,Superior,34.95,7.79165
2024-03-30,Búnker,19.59,7.79165
2024-03-30,Diésel,29.48,7.79165
2024-03-30,GLP,115.0,7.79165
2024-03-30,Regular,33.4,7.79165
2024-03-30,Superior,34.95,7.79165
2024-03-31,Búnker,19.59,7.79165
2024-03-31,Diésel,29.48,7.79165
2024-03-31,GLP,115.0,7.79165
2024-03-31,Regular,33.4,7.79165
2024-03-31,Superior,34.95,7.79165
2024-04-01,Búnker,17.89,7.79234
2024-04-01,Diésel,29.48,7.79234
2024-04-01,GLP,115.0,7.79234
2024-04-01,Regular,33.48,7.79234
2024-04-01,Superior,34.98,7.79234
2024-04-02,Búnker,17.89,7.78814
2024-04-02,Diésel,29.48,7.78814
2024-04-02,GLP,115.0,7.78814
2024-04-02,Regular,33.48,7.78814
2024-04-02,Superior,34.98,7.78814
2024-04-03,Búnker,17.89,7.79092
2024-04-03,Diésel,29.48,7.79092
2024-04-03,GLP,115.0,7.79092
2024-04-03,Regular,33.48,7.79092
2024-04-03,Superior,34.98,7.79092
2024-04-04,Búnker,17.89,7.78751
2024-04-04,Diésel,29.48,7.78751
2024-04-04,GLP,115.0,7.78751
2024-04-04,Regular,33.48,7.78751
2024-04-04,Superior,34.98,7.78751
2024-04-05,Búnker,17.89,7.7854
2024-04-05,Diésel,29.48,7.7854
2024-04-05,GLP,115.0,7.7854
2024-04-05,Regular,33.48,7.7854
2024-04-05,Superior,34.98,7.7854
2024-04-06,Búnker,17.89,7.7854
2024-04-06,Diésel,29.48,7.7854
2024-04-06,GLP,115.0,7.7854
2024-04-06,Regular,33.48,7.7854
2024-04-06,Superior,34.98,7.7854
2024-04-07,Búnker,17.89,7.7854
2024-04-07,Diésel,29.48,7.7854
2024-04-07,GLP,115.0,7.7854
2024-04-07,Regular,33.48,7.7854
2024-04-07,Superior,34.98,7.7854
2024-04-08,Búnker,19.59,7.78505
2024-04-08,Diésel,30.21,7.78505
2024-04-08,GLP,115.0,7.78505
2024-04-08,Regular,34.14,7.78505
2024-04-08,Superior,35.64,7.78505
2024-04-09,Búnker,19.59,7.77785
2024-04-09,Diésel,30.21,7.77785
2024-04-09,GLP,115.0,7.77785
2024-04-09,Regular,34.14,7.77785
2024-04-09,Superior,35.64,7.77785
2024-04-10,Búnker,19.59,7.78365
2024-04-10,Diésel,30.21,7.78365
2024-04-10,GLP,115.0,7.78365
2024-04-10,Regular,34.14,7.78365
2024-04-10,Superior,35.64,7.78365
2024-04-11,Búnker,19.59,7.78253
2024-04-11,Diésel,30.21,7.78253
2024-04-11,GLP,115.0,7.78253
2024-04-11,Regular,34.14,7.78253
2024-04-11,Superior,35.64,7.78253
2024-04-12,Búnker,19.59,7.77944
2024-04-12,Diésel,30.21,7.77944
2024-04-12,GLP,115.0,7.77944
2024-04-12,Regular,34.14,7.77944
2024-04-12,Superior,35.64,7.77944
2024-04-13,Búnker,19.59,7.77944
2024-04-13,Diésel,30.21,7.77944
2024-04-13,GLP,115.0,7.77944
2024-04-13,Regular,34.14,7.77944
2024-04-13,Superior,35.64,7.77944
2024-04-14,Búnker,19.59,7.77944
2024-04-14,Diésel,30.21,7.77944
2024-04-14,GLP,115.0,7.77944
2024-04-14,Regular,34.14,7.77944
2024-04-14,Superior,35.64,7.77944
2024-04-15,Búnker,19.29,7.77181
2024-04-15,Diésel,30.17,7.77181
2024-04-15,GLP,115.0,7.77181
2024-04-15,Regular,34.18,7.77181
2024-04-15,Superior,35.68,7.77181
2024-04-16,Búnker,19.29,7.77527
2024-04-16,Diésel,30.17,7.77527
2024-04-16,GLP,115.0,7.77527
2024-04-16,Regular,34.18,7.77527
2024-04-16,Superior,35.68,7.77527
2024-04-17,Búnker,19.29,7.77342
2024-04-17,Diésel,30.17,7.77342
2024-04-17,GLP,115.0,7.77342
2024-04-17,Regular,34.18,7.77342
2024-04-17,Superior,35.68,7.77342
2024-04-18,Búnker,19.29,7.77951
2024-04-18,Diésel,30.17,7.77951
2024-04-18,GLP,115.0,7.77951
2024-04-18,Regular,34.18,7.77951
2024-04-18,Superior,35.68,7.77951
2024-04-19,Búnker,19.29,7.77815
2024-04-19,Diésel,30.17,7.77815
2024-04-19,GLP,115.0,7.77815
2024-04-19,Regular,34.18,7.77815
2024-04-19,Superior,35.68,7.77815
2024-04-20,Búnker,19.29,7.77815
2024-04-20,Diésel,30.17,7.77815
2024-04-20,GLP,115.0,7.77815
2024-04-20,Regular,34.18,7.77815
2024-04-20,Superior,35.68,7.77815
2024-04-21,Búnker,19.29,7.77815
2024-04-21,Diésel,30.17,7.77815
2024-04-21,GLP,115.0,7.77815
2024-04-21,Regular,34.18,7.77815
2024-04-21,Superior,35.68,7.77815
2024-04-22,Búnker,19.89,7.77084
2024-04-22,Diésel,29.81,7.77084
2024-04-22,GLP,115.0,7.77084
2024-04-22,Regular,33.67,7.77084
2024-04-22,Superior,35.17,7.77084
2024-04-23,Búnker,19.89,7.77111
2024-04-23,Diésel,29.81,7.77111
2024-04-23,GLP,115.0,7.77111
2024-04-23,Regular,33.67,7.77111
2024-04-23,Superior,35.17,7.77111
2024-04-24,Búnker,19.89,7.78057
2024-04-24,Diésel,29.81,7.78057
2024-04-24,GLP,115.0,7.78057
2024-04-24,Regular,33.67,7.78057
2024-04-24,Superior,35.17,7.78057
2024-04-25,Búnker,19.89,7.7753
2024-04-25,Diésel,29.81,7.7753
2024-04-25,GLP,115.0,7.7753
2024-04-25,Regular,33.67,7.7753
2024-04-25,Superior,35.17,7.7753
2024-04-26,Búnker,19.89,7.77641
2024-04-26,Diésel,29.81,7.77641
2024-04-26,GLP,115.0,7.77641
2024-04-26,Regular,33.67,7.77641
2024-04-26,Superior,35.17,7.77641
2024-04-27,Búnker,19.89,7.77641
2024-04-27,Diésel,29.81,7.77641
2024-04-27,GLP,115.0,7.77641
2024-04-27,Regular,33.67,7.77641
2024-04-27,Superior,35.17,7.77641
2024-04-28,Búnker,19.89,7.77641
2024-04-28,Diésel,29.81,7.77641
2024-04-28,GLP,115.0,7.77641
2024-04-28,Regular,33.67,7.77641
2024-04-28,Superior,35.17,7.77641
2024-04-29,Búnker,20.19,7.77011
2024-04-29,Diésel,29.24,7.77011
2024-04-29,GLP,115.0,7.77011
2024-04-29,Regular,33.06,7.77011
2024-04-29,Superior,34.51,7.77011
2024-04-30,Búnker,20.19,7.77182
2024-04-30,Diésel,29.24,7.77182
2024-04-30,GLP,115.0,7.77182
2024-04-30,Regular,33.06,7.77182
2024-04-30,Superior,34.51,7.77182
2024-05-01,Búnker,20.19,7.77182
2024-05-01,Diésel,29.24,7.77182
2024-05-01,GLP,115.0,7.77182
2024-05-01,Regular,33.06,7.77182
2024-05-01,Superior,34.51,7.77182
2024-05-02,Búnker,20.19,7.7732
2024-05-02,Diésel,29.24,7.7732
2024-05-02,GLP,115.0,7.7732
2024-05-02,Regular,33.06,7.7732
2024-05-02,Superior,34.51,7.7732
2024-05-03,Búnker,20.19,7.77465
2024-05-03,Diésel,29.24,7.77465
2024-05-03,GLP,115.0,7.77465
2024-05-03,Regular,33.06,7.77465
2024-05-03,Superior,34.51,7.77465
2024-05-04,Búnker,20.19,7.77465
2024-05-04,Diésel,29.24,7.77465
2024-05-04,GLP,115.0,7.77465
2024-05-04,Regular,33.06,7.77465
2024-05-04,Superior,34.51,7.77465
2024-05-05,Búnker,20.19,7.77465
2024-05-05,Diésel,29.24,7.77465
2024-05-05,GLP,115.0,7.77465
2024-05-05,Regular,33.06,7.77465
2024-05-05,Superior,34.51,7.77465
2024-05-06,Búnker,21.69,7.76736
2024-05-06,Diésel,28.86,7.76736
2024-05-06,GLP,115.0,7.76736
2024-05-06,Regular,32.67,7.76736
2024-05-06,Superior,34.17,7.76736
2024-05-07,Búnker,21.69,7.76738
2024-05-07,Diésel,28.86,7.76738
2024-05-07,GLP,115.0,7.76738
2024-05-07,Regular,32.67,7.76738
2024-05-07,Superior,34.17,7.76738
2024-05-08,Búnker,21.69,7.76697
2024-05-08,Diésel,28.86,7.76697
2024-05-08,GLP,115.0,7.76697
2024-05-08,Regular,32.67,7.76697
2024-05-08,Superior,34.17,7.76697
2024-05-09,Búnker,21.69,7.76473
2024-05-09,Diésel,28.86,7.76473
2024-05-09,GLP,115.0,7.76473
2024-05-09,Regular,32.67,7.76473
2024-05-09,Superior,34.17,7.76473
2024-05-10,Búnker,21.69,7.76748
2024-05-10,Diésel,28.86,7.76748
2024-05-10,GLP,115.0,7.76748
2024-05-10,Regular,32.67,7.76748
2024-05-10,Superior,34.17,7.76748
2024-05-11,Búnker,21.69,7.76748
2024-05-11,Diésel,28.86,7.76748
2024-05-11,GLP,115.0,7.76748
2024-05-11,Regular,32.67,7.76748
2024-05-11,Superior,34.17,7.76748
2024-05-12,Búnker,21.69,7.76748
2024-05-12,Diésel,28.86,7.76748
2024-05-12,GLP,115.0,7.76748
2024-05-12,Regular,32.67,7.76748
2024-05-12,Superior,34.17,7.76748
2024-05-13,Búnker,21.69,7.76288
2024-05-13,Diésel,28.3,7.76288
2024-05-13,GLP,115.0,7.76288
2024-05-13,Regular,32.11,7.76288
2024-05-13,Superior,33.61,7.76288
2024-05-14,Búnker,21.69,7.76071
2024-05-14,Diésel,28.3,7.76071
2024-05-14,GLP,115.0,7.76071
2024-05-14,Regular,32.11,7.76071
2024-05-14,Superior,33.61,7.76071
2024-05-15,Búnker,21.69,7.76407
2024-05-15,Diésel,28.3,7.76407
2024-05-15,GLP,115.0,7.76407
2024-05-15,Regular,32.11,7.76407
2024-05-15,Superior,33.61,7.76407
2024-05-16,Búnker,21.69,7.77139
2024-05-16,Diésel,28.3,7.77139
2024-05-16,GLP,115.0,7.77139
2024-05-16,Regular,32.11,7.77139
2024-05-16,Superior,33.61,7.77139
2024-05-17,Búnker,21.69,7.76584
2024-05-17,Diésel,28.3,7.76584
2024-05-17,GLP,115.0,7.76584
2024-05-17,Regular,32.11,7.76584
2024-05-17,Superior,33.61,7.76584
2024-05-18,Búnker,21.69,7.76584
2024-05-18,Diésel,28.3,7.76584
2024-05-18,GLP,115.0,7.76584
2024-05-18,Regular,32.11,7.76584
2024-05-18,Superior,33.61,7.76584
2024-05-19,Búnker,21.69,7.76584
2024-05-19,Diésel,28.3,7.76584
2024-05-19,GLP,115.0,7.76584
2024-05-19,Regular,32.11,7.76584
2024-05-19,Superior,33.61,7.76584
2024-05-20,Búnker,21.69,7.75929
2024-05-20,Diésel,27.88,7.75929
2024-05-20,GLP,115.0,7.75929
2024-05-20,Regular,31.51,7.75929
2024-05-20,Superior,33.01,7.75929
2024-05-21,Búnker,21.69,7.76599
2024-05-21,Diésel,27.88,7.76599
2024-05-21,GLP,115.0,7.76599
2024-05-21,Regular,31.51,7.76599
2024-05-21,Superior,33.01,7.76599
2024-05-22,Búnker,21.69,7.76775
2024-05-22,Diésel,27.88,7.76775
2024-05-22,GLP,115.0,7.76775
2024-05-22,Regular,31.51,7.76775
2024-05-22,Superior,33.01,7.76775
2024-05-23,Búnker,21.69,7.76412
2024-05-23,Diésel,27.88,7.76412
2024-05-23,GLP,115.0,7.76412
2024-05-23,Regular,31.51,7.76412
2024-05-23,Superior,33.01,7.76412
2024-05-24,Búnker,21.69,7.77052
2024-05-24,Diésel,27.88,7.77052
2024-05-24,GLP,115.0,7.77052
2024-05-24,Regular,31.51,7.77052
2024-05-24,Superior,33.01,7.77052
2024-05-25,Búnker,21.69,7.77052
2024-05-25,Diésel,27.88,7.77052
2024-05-25,GLP,115.0,7.77052
2024-05-25,Regular,31.51,7.77052
2024-05-25,Superior,33.01,7.77052
2024-05-26,Búnker,21.69,7.77052
2024-05-26,Diésel,27.88,7.77052
2024-05-26,GLP,115.0,7.77052
2024-05-26,Regular,31.51,7.77052
2024-05-26,Superior,33.01,7.77052
2024-05-27,Búnker,21.69,7.76498
2024-05-27,Diésel,27.63,7.76498
2024-05-27,GLP,115.0,7.76498
2024-05-27,Regular,31.37,7.76498
2024-05-27,Superior,32.88,7.76498
2024-05-28,Búnker,21.69,7.7674
2024-05-28,Diésel,27.63,7.7674
2024-05-28,GLP,115.0,7.7674
2024-05-28,Regular,31.37,7.7674
2024-05-28,Superior,32.88,7.7674
2024-05-29,Búnker,21.69,7.77129
2024-05-29,Diésel,27.63,7.77129
2024-05-29,GLP,115.0,7.77129
2024-05-29,Regular,31.37,7.77129
2024-05-29,Superior,32.88,7.77129
2024-05-30,Búnker,21.69,7.76909
2024-05-30,Diésel,27.63,7.76909
2024-05-30,GLP,115.0,7.76909
2024-05-30,Regular,31.37,7.76909
2024-05-30,Superior,32.88,7.76909
2024-05-31,Búnker,21.69,7.76756
2024-05-31,Diésel,27.63,7.76756
2024-05-31,GLP,115.0,7.76756
2024-05-31,Regular,31.37,7.76756
2024-05-31,Superior,32.88,7.76756
2024-06-01,Búnker,21.69,7.76756
2024-06-01,Diésel,27.63,7.76756
2024-06-01,GLP,115.0,7.76756
2024-06-01,Regular,31.37,7.76756
2024-06-01,Superior,32.88,7.76756
2024-06-02,Búnker,21.69,7.76756
2024-06-02,Diésel,27.63,7.76756
2024-06-02,GLP,115.0,7.76756
2024-06-02,Regular,31.37,7.76756
2024-06-02,Superior,32.88,7.76756
2024-06-03,Búnker,21.69,7.76374
2024-06-03,Diésel,27.31,7.76374
2024-06-03,GLP,115.0,7.76374
2024-06-03,Regular,31.01,7.76374
2024-06-03,Superior,32.51,7.76374
2024-06-04,Búnker,21.69,7.7685
2024-06-04,Diésel,27.31,7.7685
2024-06-04,GLP,115.0,7.7685
2024-06-04,Regular,31.01,7.7685
2024-06-04,Superior,32.51,7.7685
2024-06-05,Búnker,21.69,7.76761
2024-06-05,Diésel,27.31,7.76761
2024-06-05,GLP,115.0,7.76761
2024-06-05,Regular,31.01,7.76761
2024-06-05,Superior,32.51,7.76761
2024-06-06,Búnker,21.69,7.76844
2024-06-06,Diésel,27.31,7.76844
2024-06-06,GLP,115.0,7.76844
2024-06-06,Regular,31.01,7.76844
2024-06-06,Superior,32.51,7.76844
2024-06-07,Búnker,21.69,7.76638
2024-06-07,Diésel,27.31,7.76638
2024-06-07,GLP,115.0,7.76638
2024-06-07,Regular,31.01,7.76638
2024-06-07,Superior,32.51,7.76638
2024-06-08,Búnker,21.69,7.76638
2024-06-08,Diésel,27.31,7.76638
2024-06-08,GLP,115.0,7.76638
2024-06-08,Regular,31.01,7.76638
2024-06-08,Superior,32.51,7.76638
2024-06-09,Búnker,21.69,7.76638
2024-06-09,Diésel,27.31,7.76638
2024-06-09,GLP,115.0,7.76638
2024-06-09,Regular,31.01,7.76638
2024-06-09,Superior,32.51,7.76638
2024-06-10,Búnker,21.19,7.76241
2024-06-10,Diésel,27.18,7.76241
2024-06-10,GLP,115.0,7.76241
2024-06-10,Regular,30.88,7.76241
2024-06-10,Superior,32.38,7.76241
2024-06-11,Búnker,21.19,7.76323
2024-06-11,Diésel,27.18,7.76323
2024-06-11,GLP,115.0,7.76323
2024-06-11,Regular,30.88,7.76323
2024-06-11,Superior,32.38,7.76323
2024-06-12,Búnker,21.19,7.7621
2024-06-12,Diésel,27.18,7.7621
2024-06-12,GLP,115.0,7.7621
2024-06-12,Regular,30.88,7.7621
2024-06-12,Superior,32.38,7.7621
2024-06-13,Búnker,21.19,7.76371
2024-06-13,Diésel,27.18,7.76371
2024-06-13,GLP,115.0,7.76371
2024-06-13,Regular,30.88,7.76371
2024-06-13,Superior,32.38,7.76371
2024-06-14,Búnker,21.19,7.76989
2024-06-14,Diésel,27.18,7.76989
2024-06-14,GLP,115.0,7.76989
2024-06-14,Regular,30.88,7.76989
2024-06-14,Superior,32.38,7.76989
2024-06-15,Búnker,21.19,7.76989
2024-06-15,Diésel,27.18,7.76989
2024-06-15,GLP,115.0,7.76989
2024-06-15,Regular,30.88,7.76989
2024-06-15,Superior,32.38,7.76989
2024-06-16,Búnker,20.19,7.76989
2024-06-16,Diésel,27.18,7.76989
2024-06-16,GLP,115.0,7.76989
2024-06-16,Regular,30.88,7.76989
2024-06-16,Superior,32.38,7.76989
2024-06-17,Búnker,20.19,7.75552
2024-06-17,Diésel,27.56,7.75552
2024-06-17,GLP,115.0,7.75552
2024-06-17,Regular,30.88,7.75552
2024-06-17,Superior,32.38,7.75552
2024-06-18,Búnker,20.19,7.75549
2024-06-18,Diésel,27.56,7.75549
2024-06-18,GLP,115.0,7.75549
2024-06-18,Regular,30.88,7.75549
2024-06-18,Superior,32.38,7.75549
2024-06-19,Búnker,20.19,7.75478
2024-06-19,Diésel,27.56,7.75478
2024-06-19,GLP,115.0,7.75478
2024-06-19,Regular,30.88,7.75478
2024-06-19,Superior,32.38,7.75478
2024-06-20,Búnker,20.19,7.76354
2024-06-20,Diésel,27.56,7.76354
2024-06-20,GLP,115.0,7.76354
2024-06-20,Regular,30.88,7.76354
2024-06-20,Superior,32.38,7.76354
2024-06-21,Búnker,20.19,7.7656
2024-06-21,Diésel,27.56,7.7656
2024-06-21,GLP,115.0,7.7656
2024-06-21,Regular,30.88,7.7656
2024-06-21,Superior,32.38,7.7656
2024-06-22,Búnker,20.19,7.7656
2024-06-22,Diésel,27.56,7.7656
2024-06-22,GLP,115.0,7.7656
2024-06-22,Regular,30.88,7.7656
2024-06-22,Superior,32.38,7.7656
2024-06-23,Búnker,20.19,7.7656
2024-06-23,Diésel,27.56,7.7656
2024-06-23,GLP,115.0,7.7656
2024-06-23,Regular,30.88,7.7656
2024-06-23,Superior,32.38,7.7656
2024-06-24,Búnker,19.19,7.75704
2024-06-24,Diésel,27.68,7.75704
2024-06-24,GLP,115.0,7.75704
2024-06-24,Regular,30.91,7.75704
2024-06-24,Superior,32.4,7.75704
2024-06-25,Búnker,19.19,7.76527
2024-06-25,Diésel,27.68,7.76527
2024-06-25,GLP,110.0,7.76527
2024-06-25,Regular,30.91,7.76527
2024-06-25,Superior,32.4,7.76527
2024-06-26,Búnker,19.19,7.76529
2024-06-26,Diésel,27.68,7.76529
2024-06-26,GLP,110.0,7.76529
2024-06-26,Regular,30.91,7.76529
2024-06-26,Superior,32.4,7.76529
2024-06-27,Búnker,19.19,7.76874
2024-06-27,Diésel,27.68,7.76874
2024-06-27,GLP,110.0,7.76874
2024-06-27,Regular,30.91,7.76874
2024-06-27,Superior,32.4,7.76874
2024-06-28,Búnker,19.19,7.76874
2024-06-28,Diésel,27.68,7.76874
2024-06-28,GLP,110.0,7.76874
2024-06-28,Regular,30.91,7.76874
2024-06-28,Superior,32.4,7.76874
2024-06-29,Búnker,19.19,7.76874
2024-06-29,Diésel,27.68,7.76874
2024-06-29,GLP,110.0,7.76874
2024-06-29,Regular,30.91,7.76874
2024-06-29,Superior,32.4,7.76874
2024-06-30,Búnker,19.19,7.76874
2024-06-30,Diésel,27.68,7.76874
2024-06-30,GLP,110.0,7.76874
2024-06-30,Regular,30.91,7.76874
2024-06-30,Superior,32.4,7.76874
2024-07-01,Búnker,19.19,7.76874
2024-07-01,Diésel,27.68,7.76874
2024-07-01,GLP,110.0,7.76874
2024-07-01,Regular,30.91,7.76874
2024-07-01,Superior,32.4,7.76874
2024-07-02,Búnker,19.19,7.76071
2024-07-02,Diésel,27.68,7.76071
2024-07-02,GLP,110.0,7.76071
2024-07-02,Regular,30.91,7.76071
2024-07-02,Superior,32.4,7.76071
2024-07-03,Búnker,19.19,7.76488
2024-07-03,Diésel,28.53,7.76488
2024-07-03,GLP,110.0,7.76488
2024-07-03,Regular,31.17,7.76488
2024-07-03,Superior,32.67,7.76488
2024-07-04,Búnker,19.19,7.76514
2024-07-04,Diésel,28.53,7.76514
2024-07-04,GLP,110.0,7.76514
2024-07-04,Regular,31.17,7.76514
2024-07-04,Superior,32.67,7.76514
2024-07-05,Búnker,19.19,7.76235
2024-07-05,Diésel,28.53,7.76235
2024-07-05,GLP,110.0,7.76235
2024-07-05,Regular,31.17,7.76235
2024-07-05,Superior,32.67,7.76235
2024-07-06,Búnker,19.19,7.76235
2024-07-06,Diésel,28.53,7.76235
2024-07-06,GLP,110.0,7.76235
2024-07-06,Regular,31.17,7.76235
2024-07-06,Superior,32.67,7.76235
2024-07-07,Búnker,19.19,7.76235
2024-07-07,Diésel,28.53,7.76235
2024-07-07,GLP,110.0,7.76235
2024-07-07,Regular,31.17,7.76235
2024-07-07,Superior,32.67,7.76235
2024-07-08,Búnker,19.19,7.75548
2024-07-08,Diésel,28.16,7.75548
2024-07-08,GLP,110.0,7.75548
2024-07-08,Regular,31.17,7.75548
2024-07-08,Superior,32.68,7.75548
2024-07-09,Búnker,19.19,7.75396
2024-07-09,Diésel,28.16,7.75396
2024-07-09,GLP,110.0,7.75396
2024-07-09,Regular,31.17,7.75396
2024-07-09,Superior,32.68,7.75396
2024-07-10,Búnker,19.19,7.75632
2024-07-10,Diésel,28.16,7.75632
2024-07-10,GLP,110.0,7.75632
2024-07-10,Regular,31.17,7.75632
2024-07-10,Superior,32.68,7.75632
2024-07-11,Búnker,19.19,7.76475
2024-07-11,Diésel,28.16,7.76475
2024-07-11,GLP,110.0,7.76475
2024-07-11,Regular,31.17,7.76475
2024-07-11,Superior,32.68,7.76475
2024-07-12,Búnker,19.19,7.75719
2024-07-12,Diésel,28.16,7.75719
2024-07-12,GLP,110.0,7.75719
2024-07-12,Regular,31.17,7.75719
2024-07-12,Superior,32.68,7.75719
2024-07-13,Búnker,19.19,7.75719
2024-07-13,Diésel,28.16,7.75719
2024-07-13,GLP,110.0,7.75719
2024-07-13,Regular,31.17,7.75719
2024-07-13,Superior,32.68,7.75719
2024-07-14,Búnker,19.19,7.75719
2024-07-14,Diésel,28.16,7.75719
2024-07-14,GLP,110.0,7.75719
2024-07-14,Regular,31.17,7.75719
2024-07-14,Superior,32.68,7.75719
2024-07-15,Búnker,19.19,7.74966
2024-07-15,Diésel,28.55,7.74966
2024-07-15,GLP,110.0,7.74966
2024-07-15,Regular,31.73,7.74966
2024-07-15,Superior,33.23,7.74966
2024-07-16,Búnker,19.19,7.7493
2024-07-16,Diésel,28.55,7.7493
2024-07-16,GLP,110.0,7.7493
2024-07-16,Regular,31.73,7.7493
2024-07-16,Superior,33.23,7.7493
2024-07-17,Búnker,19.19,7.75223
2024-07-17,Diésel,28.55,7.75223
2024-07-17,GLP,110.0,7.75223
2024-07-17,Regular,31.73,7.75223
2024-07-17,Superior,33.23,7.75223
2024-07-18,Búnker,19.19,7.75657
2024-07-18,Diésel,28.55,7.75657
2024-07-18,GLP,110.0,7.75657
2024-07-18,Regular,31.73,7.75657
2024-07-18,Superior,33.23,7.75657
2024-07-19,Búnker,19.19,7.7559
2024-07-19,Diésel,28.55,7.7559
2024-07-19,GLP,110.0,7.7559
2024-07-19,Regular,31.73,7.7559
2024-07-19,Superior,33.23,7.7559
2024-07-20,Búnker,19.19,7.7559
2024-07-20,Diésel,28.55,7.7559
2024-07-20,GLP,110.0,7.7559
2024-07-20,Regular,31.73,7.7559
2024-07-20,Superior,33.23,7.7559
2024-07-21,Búnker,19.19,7.7559
2024-07-21,Diésel,28.55,7.7559
2024-07-21,GLP,110.0,7.7559
2024-07-21,Regular,31.73,7.7559
2024-07-21,Superior,33.23,7.7559
2024-07-22,Búnker,19.19,7.74805
2024-07-22,Diésel,28.09,7.74805
2024-07-22,GLP,110.0,7.74805
2024-07-22,Regular,31.29,7.74805
2024-07-22,Superior,32.79,7.74805
2024-07-23,Búnker,19.19,7.75022
2024-07-23,Diésel,28.09,7.75022
2024-07-23,GLP,110.0,7.75022
2024-07-23,Regular,31.29,7.75022
2024-07-23,Superior,32.79,7.75022
2024-07-24,Búnker,19.19,7.74953
2024-07-24,Diésel,28.09,7.74953
2024-07-24,GLP,110.0,7.74953
2024-07-24,Regular,31.29,7.74953
2024-07-24,Superior,32.79,7.74953
2024-07-25,Búnker,19.19,7.7497
2024-07-25,Diésel,28.09,7.7497
2024-07-25,GLP,110.0,7.7497
2024-07-25,Regular,31.29,7.7497
2024-07-25,Superior,32.79,7.7497
2024-07-26,Búnker,19.19,7.74973
2024-07-26,Diésel,28.09,7.74973
2024-07-26,GLP,110.0,7.74973
2024-07-26,Regular,31.29,7.74973
2024-07-26,Superior,32.79,7.74973
2024-07-27,Búnker,19.19,7.74973
2024-07-27,Diésel,28.09,7.74973
2024-07-27,GLP,110.0,7.74973
2024-07-27,Regular,31.29,7.74973
2024-07-27,Superior,32.79,7.74973
2024-07-28,Búnker,19.19,7.74973
2024-07-28,Diésel,28.09,7.74973
2024-07-28,GLP,110.0,7.74973
2024-07-28,Regular,31.29,7.74973
2024-07-28,Superior,32.79,7.74973
2024-07-29,Búnker,19.19,7.74729
2024-07-29,Diésel,27.93,7.74729
2024-07-29,GLP,110.0,7.74729
2024-07-29,Regular,31.13,7.74729
2024-07-29,Superior,32.63,7.74729
2024-07-30,Búnker,19.19,7.74698
2024-07-30,Diésel,27.93,7.74698
2024-07-30,GLP,110.0,7.74698
2024-07-30,Regular,31.13,7.74698
2024-07-30,Superior,32.63,7.74698
2024-07-31,Búnker,19.19,7.74578
2024-07-31,Diésel,27.93,7.74578
2024-07-31,GLP,110.0,7.74578
2024-07-31,Regular,31.13,7.74578
2024-07-31,Superior,32.63,7.74578
2024-08-01,Búnker,19.19,7.748
2024-08-01,Diésel,27.93,7.748
2024-08-01,GLP,110.0,7.748
2024-08-01,Regular,31.13,7.748
2024-08-01,Superior,32.63,7.748
2024-08-02,Búnker,19.19,7.7481
2024-08-02,Diésel,27.93,7.7481
2024-08-02,GLP,110.0,7.7481
2024-08-02,Regular,31.13,7.7481
2024-08-02,Superior,32.63,7.7481
2024-08-03,Búnker,19.19,7.7481
2024-08-03,Diésel,27.93,7.7481
2024-08-03,GLP,110.0,7.7481
2024-08-03,Regular,31.13,7.7481
2024-08-03,Superior,32.63,7.7481
2024-08-04,Búnker,19.19,7.7481
2024-08-04,Diésel,27.93,7.7481
2024-08-04,GLP,110.0,7.7481
2024-08-04,Regular,31.13,7.7481
2024-08-04,Superior,32.63,7.7481
2024-08-05,Búnker,19.19,7.74023
2024-08-05,Diésel,27.8,7.74023
2024-08-05,GLP,110.0,7.74023
2024-08-05,Regular,31.14,7.74023
2024-08-05,Superior,32.65,7.74023
2024-08-06,Búnker,19.19,7.74562
2024-08-06,Diésel,27.8,7.74562
2024-08-06,GLP,110.0,7.74562
2024-08-06,Regular,31.14,7.74562
2024-08-06,Superior,32.65,7.74562
2024-08-07,Búnker,19.19,7.74402
2024-08-07,Diésel,27.8,7.74402
2024-08-07,GLP,110.0,7.74402
2024-08-07,Regular,31.14,7.74402
2024-08-07,Superior,32.65,7.74402
2024-08-08,Búnker,19.19,7.74514
2024-08-08,Diésel,27.8,7.74514
2024-08-08,GLP,110.0,7.74514
2024-08-08,Regular,31.14,7.74514
2024-08-08,Superior,32.65,7.74514
2024-08-09,Búnker,19.19,7.74681
2024-08-09,Diésel,27.8,7.74681
2024-08-09,GLP,110.0,7.74681
2024-08-09,Regular,31.14,7.74681
2024-08-09,Superior,32.65,7.74681
2024-08-10,Búnker,19.19,7.74681
2024-08-10,Diésel,27.8,7.74681
2024-08-10,GLP,110.0,7.74681
2024-08-10,Regular,31.14,7.74681
2024-08-10,Superior,32.65,7.74681
2024-08-11,Búnker,19.19,7.74681
2024-08-11,Diésel,27.8,7.74681
2024-08-11,GLP,110.0,7.74681
2024-08-11,Regular,31.14,7.74681
2024-08-11,Superior,32.65,7.74681
2024-08-12,Búnker,18.69,7.73554
2024-08-12,Diésel,27.34,7.73554
2024-08-12,GLP,110.0,7.73554
2024-08-12,Regular,31.41,7.73554
2024-08-12,Superior,32.9,7.73554
2024-08-13,Búnker,18.69,7.73543
2024-08-13,Diésel,27.34,7.73543
2024-08-13,GLP,110.0,7.73543
2024-08-13,Regular,31.41,7.73543
2024-08-13,Superior,32.9,7.73543
2024-08-14,Búnker,18.69,7.74082
2024-08-14,Diésel,27.34,7.74082
2024-08-14,GLP,110.0,7.74082
2024-08-14,Regular,31.41,7.74082
2024-08-14,Superior,32.9,7.74082
2024-08-15,Búnker,18.69,7.74082
2024-08-15,Diésel,27.34,7.74082
2024-08-15,GLP,110.0,7.74082
2024-08-15,Regular,31.41,7.74082
2024-08-15,Superior,32.9,7.74082
2024-08-16,Búnker,18.69,7.73432
2024-08-16,Diésel,27.34,7.73432
2024-08-16,GLP,110.0,7.73432
2024-08-16,Regular,31.41,7.73432
2024-08-16,Superior,32.9,7.73432
2024-08-17,Búnker,18.69,7.73432
2024-08-17,Diésel,27.34,7.73432
2024-08-17,GLP,110.0,7.73432
2024-08-17,Regular,31.41,7.73432
2024-08-17,Superior,32.9,7.73432
2024-08-18,Búnker,18.69,7.73432
2024-08-18,Diésel,27.34,7.73432
2024-08-18,GLP,110.0,7.73432
2024-08-18,Regular,31.41,7.73432
2024-08-18,Superior,32.9,7.73432
2024-08-19,Búnker,18.69,7.73125
2024-08-19,Diésel,27.31,7.73125
2024-08-19,GLP,110.0,7.73125
2024-08-19,Regular,31.46,7.73125
2024-08-19,Superior,32.96,7.73125
2024-08-20,Búnker,18.69,7.73326
2024-08-20,Diésel,27.31,7.73326
2024-08-20,GLP,110.0,7.73326
2024-08-20,Regular,31.46,7.73326
2024-08-20,Superior,32.96,7.73326
2024-08-21,Búnker,18.69,7.73353
2024-08-21,Diésel,27.31,7.73353
2024-08-21,GLP,110.0,7.73353
2024-08-21,Regular,31.46,7.73353
2024-08-21,Superior,32.96,7.73353
2024-08-22,Búnker,18.69,7.73165
2024-08-22,Diésel,27.31,7.73165
2024-08-22,GLP,110.0,7.73165
2024-08-22,Regular,31.46,7.73165
2024-08-22,Superior,32.96,7.73165
2024-08-23,Búnker,18.69,7.73339
2024-08-23,Diésel,27.31,7.73339
2024-08-23,GLP,110.0,7.73339
2024-08-23,Regular,31.46,7.73339
2024-08-23,Superior,32.96,7.73339
2024-08-24,Búnker,18.69,7.73339
2024-08-24,Diésel,27.31,7.73339
2024-08-24,GLP,110.0,7.73339
2024-08-24,Regular,31.46,7.73339
2024-08-24,Superior,32.96,7.73339
2024-08-25,Búnker,18.69,7.73339
2024-08-25,Diésel,27.31,7.73339
2024-08-25,GLP,110.0,7.73339
2024-08-25,Regular,31.46,7.73339
2024-08-25,Superior,32.96,7.73339
2024-08-26,Búnker,18.19,7.72897
2024-08-26,Diésel,27.24,7.72897
2024-08-26,GLP,110.0,7.72897
2024-08-26,Regular,30.78,7.72897
2024-08-26,Superior,32.28,7.72897
2024-08-27,Búnker,18.19,7.72742
2024-08-27,Diésel,27.24,7.72742
2024-08-27,GLP,110.0,7.72742
2024-08-27,Regular,30.78,7.72742
2024-08-27,Superior,32.28,7.72742
2024-08-28,Búnker,18.19,7.72815
2024-08-28,Diésel,27.24,7.72815
2024-08-28,GLP,110.0,7.72815
2024-08-28,Regular,30.78,7.72815
2024-08-28,Superior,32.28,7.72815
2024-08-29,Búnker,18.19,7.73314
2024-08-29,Diésel,27.24,7.73314
2024-08-29,GLP,110.0,7.73314
2024-08-29,Regular,30.78,7.73314
2024-08-29,Superior,32.28,7.73314
2024-08-30,Búnker,18.19,7.7291
2024-08-30,Diésel,27.24,7.7291
2024-08-30,GLP,110.0,7.7291
2024-08-30,Regular,30.78,7.7291
2024-08-30,Superior,32.28,7.7291
2024-08-31,Búnker,18.19,7.7291
2024-08-31,Diésel,27.24,7.7291
2024-08-31,GLP,110.0,7.7291
2024-08-31,Regular,30.78,7.7291
2024-08-31,Superior,32.28,7.7291
2024-09-01,Búnker,18.19,7.7291
2024-09-01,Diésel,27.24,7.7291
2024-09-01,GLP,110.0,7.7291
2024-09-01,Regular,30.78,7.7291
2024-09-01,Superior,32.28,7.7291
2024-09-02,Búnker,18.19,7.72243
2024-09-02,Diésel,27.2,7.72243
2024-09-02,GLP,110.0,7.72243
2024-09-02,Regular,30.21,7.72243
2024-09-02,Superior,31.71,7.72243
2024-09-03,Búnker,18.19,7.7346
2024-09-03,Diésel,27.2,7.7346
2024-09-03,GLP,110.0,7.7346
2024-09-03,Regular,30.21,7.7346
2024-09-03,Superior,31.71,7.7346
2024-09-04,Búnker,18.19,7.732
2024-09-04,Diésel,27.2,7.732
2024-09-04,GLP,110.0,7.732
2024-09-04,Regular,30.21,7.732
2024-09-04,Superior,31.71,7.732
2024-09-05,Búnker,18.19,7.7328
2024-09-05,Diésel,27.2,7.7328
2024-09-05,GLP,110.0,7.7328
2024-09-05,Regular,30.21,7.7328
2024-09-05,Superior,31.71,7.7328
2024-09-06,Búnker,18.19,7.732
2024-09-06,Diésel,27.2,7.732
2024-09-06,GLP,110.0,7.732
2024-09-06,Regular,30.21,7.732
2024-09-06,Superior,31.71,7.732
2024-09-07,Búnker,18.19,7.732
2024-09-07,Diésel,27.2,7.732
2024-09-07,GLP,110.0,7.732
2024-09-07,Regular,30.21,7.732
2024-09-07,Superior,31.71,7.732
2024-09-08,Búnker,18.19,7.732
2024-09-08,Diésel,27.2,7.732
2024-09-08,GLP,110.0,7.732
2024-09-08,Regular,30.21,7.732
2024-09-08,Superior,31.71,7.732
2024-09-09,Búnker,16.69,7.72955
2024-09-09,Diésel,26.91,7.72955
2024-09-09,GLP,110.0,7.72955
2024-09-09,Regular,29.68,7.72955
2024-09-09,Superior,31.18,7.72955
2024-09-10,Búnker,16.69,7.72589
2024-09-10,Diésel,26.91,7.72589
2024-09-10,GLP,110.0,7.72589
2024-09-10,Regular,29.68,7.72589
2024-09-10,Superior,31.18,7.72589
2024-09-11,Búnker,16.69,7.73298
2024-09-11,Diésel,26.91,7.73298
2024-09-11,GLP,110.0,7.73298
2024-09-11,Regular,29.68,7.73298
2024-09-11,Superior,31.18,7.73298
2024-09-12,Búnker,16.69,7.73105
2024-09-12,Diésel,26.91,7.73105
2024-09-12,GLP,110.0,7.73105
2024-09-12,Regular,29.68,7.73105
2024-09-12,Superior,31.18,7.73105
2024-09-13,Búnker,16.69,7.72928
2024-09-13,Diésel,26.91,7.72928
2024-09-13,GLP,110.0,7.72928
2024-09-13,Regular,29.68,7.72928
2024-09-13,Superior,31.18,7.72928
2024-09-14,Búnker,16.69,7.72928
2024-09-14,Diésel,26.91,7.72928
2024-09-14,GLP,110.0,7.72928
2024-09-14,Regular,29.68,7.72928
2024-09-14,Superior,31.18,7.72928
2024-09-15,Búnker,16.69,7.72928
2024-09-15,Diésel,26.91,7.72928
2024-09-15,GLP,110.0,7.72928
2024-09-15,Regular,29.68,7.72928
2024-09-15,Superior,31.18,7.72928
2024-09-16,Búnker,16.69,7.72928
2024-09-16,Diésel,26.91,7.72928
2024-09-16,GLP,110.0,7.72928
2024-09-16,Regular,29.68,7.72928
2024-09-16,Superior,31.18,7.72928
2024-09-17,Búnker,16.69,7.72224
2024-09-17,Diésel,25.98,7.72224
2024-09-17,GLP,110.0,7.72224
2024-09-17,Regular,28.51,7.72224
2024-09-17,Superior,30.01,7.72224
2024-09-18,Búnker,16.69,7.72825
2024-09-18,Diésel,25.98,7.72825
2024-09-18,GLP,110.0,7.72825
2024-09-18,Regular,28.51,7.72825
2024-09-18,Superior,30.01,7.72825
2024-09-19,Búnker,16.69,7.72875
2024-09-19,Diésel,25.98,7.72875
2024-09-19,GLP,110.0,7.72875
2024-09-19,Regular,28.51,7.72875
2024-09-19,Superior,30.01,7.72875
2024-09-20,Búnker,16.69,7.72859
2024-09-20,Diésel,25.98,7.72859
2024-09-20,GLP,110.0,7.72859
2024-09-20,Regular,28.51,7.72859
2024-09-20,Superior,30.01,7.72859
2024-09-21,Búnker,16.69,7.72859
2024-09-21,Diésel,25.98,7.72859
2024-09-21,GLP,110.0,7.72859
2024-09-21,Regular,28.51,7.72859
2024-09-21,Superior,30.01,7.72859
2024-09-22,Búnker,16.69,7.72859
2024-09-22,Diésel,25.98,7.72859
2024-09-22,GLP,110.0,7.72859
2024-09-22,Regular,28.51,7.72859
2024-09-22,Superior,30.01,7.72859
2024-09-23,Búnker,17.69,7.729
2024-09-23,Diésel,25.5,7.729
2024-09-23,GLP,110.0,7.729
2024-09-23,Regular,27.99,7.729
2024-09-23,Superior,29.51,7.729
2024-09-24,Búnker,17.69,7.72542
2024-09-24,Diésel,25.5,7.72542
2024-09-24,GLP,110.0,7.72542
2024-09-24,Regular,27.99,7.72542
2024-09-24,Superior,29.51,7.72542
2024-09-25,Búnker,17.69,7.72828
2024-09-25,Diésel,25.5,7.72828
2024-09-25,GLP,110.0,7.72828
2024-09-25,Regular,27.99,7.72828
2024-09-25,Superior,29.51,7.72828
2024-09-26,Búnker,17.69,7.7314
2024-09-26,Diésel,25.5,7.7314
2024-09-26,GLP,110.0,7.7314
2024-09-26,Regular,27.99,7.7314
2024-09-26,Superior,29.51,7.7314
2024-09-27,Búnker,17.69,7.73184
2024-09-27,Diésel,25.5,7.73184
2024-09-27,GLP,110.0,7.73184
2024-09-27,Regular,27.99,7.73184
2024-09-27,Superior,29.51,7.73184
2024-09-28,Búnker,17.69,7.73184
2024-09-28,Diésel,25.5,7.73184
2024-09-28,GLP,110.0,7.73184
2024-09-28,Regular,27.99,7.73184
2024-09-28,Superior,29.51,7.73184
2024-09-29,Búnker,17.69,7.73184
2024-09-29,Diésel,25.5,7.73184
2024-09-29,GLP,110.0,7.73184
2024-09-29,Regular,27.99,7.73184
2024-09-29,Superior,29.51,7.73184
2024-09-30,Búnker,17.69,7.72348
2024-09-30,Diésel,25.5,7.72348
2024-09-30,GLP,110.0,7.72348
2024-09-30,Regular,28.0,7.72348
2024-09-30,Superior,29.5,7.72348
2024-10-01,Búnker,17.69,7.72798
2024-10-01,Diésel,25.5,7.72798
2024-10-01,GLP,110.0,7.72798
2024-10-01,Regular,28.0,7.72798
2024-10-01,Superior,29.5,7.72798
2024-10-02,Búnker,17.69,7.7323
2024-10-02,Diésel,25.5,7.7323
2024-10-02,GLP,110.0,7.7323
2024-10-02,Regular,28.0,7.7323
2024-10-02,Superior,29.5,7.7323
2024-10-03,Búnker,17.69,7.73136
2024-10-03,Diésel,25.5,7.73136
2024-10-03,GLP,110.0,7.73136
2024-10-03,Regular,28.0,7.73136
2024-10-03,Superior,29.5,7.73136
2024-10-04,Búnker,17.69,7.73079
2024-10-04,Diésel,25.5,7.73079
2024-10-04,GLP,110.0,7.73079
2024-10-04,Regular,28.0,7.73079
2024-10-04,Superior,29.5,7.73079
2024-10-05,Búnker,17.69,7.73079
2024-10-05,Diésel,25.5,7.73079
2024-10-05,GLP,110.0,7.73079
2024-10-05,Regular,28.0,7.73079
2024-10-05,Superior,29.5,7.73079
2024-10-06,Búnker,17.69,7.73079
2024-10-06,Diésel,25.5,7.73079
2024-10-06,GLP,110.0,7.73079
2024-10-06,Regular,28.0,7.73079
2024-10-06,Superior,29.5,7.73079
2024-10-07,Búnker,18.69,7.72646
2024-10-07,Diésel,25.43,7.72646
2024-10-07,GLP,110.0,7.72646
2024-10-07,Regular,27.66,7.72646
2024-10-07,Superior,29.16,7.72646
2024-10-08,Búnker,18.69,7.7254
2024-10-08,Diésel,25.43,7.7254
2024-10-08,GLP,110.0,7.7254
2024-10-08,Regular,27.66,7.7254
2024-10-08,Superior,29.16,7.7254
2024-10-09,Búnker,18.69,7.72718
2024-10-09,Diésel,25.43,7.72718
2024-10-09,GLP,110.0,7.72718
2024-10-09,Regular,27.66,7.72718
2024-10-09,Superior,29.16,7.72718
2024-10-10,Búnker,18.69,7.72795
2024-10-10,Diésel,25.43,7.72795
2024-10-10,GLP,110.0,7.72795
2024-10-10,Regular,27.66,7.72795
2024-10-10,Superior,29.16,7.72795
2024-10-11,Búnker,18.69,7.72795
2024-10-11,Diésel,25.43,7.72795
2024-10-11,GLP,110.0,7.72795
2024-10-11,Regular,27.66,7.72795
2024-10-11,Superior,29.16,7.72795
2024-10-12,Búnker,18.69,7.72795
2024-10-12,Diésel,25.43,7.72795
2024-10-12,GLP,110.0,7.72795
2024-10-12,Regular,27.66,7.72795
2024-10-12,Superior,29.16,7.72795
2024-10-13,Búnker,18.69,7.72795
2024-10-13,Diésel,25.43,7.72795
2024-10-13,GLP,110.0,7.72795
2024-10-13,Regular,27.66,7.72795
2024-10-13,Superior,29.16,7.72795
2024-10-14,Búnker,19.69,7.72533
2024-10-14,Diésel,26.77,7.72533
2024-10-14,GLP,110.0,7.72533
2024-10-14,Regular,29.01,7.72533
2024-10-14,Superior,30.48,7.72533
2024-10-15,Búnker,19.69,7.73074
2024-10-15,Diésel,26.77,7.73074
2024-10-15,GLP,110.0,7.73074
2024-10-15,Regular,29.01,7.73074
2024-10-15,Superior,30.48,7.73074
2024-10-16,Búnker,19.69,7.72643
2024-10-16,Diésel,26.77,7.72643
2024-10-16,GLP,110.0,7.72643
2024-10-16,Regular,29.01,7.72643
2024-10-16,Superior,30.48,7.72643
2024-10-17,Búnker,19.69,7.72785
2024-10-17,Diésel,26.77,7.72785
2024-10-17,GLP,110.0,7.72785
2024-10-17,Regular,29.01,7.72785
2024-10-17,Superior,30.48,7.72785
2024-10-18,Búnker,19.69,7.7277
2024-10-18,Diésel,26.77,7.7277
2024-10-18,GLP,110.0,7.7277
2024-10-18,Regular,29.01,7.7277
2024-10-18,Superior,30.48,7.7277
2024-10-19,Búnker,19.69,7.7277
2024-10-19,Diésel,26.77,7.7277
2024-10-19,GLP,110.0,7.7277
2024-10-19,Regular,29.01,7.7277
2024-10-19,Superior,30.48,7.7277
2024-10-20,Búnker,19.69,7.7277
2024-10-20,Diésel,26.77,7.7277
2024-10-20,GLP,110.0,7.7277
2024-10-20,Regular,29.01,7.7277
2024-10-20,Superior,30.48,7.7277
2024-10-21,Búnker,19.69,7.7277
2024-10-21,Diésel,26.77,7.7277
2024-10-21,GLP,110.0,7.7277
2024-10-21,Regular,29.01,7.7277
2024-10-21,Superior,30.48,7.7277
2024-10-22,Búnker,18.69,7.72536
2024-10-22,Diésel,26.39,7.72536
2024-10-22,GLP,110.0,7.72536
2024-10-22,Regular,28.62,7.72536
2024-10-22,Superior,30.11,7.72536
2024-10-23,Búnker,18.69,7.72628
2024-10-23,Diésel,26.39,7.72628
2024-10-23,GLP,110.0,7.72628
2024-10-23,Regular,28.62,7.72628
2024-10-23,Superior,30.11,7.72628
2024-10-24,Búnker,18.69,7.73108
2024-10-24,Diésel,26.39,7.73108
2024-10-24,GLP,110.0,7.73108
2024-10-24,Regular,28.62,7.73108
2024-10-24,Superior,30.11,7.73108
2024-10-25,Búnker,18.69,7.72565
2024-10-25,Diésel,26.39,7.72565
2024-10-25,GLP,110.0,7.72565
2024-10-25,Regular,28.62,7.72565
2024-10-25,Superior,30.11,7.72565
2024-10-26,Búnker,18.69,7.72565
2024-10-26,Diésel,26.39,7.72565
2024-10-26,GLP,110.0,7.72565
2024-10-26,Regular,28.62,7.72565
2024-10-26,Superior,30.11,7.72565
2024-10-27,Búnker,18.69,7.72565
2024-10-27,Diésel,26.39,7.72565
2024-10-27,GLP,110.0,7.72565
2024-10-27,Regular,28.62,7.72565
2024-10-27,Superior,30.11,7.72565
2024-10-28,Búnker,18.99,7.72412
2024-10-28,Diésel,26.28,7.72412
2024-10-28,GLP,110.0,7.72412
2024-10-28,Regular,28.48,7.72412
2024-10-28,Superior,29.98,7.72412
2024-10-29,Búnker,18.99,7.722
2024-10-29,Diésel,26.28,7.722
2024-10-29,GLP,110.0,7.722
2024-10-29,Regular,28.48,7.722
2024-10-29,Superior,29.98,7.722
2024-10-30,Búnker,18.99,7.72354
2024-10-30,Diésel,26.28,7.72354
2024-10-30,GLP,110.0,7.72354
2024-10-30,Regular,28.48,7.72354
2024-10-30,Superior,29.98,7.72354
2024-10-31,Búnker,18.99,7.72505
2024-10-31,Diésel,26.28,7.72505
2024-10-31,GLP,110.0,7.72505
2024-10-31,Regular,28.48,7.72505
2024-10-31,Superior,29.98,7.72505
2024-11-01,Búnker,18.99,7.72505
2024-11-01,Diésel,26.28,7.72505
2024-11-01,GLP,110.0,7.72505
2024-11-01,Regular,28.48,7.72505
2024-11-01,Superior,29.98,7.72505
2024-11-02,Búnker,18.99,7.72505
2024-11-02,Diésel,26.28,7.72505
2024-11-02,GLP,110.0,7.72505
2024-11-02,Regular,28.48,7.72505
2024-11-02,Superior,29.98,7.72505
2024-11-03,Búnker,18.99,7.72505
2024-11-03,Diésel,26.28,7.72505
2024-11-03,GLP,110.0,7.72505
2024-11-03,Regular,28.48,7.72505
2024-11-03,Superior,29.98,7.72505
2024-11-04,Búnker,17.99,7.72288
2024-11-04,Diésel,25.65,7.72288
2024-11-04,GLP,110.0,7.72288
2024-11-04,Regular,27.49,7.72288
2024-11-04,Superior,29.0,7.72288
2024-11-05,Búnker,17.99,7.72253
2024-11-05,Diésel,25.65,7.72253
2024-11-05,GLP,110.0,7.72253
2024-11-05,Regular,27.49,7.72253
2024-11-05,Superior,29.0,7.72253
2024-11-06,Búnker,17.99,7.7222
2024-11-06,Diésel,25.65,7.7222
2024-11-06,GLP,110.0,7.7222
2024-11-06,Regular,27.49,7.7222
2024-11-06,Superior,29.0,7.7222
2024-11-07,Búnker,17.99,7.72371
2024-11-07,Diésel,25.65,7.72371
2024-11-07,GLP,110.0,7.72371
2024-11-07,Regular,27.49,7.72371
2024-11-07,Superior,29.0,7.72371
2024-11-08,Búnker,17.99,7.72169
2024-11-08,Diésel,25.65,7.72169
2024-11-08,GLP,110.0,7.72169
2024-11-08,Regular,27.49,7.72169
2024-11-08,Superior,29.0,7.72169
2024-11-09,Búnker,17.99,7.72169
2024-11-09,Diésel,25.65,7.72169
2024-11-09,GLP,110.0,7.72169
2024-11-09,Regular,27.49,7.72169
2024-11-09,Superior,29.0,7.72169
2024-11-10,Búnker,17.99,7.72169
2024-11-10,Diésel,25.65,7.72169
2024-11-10,GLP,110.0,7.72169
2024-11-10,Regular,27.49,7.72169
2024-11-10,Superior,29.0,7.72169
2024-11-11,Búnker,17.99,7.72037
2024-11-11,Diésel,25.58,7.72037
2024-11-11,GLP,110.0,7.72037
2024-11-11,Regular,27.37,7.72037
2024-11-11,Superior,28.88,7.72037
2024-11-12,Búnker,17.99,7.72304
2024-11-12,Diésel,25.58,7.72304
2024-11-12,GLP,110.0,7.72304
2024-11-12,Regular,27.37,7.72304
2024-11-12,Superior,28.88,7.72304
2024-11-13,Búnker,17.99,7.71791
2024-11-13,Diésel,25.58,7.71791
2024-11-13,GLP,110.0,7.71791
2024-11-13,Regular,27.37,7.71791
2024-11-13,Superior,28.88,7.71791
2024-11-14,Búnker,17.99,7.71951
2024-11-14,Diésel,25.58,7.71951
2024-11-14,GLP,110.0,7.71951
2024-11-14,Regular,27.37,7.71951
2024-11-14,Superior,28.88,7.71951
2024-11-15,Búnker,17.99,7.72007
2024-11-15,Diésel,25.58,7.72007
2024-11-15,GLP,110.0,7.72007
2024-11-15,Regular,27.37,7.72007
2024-11-15,Superior,28.88,7.72007
2024-11-16,Búnker,17.99,7.72007
2024-11-16,Diésel,25.58,7.72007
2024-11-16,GLP,110.0,7.72007
2024-11-16,Regular,27.37,7.72007
2024-11-16,Superior,28.88,7.72007
2024-11-17,Búnker,17.99,7.72007
2024-11-17,Diésel,25.58,7.72007
2024-11-17,GLP,110.0,7.72007
2024-11-17,Regular,27.37,7.72007
2024-11-17,Superior,28.88,7.72007
2024-11-18,Búnker,17.69,7.71604
2024-11-18,Diésel,25.6,7.71604
2024-11-18,GLP,110.0,7.71604
2024-11-18,Regular,27.37,7.71604
2024-11-18,Superior,28.88,7.71604
2024-11-19,Búnker,17.69,7.71501
2024-11-19,Diésel,25.6,7.71501
2024-11-19,GLP,110.0,7.71501
2024-11-19,Regular,27.37,7.71501
2024-11-19,Superior,28.88,7.71501
2024-11-20,Búnker,17.69,7.71446
2024-11-20,Diésel,25.6,7.71446
2024-11-20,GLP,110.0,7.71446
2024-11-20,Regular,27.37,7.71446
2024-11-20,Superior,28.88,7.71446
2024-11-21,Búnker,17.69,7.71485
2024-11-21,Diésel,25.6,7.71485
2024-11-21,GLP,110.0,7.71485
2024-11-21,Regular,27.37,7.71485
2024-11-21,Superior,28.88,7.71485
2024-11-22,Búnker,17.69,7.7167
2024-11-22,Diésel,25.6,7.7167
2024-11-22,GLP,110.0,7.7167
2024-11-22,Regular,27.37,7.7167
2024-11-22,Superior,28.88,7.7167
2024-11-23,Búnker,17.69,7.7167
2024-11-23,Diésel,25.6,7.7167
2024-11-23,GLP,110.0,7.7167
2024-11-23,Regular,27.37,7.7167
2024-11-23,Superior,28.88,7.7167
2024-11-24,Búnker,17.69,7.7167
2024-11-24,Diésel,25.6,7.7167
2024-11-24,GLP,110.0,7.7167
2024-11-24,Regular,27.37,7.7167
2024-11-24,Superior,28.88,7.7167
2024-11-25,Búnker,17.69,7.71178
2024-11-25,Diésel,25.61,7.71178
2024-11-25,GLP,110.0,7.71178
2024-11-25,Regular,27.43,7.71178
2024-11-25,Superior,28.93,7.71178
2024-11-26,Búnker,17.69,7.71033
2024-11-26,Diésel,25.61,7.71033
2024-11-26,GLP,110.0,7.71033
2024-11-26,Regular,27.43,7.71033
2024-11-26,Superior,28.93,7.71033
2024-11-27,Búnker,17.69,7.71188
2024-11-27,Diésel,25.61,7.71188
2024-11-27,GLP,110.0,7.71188
2024-11-27,Regular,27.43,7.71188
2024-11-27,Superior,28.93,7.71188
2024-11-28,Búnker,17.69,7.71515
2024-11-28,Diésel,25.61,7.71515
2024-11-28,GLP,110.0,7.71515
2024-11-28,Regular,27.43,7.71515
2024-11-28,Superior,28.93,7.71515
2024-11-29,Búnker,17.69,7.7174
2024-11-29,Diésel,25.61,7.7174
2024-11-29,GLP,110.0,7.7174
2024-11-29,Regular,27.43,7.7174
2024-11-29,Superior,28.93,7.7174
2024-11-30,Búnker,17.69,7.7174
2024-11-30,Diésel,25.61,7.7174
2024-11-30,GLP,110.0,7.7174
2024-11-30,Regular,27.43,7.7174
2024-11-30,Superior,28.93,7.7174
2024-12-01,Búnker,17.69,7.7174
2024-12-01,Diésel,25.61,7.7174
2024-12-01,GLP,110.0,7.7174
2024-12-01,Regular,27.43,7.7174
2024-12-01,Superior,28.93,7.7174
2024-12-02,Búnker,17.94,7.70966
2024-12-02,Diésel,25.58,7.70966
2024-12-02,GLP,110.0,7.70966
2024-12-02,Regular,27.38,7.70966
2024-12-02,Superior,28.88,7.70966
2024-12-03,Búnker,17.94,7.71186
2024-12-03,Diésel,25.58,7.71186
2024-12-03,GLP,110.0,7.71186
2024-12-03,Regular,27.38,7.71186
2024-12-03,Superior,28.88,7.71186
2024-12-04,Búnker,17.94,7.70941
2024-12-04,Diésel,25.58,7.70941
2024-12-04,GLP,110.0,7.70941
2024-12-04,Regular,27.38,7.70941
2024-12-04,Superior,28.88,7.70941
2024-12-05,Búnker,17.94,7.70902
2024-12-05,Diésel,25.58,7.70902
2024-12-05,GLP,110.0,7.70902
2024-12-05,Regular,27.38,7.70902
2024-12-05,Superior,28.88,7.70902
2024-12-06,Búnker,17.94,7.70342
2024-12-06,Diésel,25.58,7.70342
2024-12-06,GLP,110.0,7.70342
2024-12-06,Regular,27.38,7.70342
2024-12-06,Superior,28.88,7.70342
2024-12-07,Búnker,17.94,7.70342
2024-12-07,Diésel,25.58,7.70342
2024-12-07,GLP,110.0,7.70342
2024-12-07,Regular,27.38,7.70342
2024-12-07,Superior,28.88,7.70342
2024-12-08,Búnker,17.94,7.70342
2024-12-08,Diésel,25.58,7.70342
2024-12-08,GLP,110.0,7.70342
2024-12-08,Regular,27.38,7.70342
2024-12-08,Superior,28.88,7.70342
2024-12-09,Búnker,17.94,7.70188
2024-12-09,Diésel,24.89,7.70188
2024-12-09,GLP,110.0,7.70188
2024-12-09,Regular,26.82,7.70188
2024-12-09,Superior,28.33,7.70188
2024-12-10,Búnker,17.94,7.69994
2024-12-10,Diésel,24.89,7.69994
2024-12-10,GLP,110.0,7.69994
2024-12-10,Regular,26.82,7.69994
2024-12-10,Superior,28.33,7.69994
2024-12-11,Búnker,17.94,7.70013
2024-12-11,Diésel,24.89,7.70013
2024-12-11,GLP,110.0,7.70013
2024-12-11,Regular,26.82,7.70013
2024-12-11,Superior,28.33,7.70013
2024-12-12,Búnker,17.94,7.69986
2024-12-12,Diésel,24.89,7.69986
2024-12-12,GLP,110.0,7.69986
2024-12-12,Regular,26.82,7.69986
2024-12-12,Superior,28.33,7.69986
2024-12-13,Búnker,17.94,7.69824
2024-12-13,Diésel,24.89,7.69824
2024-12-13,GLP,110.0,7.69824
2024-12-13,Regular,26.82,7.69824
2024-12-13,Superior,28.33,7.69824
2024-12-14,Búnker,17.94,7.69824
2024-12-14,Diésel,24.89,7.69824
2024-12-14,GLP,110.0,7.69824
2024-12-14,Regular,26.82,7.69824
2024-12-14,Superior,28.33,7.69824
2024-12-15,Búnker,17.94,7.69824
2024-12-15,Diésel,24.89,7.69824
2024-12-15,GLP,110.0,7.69824
2024-12-15,Regular,26.82,7.69824
2024-12-15,Superior,28.33,7.69824
2024-12-16,Búnker,17.94,7.69433
2024-12-16,Diésel,24.99,7.69433
2024-12-16,GLP,110.0,7.69433
2024-12-16,Regular,26.91,7.69433
2024-12-16,Superior,28.41,7.69433
2024-12-17,Búnker,17.94,7.69624
2024-12-17,Diésel,24.99,7.69624
2024-12-17,GLP,110.0,7.69624
2024-12-17,Regular,26.91,7.69624
2024-12-17,Superior,28.41,7.69624
2024-12-18,Búnker,17.94,7.69708
2024-12-18,Diésel,24.99,7.69708
2024-12-18,GLP,110.0,7.69708
2024-12-18,Regular,26.91,7.69708
2024-12-18,Superior,28.41,7.69708
2024-12-19,Búnker,17.94,7.70174
2024-12-19,Diésel,24.99,7.70174
2024-12-19,GLP,110.0,7.70174
2024-12-19,Regular,26.91,7.70174
2024-12-19,Superior,28.41,7.70174
2024-12-20,Búnker,17.94,7.70255
2024-12-20,Diésel,24.99,7.70255
2024-12-20,GLP,110.0,7.70255
2024-12-20,Regular,26.91,7.70255
2024-12-20,Superior,28.41,7.70255
2024-12-21,Búnker,17.94,7.70255
2024-12-21,Diésel,24.99,7.70255
2024-12-21,GLP,110.0,7.70255
2024-12-21,Regular,26.91,7.70255
2024-12-21,Superior,28.41,7.70255
2024-12-22,Búnker,17.94,7.70255
2024-12-22,Diésel,24.99,7.70255
2024-12-22,GLP,110.0,7.70255
2024-12-22,Regular,26.91,7.70255
2024-12-22,Superior,28.41,7.70255
2024-12-23,Búnker,17.94,7.69885
2024-12-23,Diésel,24.99,7.69885
2024-12-23,GLP,110.0,7.69885
2024-12-23,Regular,26.91,7.69885
2024-12-23,Superior,28.41,7.69885
2024-12-24,Búnker,17.94,7.69903
2024-12-24,Diésel,24.99,7.69903
2024-12-24,GLP,110.0,7.69903
2024-12-24,Regular,26.91,7.69903
2024-12-24,Superior,28.41,7.69903
2024-12-25,Búnker,17.94,7.69903
2024-12-25,Diésel,24.99,7.69903
2024-12-25,GLP,110.0,7.69903
2024-12-25,Regular,26.91,7.69903
2024-12-25,Superior,28.41,7.69903
2024-12-26,Búnker,17.94,7.7143
2024-12-26,Diésel,25.51,7.7143
2024-12-26,GLP,110.0,7.7143
2024-12-26,Regular,27.49,7.7143
2024-12-26,Superior,28.99,7.7143
2024-12-27,Búnker,17.94,7.70694
2024-12-27,Diésel,25.51,7.70694
2024-12-27,GLP,110.0,7.70694
2024-12-27,Regular,27.49,7.70694
2024-12-27,Superior,28.99,7.70694
2024-12-28,Búnker,17.94,7.70694
2024-12-28,Diésel,25.51,7.70694
2024-12-28,GLP,110.0,7.70694
2024-12-28,Regular,27.49,7.70694
2024-12-28,Superior,28.99,7.70694
2024-12-29,Búnker,17.94,7.70694
2024-12-29,Diésel,25.51,7.70694
2024-12-29,GLP,110.0,7.70694
2024-12-29,Regular,27.49,7.70694
2024-12-29,Superior,28.99,7.70694
2024-12-30,Búnker,18.74,7.70625
2024-12-30,Diésel,25.47,7.70625
2024-12-30,GLP,110.0,7.70625
2024-12-30,Regular,27.45,7.70625
2024-12-30,Superior,28.95,7.70625
2024-12-31,Búnker,18.74,7.70625
2024-12-31,Diésel,25.47,7.70625
2024-12-31,GLP,110.0,7.70625
2024-12-31,Regular,27.45,7.70625
2024-12-31,Superior,28.95,7.70625
2025-01-01,Búnker,18.74,7.70625
2025-01-01,Diésel,25.47,7.70625
2025-01-01,GLP,110.0,7.70625
2025-01-01,Regular,27.45,7.70625
2025-01-01,Superior,28.95,7.70625
2025-01-02,Búnker,18.74,7.7074
2025-01-02,Diésel,25.47,7.7074
2025-01-02,GLP,110.0,7.7074
2025-01-02,Regular,27.45,7.7074
2025-01-02,Superior,28.95,7.7074
2025-01-03,Búnker,18.74,7.70971
2025-01-03,Diésel,25.47,7.70971
2025-01-03,GLP,110.0,7.70971
2025-01-03,Regular,27.45,7.70971
2025-01-03,Superior,28.95,7.70971
2025-01-04,Búnker,18.74,7.70971
2025-01-04,Diésel,25.47,7.70971
2025-01-04,GLP,110.0,7.70971
2025-01-04,Regular,27.45,7.70971
2025-01-04,Superior,28.95,7.70971
2025-01-05,Búnker,18.74,7.70971
2025-01-05,Diésel,25.47,7.70971
2025-01-05,GLP,110.0,7.70971
2025-01-05,Regular,27.45,7.70971
2025-01-05,Superior,28.95,7.70971
2025-01-06,Búnker,18.74,7.71223
2025-01-06,Diésel,26.18,7.71223
2025-01-06,GLP,110.0,7.71223
2025-01-06,Regular,28.05,7.71223
2025-01-06,Superior,29.56,7.71223
2025-01-07,Búnker,18.74,7.70822
2025-01-07,Diésel,26.18,7.70822
2025-01-07,GLP,110.0,7.70822
2025-01-07,Regular,28.05,7.70822
2025-01-07,Superior,29.56,7.70822
2025-01-08,Búnker,18.74,7.70952
2025-01-08,Diésel,26.18,7.70952
2025-01-08,GLP,110.0,7.70952
2025-01-08,Regular,28.05,7.70952
2025-01-08,Superior,29.56,7.70952
2025-01-09,Búnker,18.74,7.70991
2025-01-09,Diésel,26.18,7.70991
2025-01-09,GLP,110.0,7.70991
2025-01-09,Regular,28.05,7.70991
2025-01-09,Superior,29.56,7.70991
2025-01-10,Búnker,18.74,7.71076
2025-01-10,Diésel,26.18,7.71076
2025-01-10,GLP,110.0,7.71076
2025-01-10,Regular,28.05,7.71076
2025-01-10,Superior,29.56,7.71076
2025-01-11,Búnker,18.74,7.71076
2025-01-11,Diésel,26.18,7.71076
2025-01-11,GLP,110.0,7.71076
2025-01-11,Regular,28.05,7.71076
2025-01-11,Superior,29.56,7.71076
2025-01-12,Búnker,18.74,7.71076
2025-01-12,Diésel,26.18,7.71076
2025-01-12,GLP,110.0,7.71076
2025-01-12,Regular,28.05,7.71076
2025-01-12,Superior,29.56,7.71076
2025-01-13,Búnker,19.14,7.70577
2025-01-13,Diésel,26.75,7.70577
2025-01-13,GLP,110.0,7.70577
2025-01-13,Regular,28.63,7.70577
2025-01-13,Superior,30.14,7.70577
2025-01-14,Búnker,19.14,7.71404
2025-01-14,Diésel,26.75,7.71404
2025-01-14,GLP,110.0,7.71404
2025-01-14,Regular,28.63,7.71404
2025-01-14,Superior,30.14,7.71404
2025-01-15,Búnker,19.14,7.7122
2025-01-15,Diésel,26.75,7.7122
2025-01-15,GLP,110.0,7.7122
2025-01-15,Regular,28.63,7.7122
2025-01-15,Superior,30.14,7.7122
2025-01-16,Búnker,19.14,7.71373
2025-01-16,Diésel,26.75,7.71373
2025-01-16,GLP,110.0,7.71373
2025-01-16,Regular,28.63,7.71373
2025-01-16,Superior,30.14,7.71373
2025-01-17,Búnker,19.14,7.71479
2025-01-17,Diésel,26.75,7.71479
2025-01-17,GLP,110.0,7.71479
2025-01-17,Regular,28.63,7.71479
2025-01-17,Superior,30.14,7.71479
2025-01-18,Búnker,19.14,7.71479
2025-01-18,Diésel,26.75,7.71479
2025-01-18,GLP,110.0,7.71479
2025-01-18,Regular,28.63,7.71479
2025-01-18,Superior,30.14,7.71479
2025-01-19,Búnker,19.14,7.71479
2025-01-19,Diésel,26.75,7.71479
2025-01-19,GLP,110.0,7.71479
2025-01-19,Regular,28.63,7.71479
2025-01-19,Superior,30.14,7.71479
2025-01-20,Búnker,19.74,7.70874
2025-01-20,Diésel,27.74,7.70874
2025-01-20,GLP,110.0,7.70874
2025-01-20,Regular,29.12,7.70874
2025-01-20,Superior,30.63,7.70874
2025-01-21,Búnker,19.74,7.71962
2025-01-21,Diésel,27.74,7.71962
2025-01-21,GLP,110.0,7.71962
2025-01-21,Regular,29.12,7.71962
2025-01-21,Superior,30.63,7.71962
2025-01-22,Búnker,19.74,7.71683
2025-01-22,Diésel,27.74,7.71683
2025-01-22,GLP,110.0,7.71683
2025-01-22,Regular,29.12,7.71683
2025-01-22,Superior,30.63,7.71683
2025-01-23,Búnker,19.74,7.72003
2025-01-23,Diésel,27.74,7.72003
2025-01-23,GLP,110.0,7.72003
2025-01-23,Regular,29.12,7.72003
2025-01-23,Superior,30.63,7.72003
2025-01-24,Búnker,19.74,7.72698
2025-01-24,Diésel,27.74,7.72698
2025-01-24,GLP,110.0,7.72698
2025-01-24,Regular,29.12,7.72698
2025-01-24,Superior,30.63,7.72698
2025-01-25,Búnker,19.74,7.72698
2025-01-25,Diésel,27.74,7.72698
2025-01-25,GLP,110.0,7.72698
2025-01-25,Regular,29.12,7.72698
2025-01-25,Superior,30.63,7.72698
2025-01-26,Búnker,19.74,7.72698
2025-01-26,Diésel,27.74,7.72698
2025-01-26,GLP,110.0,7.72698
2025-01-26,Regular,29.12,7.72698
2025-01-26,Superior,30.63,7.72698
2025-01-27,Búnker,19.54,7.72149
2025-01-27,Diésel,27.73,7.72149
2025-01-27,GLP,110.0,7.72149
2025-01-27,Regular,29.11,7.72149
2025-01-27,Superior,30.61,7.72149
2025-01-28,Búnker,19.54,7.72616
2025-01-28,Diésel,27.73,7.72616
2025-01-28,GLP,110.0,7.72616
2025-01-28,Regular,29.11,7.72616
2025-01-28,Superior,30.61,7.72616
2025-01-29,Búnker,19.54,7.73143
2025-01-29,Diésel,27.73,7.73143
2025-01-29,GLP,110.0,7.73143
2025-01-29,Regular,29.11,7.73143
2025-01-29,Superior,30.61,7.73143
2025-01-30,Búnker,19.54,7.726
2025-01-30,Diésel,27.73,7.726
2025-01-30,GLP,110.0,7.726
2025-01-30,Regular,29.11,7.726
2025-01-30,Superior,30.61,7.726
2025-01-31,Búnker,19.54,7.73299
2025-01-31,Diésel,27.73,7.73299
2025-01-31,GLP,110.0,7.73299
2025-01-31,Regular,29.11,7.73299
2025-01-31,Superior,30.61,7.73299
2025-02-01,Búnker,19.54,7.73299
2025-02-01,Diésel,27.73,7.73299
2025-02-01,GLP,110.0,7.73299
2025-02-01,Regular,29.11,7.73299
2025-02-01,Superior,30.61,7.73299
2025-02-02,Búnker,19.54,7.73299
2025-02-02,Diésel,27.73,7.73299
2025-02-02,GLP,110.0,7.73299
2025-02-02,Regular,29.11,7.73299
2025-02-02,Superior,30.61,7.73299
2025-02-03,Búnker,18.94,7.72177
2025-02-03,Diésel,27.79,7.72177
2025-02-03,GLP,113.5,7.72177
2025-02-03,Regular,28.18,7.72177
2025-02-03,Superior,30.67,7.72177
2025-02-04,Búnker,18.94,7.72169
2025-02-04,Diésel,27.79,7.72169
2025-02-04,GLP,117.0,7.72169
2025-02-04,Regular,28.18,7.72169
2025-02-04,Superior,30.67,7.72169
2025-02-05,Búnker,18.94,7.72205
2025-02-05,Diésel,27.79,7.72205
2025-02-05,GLP,117.0,7.72205
2025-02-05,Regular,28.18,7.72205
2025-02-05,Superior,30.67,7.72205
2025-02-06,Búnker,18.94,7.7224
2025-02-06,Diésel,27.79,7.7224
2025-02-06,GLP,117.0,7.7224
2025-02-06,Regular,28.18,7.7224
2025-02-06,Superior,30.67,7.7224
2025-02-07,Búnker,18.94,7.71659
2025-02-07,Diésel,27.79,7.71659
2025-02-07,GLP,117.0,7.71659
2025-02-07,Regular,28.18,7.71659
2025-02-07,Superior,30.67,7.71659
2025-02-08,Búnker,18.94,7.71659
2025-02-08,Diésel,27.79,7.71659
2025-02-08,GLP,117.0,7.71659
2025-02-08,Regular,28.18,7.71659
2025-02-08,Superior,30.67,7.71659
2025-02-09,Búnker,18.94,7.71659
2025-02-09,Diésel,27.79,7.71659
2025-02-09,GLP,117.0,7.71659
2025-02-09,Regular,28.18,7.71659
2025-02-09,Superior,30.67,7.71659
2025-02-10,Búnker,18.94,7.71619
2025-02-10,Diésel,27.02,7.71619
2025-02-10,GLP,117.0,7.71619
2025-02-10,Regular,28.66,7.71619
2025-02-10,Superior,30.17,7.71619
2025-02-11,Búnker,18.94,7.71252
2025-02-11,Diésel,27.02,7.71252
2025-02-11,GLP,117.0,7.71252
2025-02-11,Regular,28.66,7.71252
2025-02-11,Superior,30.17,7.71252
2025-02-12,Búnker,18.94,7.71307
2025-02-12,Diésel,27.02,7.71307
2025-02-12,GLP,117.0,7.71307
2025-02-12,Regular,28.66,7.71307
2025-02-12,Superior,30.17,7.71307
2025-02-13,Búnker,18.94,7.71346
2025-02-13,Diésel,27.02,7.71346
2025-02-13,GLP,117.0,7.71346
2025-02-13,Regular,28.66,7.71346
2025-02-13,Superior,30.17,7.71346
2025-02-14,Búnker,18.94,7.71059
2025-02-14,Diésel,27.02,7.71059
2025-02-14,GLP,117.0,7.71059
2025-02-14,Regular,28.66,7.71059
2025-02-14,Superior,30.17,7.71059
2025-02-15,Búnker,18.94,7.71059
2025-02-15,Diésel,27.02,7.71059
2025-02-15,GLP,117.0,7.71059
2025-02-15,Regular,28.66,7.71059
2025-02-15,Superior,30.17,7.71059
2025-02-16,Búnker,18.94,7.71059
2025-02-16,Diésel,27.02,7.71059
2025-02-16,GLP,117.0,7.71059
2025-02-16,Regular,28.66,7.71059
2025-02-16,Superior,30.17,7.71059
2025-02-17,Búnker,18.94,7.70364
2025-02-17,Diésel,27.58,7.70364
2025-02-17,GLP,118.5,7.70364
2025-02-17,Regular,29.18,7.70364
2025-02-17,Superior,30.69,7.70364
2025-02-18,Búnker,18.94,7.71458
2025-02-18,Diésel,27.58,7.71458
2025-02-18,GLP,118.5,7.71458
2025-02-18,Regular,29.18,7.71458
2025-02-18,Superior,30.69,7.71458
2025-02-19,Búnker,18.94,7.70967
2025-02-19,Diésel,27.58,7.70967
2025-02-19,GLP,120.0,7.70967
2025-02-19,Regular,29.18,7.70967
2025-02-19,Superior,30.69,7.70967
2025-02-20,Búnker,18.94,7.71097
2025-02-20,Diésel,27.58,7.71097
2025-02-20,GLP,120.0,7.71097
2025-02-20,Regular,29.18,7.71097
2025-02-20,Superior,30.69,7.71097
2025-02-21,Búnker,18.94,7.7105
2025-02-21,Diésel,27.58,7.7105
2025-02-21,GLP,120.0,7.7105
2025-02-21,Regular,29.18,7.7105
2025-02-21,Superior,30.69,7.7105
2025-02-22,Búnker,18.94,7.7105
2025-02-22,Diésel,27.58,7.7105
2025-02-22,GLP,120.0,7.7105
2025-02-22,Regular,29.18,7.7105
2025-02-22,Superior,30.69,7.7105
2025-02-23,Búnker,18.94,7.7105
2025-02-23,Diésel,27.58,7.7105
2025-02-23,GLP,120.0,7.7105
2025-02-23,Regular,29.18,7.7105
2025-02-23,Superior,30.69,7.7105
2025-02-24,Búnker,18.94,7.70726
2025-02-24,Diésel,27.67,7.70726
2025-02-24,GLP,120.0,7.70726
2025-02-24,Regular,29.26,7.70726
2025-02-24,Superior,30.76,7.70726
2025-02-25,Búnker,18.94,7.70956
2025-02-25,Diésel,27.67,7.70956
2025-02-25,GLP,120.0,7.70956
2025-02-25,Regular,29.26,7.70956
2025-02-25,Superior,30.76,7.70956
2025-02-26,Búnker,18.94,7.70984
2025-02-26,Diésel,27.67,7.70984
2025-02-26,GLP,120.0,7.70984
2025-02-26,Regular,29.26,7.70984
2025-02-26,Superior,30.76,7.70984
2025-02-27,Búnker,18.94,7.71006
2025-02-27,Diésel,27.67,7.71006
2025-02-27,GLP,120.0,7.71006
2025-02-27,Regular,29.26,7.71006
2025-02-27,Superior,30.76,7.71006
2025-02-28,Búnker,18.94,7.71145
2025-02-28,Diésel,27.67,7.71145
2025-02-28,GLP,120.0,7.71145
2025-02-28,Regular,29.26,7.71145
2025-02-28,Superior,30.76,7.71145
2025-03-01,Búnker,18.94,7.71145
2025-03-01,Diésel,27.67,7.71145
2025-03-01,GLP,120.0,7.71145
2025-03-01,Regular,29.26,7.71145
2025-03-01,Superior,30.76,7.71145
2025-03-02,Búnker,18.94,7.71145
2025-03-02,Diésel,27.67,7.71145
2025-03-02,GLP,120.0,7.71145
2025-03-02,Regular,29.26,7.71145
2025-03-02,Superior,30.76,7.71145
2025-03-03,Búnker,18.44,7.70822
2025-03-03,Diésel,27.67,7.70822
2025-03-03,GLP,120.0,7.70822
2025-03-03,Regular,29.26,7.70822
2025-03-03,Superior,30.76,7.70822
2025-03-04,Búnker,18.44,7.70594
2025-03-04,Diésel,27.67,7.70594
2025-03-04,GLP,120.0,7.70594
2025-03-04,Regular,29.26,7.70594
2025-03-04,Superior,30.76,7.70594
2025-03-05,Búnker,18.44,7.70554
2025-03-05,Diésel,27.67,7.70554
2025-03-05,GLP,120.0,7.70554
2025-03-05,Regular,29.26,7.70554
2025-03-05,Superior,30.76,7.70554
2025-03-06,Búnker,18.44,7.70344
2025-03-06,Diésel,27.67,7.70344
2025-03-06,GLP,120.0,7.70344
2025-03-06,Regular,29.26,7.70344
2025-03-06,Superior,30.76,7.70344
2025-03-07,Búnker,18.44,7.70675
2025-03-07,Diésel,27.67,7.70675
2025-03-07,GLP,120.0,7.70675
2025-03-07,Regular,29.26,7.70675
2025-03-07,Superior,30.76,7.70675
2025-03-08,Búnker,18.44,7.70675
2025-03-08,Diésel,27.67,7.70675
2025-03-08,GLP,120.0,7.70675
2025-03-08,Regular,29.26,7.70675
2025-03-08,Superior,30.76,7.70675
2025-03-09,Búnker,18.44,7.70675
2025-03-09,Diésel,27.67,7.70675
2025-03-09,GLP,120.0,7.70675
2025-03-09,Regular,29.26,7.70675
2025-03-09,Superior,30.76,7.70675
2025-03-10,Búnker,17.74,7.70193
2025-03-10,Diésel,26.81,7.70193
2025-03-10,GLP,120.0,7.70193
2025-03-10,Regular,28.39,7.70193
2025-03-10,Superior,29.88,7.70193
2025-03-11,Búnker,17.74,7.70245
2025-03-11,Diésel,26.81,7.70245
2025-03-11,GLP,120.0,7.70245
2025-03-11,Regular,28.39,7.70245
2025-03-11,Superior,29.88,7.70245
2025-03-12,Búnker,17.74,7.70197
2025-03-12,Diésel,26.81,7.70197
2025-03-12,GLP,120.0,7.70197
2025-03-12,Regular,28.39,7.70197
2025-03-12,Superior,29.88,7.70197
2025-03-13,Búnker,17.74,7.70471
2025-03-13,Diésel,26.81,7.70471
2025-03-13,GLP,120.0,7.70471
2025-03-13,Regular,28.39,7.70471
2025-03-13,Superior,29.88,7.70471
2025-03-14,Búnker,17.74,7.70309
2025-03-14,Diésel,26.81,7.70309
2025-03-14,GLP,120.0,7.70309
2025-03-14,Regular,28.39,7.70309
2025-03-14,Superior,29.88,7.70309
2025-03-15,Búnker,17.74,7.70309
2025-03-15,Diésel,26.81,7.70309
2025-03-15,GLP,120.0,7.70309
2025-03-15,Regular,28.39,7.70309
2025-03-15,Superior,29.88,7.70309
2025-03-16,Búnker,17.74,7.70309
2025-03-16,Diésel,26.81,7.70309
2025-03-16,GLP,120.0,7.70309
2025-03-16,Regular,28.39,7.70309
2025-03-16,Superior,29.88,7.70309
2025-03-17,Búnker,17.74,7.6965
2025-03-17,Diésel,26.08,7.6965
2025-03-17,GLP,120.0,7.6965
2025-03-17,Regular,28.17,7.6965
2025-03-17,Superior,29.68,7.6965
2025-03-18,Búnker,17.74,7.70049
2025-03-18,Diésel,26.08,7.70049
2025-03-18,GLP,120.0,7.70049
2025-03-18,Regular,28.17,7.70049
2025-03-18,Superior,29.68,7.70049
2025-03-19,Búnker,17.74,7.70297
2025-03-19,Diésel,26.08,7.70297
2025-03-19,GLP,120.0,7.70297
2025-03-19,Regular,28.17,7.70297
2025-03-19,Superior,29.68,7.70297
2025-03-20,Búnker,17.74,7.70833
2025-03-20,Diésel,26.08,7.70833
2025-03-20,GLP,120.0,7.70833
2025-03-20,Regular,28.17,7.70833
2025-03-20,Superior,29.68,7.70833
2025-03-21,Búnker,17.74,7.70247
2025-03-21,Diésel,26.08,7.70247
2025-03-21,GLP,120.0,7.70247
2025-03-21,Regular,28.17,7.70247
2025-03-21,Superior,29.68,7.70247
2025-03-22,Búnker,17.74,7.70247
2025-03-22,Diésel,26.08,7.70247
2025-03-22,GLP,120.0,7.70247
2025-03-22,Regular,28.17,7.70247
2025-03-22,Superior,29.68,7.70247
2025-03-23,Búnker,17.74,7.70247
2025-03-23,Diésel,26.08,7.70247
2025-03-23,GLP,120.0,7.70247
2025-03-23,Regular,28.17,7.70247
2025-03-23,Superior,29.68,7.70247
2025-03-24,Búnker,18.14,7.69863
2025-03-24,Diésel,25.76,7.69863
2025-03-24,GLP,120.0,7.69863
2025-03-24,Regular,28.89,7.69863
2025-03-24,Superior,30.39,7.69863
2025-03-25,Búnker,18.14,7.70482
2025-03-25,Diésel,25.76,7.70482
2025-03-25,GLP,120.0,7.70482
2025-03-25,Regular,28.89,7.70482
2025-03-25,Superior,30.39,7.70482
2025-03-26,Búnker,18.14,7.70661
2025-03-26,Diésel,25.76,7.70661
2025-03-26,GLP,120.0,7.70661
2025-03-26,Regular,28.89,7.70661
2025-03-26,Superior,30.39,7.70661
2025-03-27,Búnker,18.14,7.71033
2025-03-27,Diésel,25.76,7.71033
2025-03-27,GLP,120.0,7.71033
2025-03-27,Regular,28.89,7.71033
2025-03-27,Superior,30.39,7.71033
2025-03-28,Búnker,18.14,7.71525
2025-03-28,Diésel,25.76,7.71525
2025-03-28,GLP,120.0,7.71525
2025-03-28,Regular,28.89,7.71525
2025-03-28,Superior,30.39,7.71525
2025-03-29,Búnker,18.14,7.71525
2025-03-29,Diésel,25.76,7.71525
2025-03-29,GLP,120.0,7.71525
2025-03-29,Regular,28.89,7.71525
2025-03-29,Superior,30.39,7.71525
2025-03-30,Búnker,18.14,7.71525
2025-03-30,Diésel,25.76,7.71525
2025-03-30,GLP,120.0,7.71525
2025-03-30,Regular,28.89,7.71525
2025-03-30,Superior,30.39,7.71525
2025-03-31,Búnker,18.44,7.71165
2025-03-31,Diésel,25.79,7.71165
2025-03-31,GLP,120.0,7.71165
2025-03-31,Regular,29.05,7.71165
2025-03-31,Superior,30.53,7.71165
2025-04-01,Búnker,18.44,7.709
2025-04-01,Diésel,25.79,7.709
2025-04-01,GLP,120.0,7.709
2025-04-01,Regular,29.05,7.709
2025-04-01,Superior,30.53,7.709
2025-04-02,Búnker,18.44,7.71183
2025-04-02,Diésel,25.79,7.71183
2025-04-02,GLP,120.0,7.71183
2025-04-02,Regular,29.05,7.71183
2025-04-02,Superior,30.53,7.71183
2025-04-03,Búnker,18.44,7.71417
2025-04-03,Diésel,25.79,7.71417
2025-04-03,GLP,120.0,7.71417
2025-04-03,Regular,29.05,7.71417
2025-04-03,Superior,30.53,7.71417
2025-04-04,Búnker,18.44,7.71527
2025-04-04,Diésel,25.79,7.71527
2025-04-04,GLP,120.0,7.71527
2025-04-04,Regular,29.05,7.71527
2025-04-04,Superior,30.53,7.71527
2025-04-05,Búnker,18.44,7.71527
2025-04-05,Diésel,25.79,7.71527
2025-04-05,GLP,120.0,7.71527
2025-04-05,Regular,29.05,7.71527
2025-04-05,Superior,30.53,7.71527
2025-04-06,Búnker,18.44,7.71527
2025-04-06,Diésel,25.79,7.71527
2025-04-06,GLP,120.0,7.71527
2025-04-06,Regular,29.05,7.71527
2025-04-06,Superior,30.53,7.71527
2025-04-07,Búnker,18.44,7.70781
2025-04-07,Diésel,26.19,7.70781
2025-04-07,GLP,120.0,7.70781
2025-04-07,Regular,29.77,7.70781
2025-04-07,Superior,31.27,7.70781
2025-04-08,Búnker,18.44,7.70581
2025-04-08,Diésel,26.19,7.70581
2025-04-08,GLP,120.0,7.70581
2025-04-08,Regular,29.77,7.70581
2025-04-08,Superior,31.27,7.70581
2025-04-09,Búnker,18.44,7.7076
2025-04-09,Diésel,26.19,7.7076
2025-04-09,GLP,120.0,7.7076
2025-04-09,Regular,29.77,7.7076
2025-04-09,Superior,31.27,7.7076
2025-04-10,Búnker,18.44,7.70777
2025-04-10,Diésel,26.19,7.70777
2025-04-10,GLP,120.0,7.70777
2025-04-10,Regular,29.77,7.70777
2025-04-10,Superior,31.27,7.70777
2025-04-11,Búnker,18.44,7.70762
2025-04-11,Diésel,26.19,7.70762
2025-04-11,GLP,120.0,7.70762
2025-04-11,Regular,29.77,7.70762
2025-04-11,Superior,31.27,7.70762
2025-04-12,Búnker,18.44,7.70762
2025-04-12,Diésel,26.19,7.70762
2025-04-12,GLP,120.0,7.70762
2025-04-12,Regular,29.77,7.70762
2025-04-12,Superior,31.27,7.70762
2025-04-13,Búnker,18.44,7.70762
2025-04-13,Diésel,26.19,7.70762
2025-04-13,GLP,120.0,7.70762
2025-04-13,Regular,29.77,7.70762
2025-04-13,Superior,31.27,7.70762
2025-04-14,Búnker,18.44,7.70144
2025-04-14,Diésel,25.68,7.70144
2025-04-14,GLP,120.0,7.70144
2025-04-14,Regular,28.98,7.70144
2025-04-14,Superior,30.49,7.70144
2025-04-15,Búnker,18.44,7.69948
2025-04-15,Diésel,25.68,7.69948
2025-04-15,GLP,120.0,7.69948
2025-04-15,Regular,28.98,7.69948
2025-04-15,Superior,30.49,7.69948
2025-04-16,Búnker,18.44,7.69461
2025-04-16,Diésel,25.68,7.69461
2025-04-16,GLP,120.0,7.69461
2025-04-16,Regular,28.98,7.69461
2025-04-16,Superior,30.49,7.69461
2025-04-17,Búnker,18.44,7.69461
2025-04-17,Diésel,25.68,7.69461
2025-04-17,GLP,120.0,7.69461
2025-04-17,Regular,28.98,7.69461
2025-04-17,Superior,30.49,7.69461
2025-04-18,Búnker,18.44,7.69461
2025-04-18,Diésel,25.68,7.69461
2025-04-18,GLP,120.0,7.69461
2025-04-18,Regular,28.98,7.69461
2025-04-18,Superior,30.49,7.69461
2025-04-19,Búnker,18.44,7.69461
2025-04-19,Diésel,25.68,7.69461
2025-04-19,GLP,120.0,7.69461
2025-04-19,Regular,28.98,7.69461
2025-04-19,Superior,30.49,7.69461
2025-04-20,Búnker,18.44,7.69461
2025-04-20,Diésel,25.68,7.69461
2025-04-20,GLP,120.0,7.69461
2025-04-20,Regular,28.98,7.69461
2025-04-20,Superior,30.49,7.69461
2025-04-21,Búnker,17.44,7.69504
2025-04-21,Diésel,25.5,7.69504
2025-04-21,GLP,120.0,7.69504
2025-04-21,Regular,28.79,7.69504
2025-04-21,Superior,30.29,7.69504
2025-04-22,Búnker,17.44,7.69483
2025-04-22,Diésel,25.5,7.69483
2025-04-22,GLP,120.0,7.69483
2025-04-22,Regular,28.79,7.69483
2025-04-22,Superior,30.29,7.69483
2025-04-23,Búnker,17.44,7.69532
2025-04-23,Diésel,25.5,7.69532
2025-04-23,GLP,120.0,7.69532
2025-04-23,Regular,28.79,7.69532
2025-04-23,Superior,30.29,7.69532
2025-04-24,Búnker,17.44,7.69615
2025-04-24,Diésel,25.5,7.69615
2025-04-24,GLP,120.0,7.69615
2025-04-24,Regular,28.79,7.69615
2025-04-24,Superior,30.29,7.69615
2025-04-25,Búnker,17.44,7.69727
2025-04-25,Diésel,25.5,7.69727
2025-04-25,GLP,120.0,7.69727
2025-04-25,Regular,28.79,7.69727
2025-04-25,Superior,30.29,7.69727
2025-04-26,Búnker,17.44,7.69727
2025-04-26,Diésel,25.5,7.69727
2025-04-26,GLP,120.0,7.69727
2025-04-26,Regular,28.79,7.69727
2025-04-26,Superior,30.29,7.69727
2025-04-27,Búnker,17.44,7.69727
2025-04-27,Diésel,25.5,7.69727
2025-04-27,GLP,120.0,7.69727
2025-04-27,Regular,28.79,7.69727
2025-04-27,Superior,30.29,7.69727
2025-04-28,Búnker,17.64,7.69285
2025-04-28,Diésel,25.18,7.69285
2025-04-28,GLP,120.0,7.69285
2025-04-28,Regular,28.47,7.69285
2025-04-28,Superior,29.97,7.69285
2025-04-29,Búnker,17.64,7.69262
2025-04-29,Diésel,25.18,7.69262
2025-04-29,GLP,120.0,7.69262
2025-04-29,Regular,28.47,7.69262
2025-04-29,Superior,29.97,7.69262
2025-04-30,Búnker,17.64,7.69361
2025-04-30,Diésel,25.18,7.69361
2025-04-30,GLP,120.0,7.69361
2025-04-30,Regular,28.47,7.69361
2025-04-30,Superior,29.97,7.69361
2025-05-01,Búnker,17.64,7.69361
2025-05-01,Diésel,25.18,7.69361
2025-05-01,GLP,120.0,7.69361
2025-05-01,Regular,28.47,7.69361
2025-05-01,Superior,29.97,7.69361
2025-05-02,Búnker,17.64,7.69041
2025-05-02,Diésel,25.18,7.69041
2025-05-02,GLP,120.0,7.69041
2025-05-02,Regular,28.47,7.69041
2025-05-02,Superior,29.97,7.69041
2025-05-03,Búnker,17.64,7.69041
2025-05-03,Diésel,25.18,7.69041
2025-05-03,GLP,120.0,7.69041
2025-05-03,Regular,28.47,7.69041
2025-05-03,Superior,29.97,7.69041
2025-05-04,Búnker,17.64,7.69041
2025-05-04,Diésel,25.18,7.69041
2025-05-04,GLP,120.0,7.69041
2025-05-04,Regular,28.47,7.69041
2025-05-04,Superior,29.97,7.69041
2025-05-05,Búnker,17.14,7.68858
2025-05-05,Diésel,25.01,7.68858
2025-05-05,GLP,120.0,7.68858
2025-05-05,Regular,28.28,7.68858
2025-05-05,Superior,29.78,7.68858
2025-05-06,Búnker,17.14,7.68459
2025-05-06,Diésel,25.01,7.68459
2025-05-06,GLP,120.0,7.68459
2025-05-06,Regular,28.28,7.68459
2025-05-06,Superior,29.78,7.68459
2025-05-07,Búnker,17.14,7.68509
2025-05-07,Diésel,25.01,7.68509
2025-05-07,GLP,120.0,7.68509
2025-05-07,Regular,28.28,7.68509
2025-05-07,Superior,29.78,7.68509
2025-05-08,Búnker,17.14,7.68441
2025-05-08,Diésel,25.01,7.68441
2025-05-08,GLP,120.0,7.68441
2025-05-08,Regular,28.28,7.68441
2025-05-08,Superior,29.78,7.68441
2025-05-09,Búnker,17.14,7.68158
2025-05-09,Diésel,25.01,7.68158
2025-05-09,GLP,120.0,7.68158
2025-05-09,Regular,28.28,7.68158
2025-05-09,Superior,29.78,7.68158
2025-05-10,Búnker,17.14,7.68158
2025-05-10,Diésel,25.01,7.68158
2025-05-10,GLP,120.0,7.68158
2025-05-10,Regular,28.28,7.68158
2025-05-10,Superior,29.78,7.68158
2025-05-11,Búnker,17.14,7.68158
2025-05-11,Diésel,25.01,7.68158
2025-05-11,GLP,120.0,7.68158
2025-05-11,Regular,28.28,7.68158
2025-05-11,Superior,29.78,7.68158
2025-05-12,Búnker,16.94,7.6773
2025-05-12,Diésel,24.8,7.6773
2025-05-12,GLP,120.0,7.6773
2025-05-12,Regular,28.09,7.6773
2025-05-12,Superior,29.59,7.6773
2025-05-13,Búnker,16.94,7.67618
2025-05-13,Diésel,24.8,7.67618
2025-05-13,GLP,120.0,7.67618
2025-05-13,Regular,28.09,7.67618
2025-05-13,Superior,29.59,7.67618
2025-05-14,Búnker,16.94,7.67629
2025-05-14,Diésel,24.8,7.67629
2025-05-14,GLP,120.0,7.67629
2025-05-14,Regular,28.09,7.67629
2025-05-14,Superior,29.59,7.67629
2025-05-15,Búnker,16.94,7.67016
2025-05-15,Diésel,24.8,7.67016
2025-05-15,GLP,120.0,7.67016
2025-05-15,Regular,28.09,7.67016
2025-05-15,Superior,29.59,7.67016
2025-05-16,Búnker,16.94,7.67105
2025-05-16,Diésel,24.8,7.67105
2025-05-16,GLP,120.0,7.67105
2025-05-16,Regular,28.09,7.67105
2025-05-16,Superior,29.59,7.67105
2025-05-17,Búnker,16.94,7.67105
2025-05-17,Diésel,24.8,7.67105
2025-05-17,GLP,120.0,7.67105
2025-05-17,Regular,28.09,7.67105
2025-05-17,Superior,29.59,7.67105
2025-05-18,Búnker,16.94,7.67105
2025-05-18,Diésel,24.8,7.67105
2025-05-18,GLP,120.0,7.67105
2025-05-18,Regular,28.09,7.67105
2025-05-18,Superior,29.59,7.67105
2025-05-19,Búnker,17.74,7.6679
2025-05-19,Diésel,25.26,7.6679
2025-05-19,GLP,120.0,7.6679
2025-05-19,Regular,28.72,7.6679
2025-05-19,Superior,30.23,7.6679
2025-05-20,Búnker,17.74,7.66602
2025-05-20,Diésel,25.26,7.66602
2025-05-20,GLP,120.0,7.66602
2025-05-20,Regular,28.72,7.66602
2025-05-20,Superior,30.23,7.66602
2025-05-21,Búnker,17.74,7.6669
2025-05-21,Diésel,25.26,7.6669
2025-05-21,GLP,120.0,7.6669
2025-05-21,Regular,28.72,7.6669
2025-05-21,Superior,30.23,7.6669
2025-05-22,Búnker,17.74,7.66641
2025-05-22,Diésel,25.26,7.66641
2025-05-22,GLP,120.0,7.66641
2025-05-22,Regular,28.72,7.66641
2025-05-22,Superior,30.23,7.66641
2025-05-23,Búnker,17.74,7.66589
2025-05-23,Diésel,25.26,7.66589
2025-05-23,GLP,120.0,7.66589
2025-05-23,Regular,28.72,7.66589
2025-05-23,Superior,30.23,7.66589
2025-05-24,Búnker,17.74,7.66589
2025-05-24,Diésel,25.26,7.66589
2025-05-24,GLP,120.0,7.66589
2025-05-24,Regular,28.72,7.66589
2025-05-24,Superior,30.23,7.66589
2025-05-25,Búnker,17.74,7.66589
2025-05-25,Diésel,25.26,7.66589
2025-05-25,GLP,120.0,7.66589
2025-05-25,Regular,28.72,7.66589
2025-05-25,Superior,30.23,7.66589
2025-05-26,Búnker,17.74,7.66417
2025-05-26,Diésel,25.27,7.66417
2025-05-26,GLP,120.0,7.66417
2025-05-26,Regular,28.75,7.66417
2025-05-26,Superior,30.25,7.66417
2025-05-27,Búnker,17.74,7.68108
2025-05-27,Diésel,25.27,7.68108
2025-05-27,GLP,120.0,7.68108
2025-05-27,Regular,28.75,7.68108
2025-05-27,Superior,30.25,7.68108
2025-05-28,Búnker,17.74,7.67136
2025-05-28,Diésel,25.27,7.67136
2025-05-28,GLP,120.0,7.67136
2025-05-28,Regular,28.75,7.67136
2025-05-28,Superior,30.25,7.67136
2025-05-29,Búnker,17.74,7.67429
2025-05-29,Diésel,25.27,7.67429
2025-05-29,GLP,120.0,7.67429
2025-05-29,Regular,28.75,7.67429
2025-05-29,Superior,30.25,7.67429
2025-05-30,Búnker,17.74,7.67644
2025-05-30,Diésel,25.27,7.67644
2025-05-30,GLP,120.0,7.67644
2025-05-30,Regular,28.75,7.67644
2025-05-30,Superior,30.25,7.67644
2025-05-31,Búnker,17.74,7.67644
2025-05-31,Diésel,25.27,7.67644
2025-05-31,GLP,120.0,7.67644
2025-05-31,Regular,28.75,7.67644
2025-05-31,Superior,30.25,7.67644
2025-06-01,Búnker,17.74,7.67644
2025-06-01,Diésel,25.27,7.67644
2025-06-01,GLP,120.0,7.67644
2025-06-01,Regular,28.75,7.67644
2025-06-01,Superior,30.25,7.67644
2025-06-02,Búnker,17.74,7.67568
2025-06-02,Diésel,25.2,7.67568
2025-06-02,GLP,120.0,7.67568
2025-06-02,Regular,28.63,7.67568
2025-06-02,Superior,30.16,7.67568
2025-06-03,Búnker,17.74,7.67867
2025-06-03,Diésel,25.2,7.67867
2025-06-03,GLP,120.0,7.67867
2025-06-03,Regular,28.63,7.67867
2025-06-03,Superior,30.16,7.67867
2025-06-04,Búnker,17.74,7.67883
2025-06-04,Diésel,25.2,7.67883
2025-06-04,GLP,120.0,7.67883
2025-06-04,Regular,28.63,7.67883
2025-06-04,Superior,30.16,7.67883
2025-06-05,Búnker,17.74,7.68322
2025-06-05,Diésel,25.2,7.68322
2025-06-05,GLP,120.0,7.68322
2025-06-05,Regular,28.63,7.68322
2025-06-05,Superior,30.16,7.68322
2025-06-06,Búnker,17.74,7.68243
2025-06-06,Diésel,25.2,7.68243
2025-06-06,GLP,120.0,7.68243
2025-06-06,Regular,28.63,7.68243
2025-06-06,Superior,30.16,7.68243
2025-06-07,Búnker,17.74,7.68243
2025-06-07,Diésel,25.2,7.68243
2025-06-07,GLP,120.0,7.68243
2025-06-07,Regular,28.63,7.68243
2025-06-07,Superior,30.16,7.68243
2025-06-08,Búnker,17.74,7.68243
2025-06-08,Diésel,25.2,7.68243
2025-06-08,GLP,120.0,7.68243
2025-06-08,Regular,28.63,7.68243
2025-06-08,Superior,30.16,7.68243
2025-06-09,Búnker,17.74,7.68288
2025-06-09,Diésel,25.03,7.68288
2025-06-09,GLP,120.0,7.68288
2025-06-09,Regular,28.49,7.68288
2025-06-09,Superior,30.0,7.68288
2025-06-10,Búnker,17.74,7.68286
2025-06-10,Diésel,25.03,7.68286
2025-06-10,GLP,120.0,7.68286
2025-06-10,Regular,28.49,7.68286
2025-06-10,Superior,30.0,7.68286
2025-06-11,Búnker,17.74,7.68298
2025-06-11,Diésel,25.03,7.68298
2025-06-11,GLP,120.0,7.68298
2025-06-11,Regular,28.49,7.68298
2025-06-11,Superior,30.0,7.68298
2025-06-12,Búnker,17.74,7.68324
2025-06-12,Diésel,25.03,7.68324
2025-06-12,GLP,120.0,7.68324
2025-06-12,Regular,28.49,7.68324
2025-06-12,Superior,30.0,7.68324
2025-06-13,Búnker,17.74,7.6834
2025-06-13,Diésel,25.03,7.6834
2025-06-13,GLP,120.0,7.6834
2025-06-13,Regular,28.49,7.6834
2025-06-13,Superior,30.0,7.6834
2025-06-14,Búnker,17.74,7.6834
2025-06-14,Diésel,25.03,7.6834
2025-06-14,GLP,120.0,7.6834
2025-06-14,Regular,28.49,7.6834
2025-06-14,Superior,30.0,7.6834
2025-06-15,Búnker,17.74,7.6834
2025-06-15,Diésel,25.03,7.6834
2025-06-15,GLP,120.0,7.6834
2025-06-15,Regular,28.49,7.6834
2025-06-15,Superior,30.0,7.6834
2025-06-16,Búnker,18.94,7.67753
2025-06-16,Diésel,24.87,7.67753
2025-06-16,GLP,120.0,7.67753
2025-06-16,Regular,28.4,7.67753
2025-06-16,Superior,29.93,7.67753
2025-06-17,Búnker,18.94,7.67815
2025-06-17,Diésel,24.87,7.67815
2025-06-17,GLP,120.0,7.67815
2025-06-17,Regular,28.4,7.67815
2025-06-17,Superior,29.93,7.67815
2025-06-18,Búnker,18.94,7.68159
2025-06-18,Diésel,24.87,7.68159
2025-06-18,GLP,120.0,7.68159
2025-06-18,Regular,28.4,7.68159
2025-06-18,Superior,29.93,7.68159
2025-06-19,Búnker,18.94,7.68084
2025-06-19,Diésel,24.87,7.68084
2025-06-19,GLP,120.0,7.68084
2025-06-19,Regular,28.4,7.68084
2025-06-19,Superior,29.93,7.68084
2025-06-20,Búnker,18.94,7.68576
2025-06-20,Diésel,24.87,7.68576
2025-06-20,GLP,120.0,7.68576
2025-06-20,Regular,28.4,7.68576
2025-06-20,Superior,29.93,7.68576
2025-06-21,Búnker,18.94,7.68576
2025-06-21,Diésel,24.87,7.68576
2025-06-21,GLP,120.0,7.68576
2025-06-21,Regular,28.4,7.68576
2025-06-21,Superior,29.93,7.68576
2025-06-22,Búnker,18.94,7.68576
2025-06-22,Diésel,24.87,7.68576
2025-06-22,GLP,120.0,7.68576
2025-06-22,Regular,28.4,7.68576
2025-06-22,Superior,29.93,7.68576
2025-06-23,Búnker,19.94,7.68214
2025-06-23,Diésel,26.99,7.68214
2025-06-23,GLP,120.0,7.68214
2025-06-23,Regular,29.47,7.68214
2025-06-23,Superior,30.97,7.68214
2025-06-24,Búnker,19.94,7.68316
2025-06-24,Diésel,26.99,7.68316
2025-06-24,GLP,120.0,7.68316
2025-06-24,Regular,29.47,7.68316
2025-06-24,Superior,30.97,7.68316
2025-06-25,Búnker,19.94,7.68313
2025-06-25,Diésel,26.99,7.68313
2025-06-25,GLP,120.0,7.68313
2025-06-25,Regular,29.47,7.68313
2025-06-25,Superior,30.97,7.68313
2025-06-26,Búnker,19.94,7.68448
2025-06-26,Diésel,26.99,7.68448
2025-06-26,GLP,120.0,7.68448
2025-06-26,Regular,29.47,7.68448
2025-06-26,Superior,30.97,7.68448
2025-06-27,Búnker,19.94,7.68448
2025-06-27,Diésel,26.99,7.68448
2025-06-27,GLP,120.0,7.68448
2025-06-27,Regular,29.47,7.68448
2025-06-27,Superior,30.97,7.68448
2025-06-28,Búnker,19.94,7.68448
2025-06-28,Diésel,26.99,7.68448
2025-06-28,GLP,120.0,7.68448
2025-06-28,Regular,29.47,7.68448
2025-06-28,Superior,30.97,7.68448
2025-06-29,Búnker,19.94,7.68448
2025-06-29,Diésel,26.99,7.68448
2025-06-29,GLP,120.0,7.68448
2025-06-29,Regular,29.47,7.68448
2025-06-29,Superior,30.97,7.68448
2025-06-30,Búnker,19.94,7.68448
2025-06-30,Diésel,26.99,7.68448
2025-06-30,GLP,120.0,7.68448
2025-06-30,Regular,29.47,7.68448
2025-06-30,Superior,30.97,7.68448
2025-07-01,Búnker,19.94,7.68097
2025-07-01,Diésel,26.99,7.68097
2025-07-01,GLP,120.0,7.68097
2025-07-01,Regular,29.47,7.68097
2025-07-01,Superior,30.97,7.68097
2025-07-02,Búnker,19.14,7.68015
2025-07-02,Diésel,26.96,7.68015
2025-07-02,GLP,120.0,7.68015
2025-07-02,Regular,29.47,7.68015
2025-07-02,Superior,30.96,7.68015
2025-07-03,Búnker,19.14,7.68075
2025-07-03,Diésel,26.96,7.68075
2025-07-03,GLP,120.0,7.68075
2025-07-03,Regular,29.47,7.68075
2025-07-03,Superior,30.96,7.68075
2025-07-04,Búnker,19.14,7.67646
2025-07-04,Diésel,26.96,7.67646
2025-07-04,GLP,120.0,7.67646
2025-07-04,Regular,29.47,7.67646
2025-07-04,Superior,30.96,7.67646
2025-07-05,Búnker,19.14,7.67646
2025-07-05,Diésel,26.96,7.67646
2025-07-05,GLP,120.0,7.67646
2025-07-05,Regular,29.47,7.67646
2025-07-05,Superior,30.96,7.67646
2025-07-06,Búnker,19.14,7.67646
2025-07-06,Diésel,26.96,7.67646
2025-07-06,GLP,120.0,7.67646
2025-07-06,Regular,29.47,7.67646
2025-07-06,Superior,30.96,7.67646
2025-07-07,Búnker,18.49,7.67741
2025-07-07,Diésel,27.0,7.67741
2025-07-07,GLP,120.0,7.67741
2025-07-07,Regular,29.49,7.67741
2025-07-07,Superior,30.98,7.67741
2025-07-08,Búnker,18.49,7.67402
2025-07-08,Diésel,27.0,7.67402
2025-07-08,GLP,120.0,7.67402
2025-07-08,Regular,29.49,7.67402
2025-07-08,Superior,30.98,7.67402
2025-07-09,Búnker,18.49,7.6722
2025-07-09,Diésel,27.0,7.6722
2025-07-09,GLP,120.0,7.6722
2025-07-09,Regular,29.49,7.6722
2025-07-09,Superior,30.98,7.6722
2025-07-10,Búnker,18.49,7.67559
2025-07-10,Diésel,27.0,7.67559
2025-07-10,GLP,120.0,7.67559
2025-07-10,Regular,29.49,7.67559
2025-07-10,Superior,30.98,7.67559
2025-07-11,Búnker,18.49,7.67358
2025-07-11,Diésel,27.0,7.67358
2025-07-11,GLP,120.0,7.67358
2025-07-11,Regular,29.49,7.67358
2025-07-11,Superior,30.98,7.67358
2025-07-12,Búnker,18.49,7.67358
2025-07-12,Diésel,27.0,7.67358
2025-07-12,GLP,120.0,7.67358
2025-07-12,Regular,29.49,7.67358
2025-07-12,Superior,30.98,7.67358
2025-07-13,Búnker,18.49,7.67358
2025-07-13,Diésel,27.0,7.67358
2025-07-13,GLP,120.0,7.67358
2025-07-13,Regular,29.49,7.67358
2025-07-13,Superior,30.98,7.67358
2025-07-14,Búnker,18.94,7.66871
2025-07-14,Diésel,26.97,7.66871
2025-07-14,GLP,120.0,7.66871
2025-07-14,Regular,29.04,7.66871
2025-07-14,Superior,30.5,7.66871
2025-07-15,Búnker,18.94,7.66769
2025-07-15,Diésel,26.97,7.66769
2025-07-15,GLP,120.0,7.66769
2025-07-15,Regular,29.04,7.66769
2025-07-15,Superior,30.5,7.66769
2025-07-16,Búnker,18.94,7.67129
2025-07-16,Diésel,26.97,7.67129
2025-07-16,GLP,120.0,7.67129
2025-07-16,Regular,29.04,7.67129
2025-07-16,Superior,30.5,7.67129
2025-07-17,Búnker,18.94,7.67186
2025-07-17,Diésel,26.97,7.67186
2025-07-17,GLP,120.0,7.67186
2025-07-17,Regular,29.04,7.67186
2025-07-17,Superior,30.5,7.67186
2025-07-18,Búnker,18.94,7.67263
2025-07-18,Diésel,26.97,7.67263
2025-07-18,GLP,120.0,7.67263
2025-07-18,Regular,29.04,7.67263
2025-07-18,Superior,30.5,7.67263
2025-07-19,Búnker,18.94,7.67263
2025-07-19,Diésel,26.97,7.67263
2025-07-19,GLP,120.0,7.67263
2025-07-19,Regular,29.04,7.67263
2025-07-19,Superior,30.5,7.67263
2025-07-20,Búnker,18.94,7.67263
2025-07-20,Diésel,26.97,7.67263
2025-07-20,GLP,120.0,7.67263
2025-07-20,Regular,29.04,7.67263
2025-07-20,Superior,30.5,7.67263
2025-07-21,Búnker,19.29,7.66841
2025-07-21,Diésel,27.44,7.66841
2025-07-21,GLP,120.0,7.66841
2025-07-21,Regular,28.97,7.66841
2025-07-21,Superior,30.47,7.66841
2025-07-22,Búnker,19.29,7.66838
2025-07-22,Diésel,27.44,7.66838
2025-07-22,GLP,120.0,7.66838
2025-07-22,Regular,28.97,7.66838
2025-07-22,Superior,30.47,7.66838
2025-07-23,Búnker,19.29,7.67106
2025-07-23,Diésel,27.44,7.67106
2025-07-23,GLP,120.0,7.67106
2025-07-23,Regular,28.97,7.67106
2025-07-23,Superior,30.47,7.67106
2025-07-24,Búnker,19.29,7.67278
2025-07-24,Diésel,27.44,7.67278
2025-07-24,GLP,120.0,7.67278
2025-07-24,Regular,28.97,7.67278
2025-07-24,Superior,30.47,7.67278
2025-07-25,Búnker,19.29,7.67529
2025-07-25,Diésel,27.44,7.67529
2025-07-25,GLP,120.0,7.67529
2025-07-25,Regular,28.97,7.67529
2025-07-25,Superior,30.47,7.67529
2025-07-26,Búnker,19.29,7.67529
2025-07-26,Diésel,27.44,7.67529
2025-07-26,GLP,120.0,7.67529
2025-07-26,Regular,28.97,7.67529
2025-07-26,Superior,30.47,7.67529
2025-07-27,Búnker,19.29,7.67529
2025-07-27,Diésel,27.44,7.67529
2025-07-27,GLP,120.0,7.67529
2025-07-27,Regular,28.97,7.67529
2025-07-27,Superior,30.47,7.67529
2025-07-28,Búnker,19.29,7.67099
2025-07-28,Diésel,27.46,7.67099
2025-07-28,GLP,120.0,7.67099
2025-07-28,Regular,28.97,7.67099
2025-07-28,Superior,30.47,7.67099
2025-07-29,Búnker,19.29,7.66989
2025-07-29,Diésel,27.46,7.66989
2025-07-29,GLP,120.0,7.66989
2025-07-29,Regular,28.97,7.66989
2025-07-29,Superior,30.47,7.66989
2025-07-30,Búnker,19.29,7.67033
2025-07-30,Diésel,27.46,7.67033
2025-07-30,GLP,120.0,7.67033
2025-07-30,Regular,28.97,7.67033
2025-07-30,Superior,30.47,7.67033
2025-07-31,Búnker,19.29,7.66887
2025-07-31,Diésel,27.46,7.66887
2025-07-31,GLP,120.0,7.66887
2025-07-31,Regular,28.97,7.66887
2025-07-31,Superior,30.47,7.66887
2025-08-01,Búnker,19.29,7.66753
2025-08-01,Diésel,27.46,7.66753
2025-08-01,GLP,120.0,7.66753
2025-08-01,Regular,28.97,7.66753
2025-08-01,Superior,30.47,7.66753
2025-08-02,Búnker,19.29,7.66753
2025-08-02,Diésel,27.46,7.66753
2025-08-02,GLP,120.0,7.66753
2025-08-02,Regular,28.97,7.66753
2025-08-02,Superior,30.47,7.66753
2025-08-03,Búnker,19.29,7.66753
2025-08-03,Diésel,27.46,7.66753
2025-08-03,GLP,120.0,7.66753
2025-08-03,Regular,28.97,7.66753
2025-08-03,Superior,30.47,7.66753
2025-08-04,Búnker,19.49,7.66566
2025-08-04,Diésel,27.44,7.66566
2025-08-04,GLP,120.0,7.66566
2025-08-04,Regular,28.96,7.66566
2025-08-04,Superior,30.46,7.66566
2025-08-05,Búnker,19.49,7.66537
2025-08-05,Diésel,27.44,7.66537
2025-08-05,GLP,120.0,7.66537
2025-08-05,Regular,28.96,7.66537
2025-08-05,Superior,30.46,7.66537
2025-08-06,Búnker,19.49,7.66715
2025-08-06,Diésel,27.44,7.66715
2025-08-06,GLP,120.0,7.66715
2025-08-06,Regular,28.96,7.66715
2025-08-06,Superior,30.46,7.66715
2025-08-07,Búnker,19.49,7.66553
2025-08-07,Diésel,27.44,7.66553
2025-08-07,GLP,120.0,7.66553
2025-08-07,Regular,28.96,7.66553
2025-08-07,Superior,30.46,7.66553
2025-08-08,Búnker,19.49,7.66278
2025-08-08,Diésel,27.44,7.66278
2025-08-08,GLP,120.0,7.66278
2025-08-08,Regular,28.96,7.66278
2025-08-08,Superior,30.46,7.66278
2025-08-09,Búnker,19.49,7.66278
2025-08-09,Diésel,27.44,7.66278
2025-08-09,GLP,120.0,7.66278
2025-08-09,Regular,28.96,7.66278
2025-08-09,Superior,30.46,7.66278
2025-08-10,Búnker,19.49,7.66278
2025-08-10,Diésel,27.44,7.66278
2025-08-10,GLP,120.0,7.66278
2025-08-10,Regular,28.96,7.66278
2025-08-10,Superior,30.46,7.66278
2025-08-11,Búnker,19.09,7.66137
2025-08-11,Diésel,26.88,7.66137
2025-08-11,GLP,120.0,7.66137
2025-08-11,Regular,28.94,7.66137
2025-08-11,Superior,30.44,7.66137
2025-08-12,Búnker,19.09,7.66069
2025-08-12,Diésel,26.88,7.66069
2025-08-12,GLP,120.0,7.66069
2025-08-12,Regular,28.94,7.66069
2025-08-12,Superior,30.44,7.66069
2025-08-13,Búnker,19.09,7.66599
2025-08-13,Diésel,26.88,7.66599
2025-08-13,GLP,120.0,7.66599
2025-08-13,Regular,28.94,7.66599
2025-08-13,Superior,30.44,7.66599
2025-08-14,Búnker,19.09,7.66325
2025-08-14,Diésel,26.88,7.66325
2025-08-14,GLP,120.0,7.66325
2025-08-14,Regular,28.94,7.66325
2025-08-14,Superior,30.44,7.66325
2025-08-15,Búnker,19.09,7.66325
2025-08-15,Diésel,26.88,7.66325
2025-08-15,GLP,120.0,7.66325
2025-08-15,Regular,28.94,7.66325
2025-08-15,Superior,30.44,7.66325
2025-08-16,Búnker,19.09,7.66325
2025-08-16,Diésel,26.88,7.66325
2025-08-16,GLP,120.0,7.66325
2025-08-16,Regular,28.94,7.66325
2025-08-16,Superior,30.44,7.66325
2025-08-17,Búnker,19.09,7.66325
2025-08-17,Diésel,26.88,7.66325
2025-08-17,GLP,120.0,7.66325
2025-08-17,Regular,28.94,7.66325
2025-08-17,Superior,30.44,7.66325
2025-08-18,Búnker,18.29,7.6585
2025-08-18,Diésel,26.58,7.6585
2025-08-18,GLP,120.0,7.6585
2025-08-18,Regular,28.65,7.6585
2025-08-18,Superior,30.13,7.6585
2025-08-19,Búnker,18.29,7.65775
2025-08-19,Diésel,26.58,7.65775
2025-08-19,GLP,120.0,7.65775
2025-08-19,Regular,28.65,7.65775
2025-08-19,Superior,30.13,7.65775
2025-08-20,Búnker,18.29,7.66252
2025-08-20,Diésel,26.58,7.66252
2025-08-20,GLP,120.0,7.66252
2025-08-20,Regular,28.65,7.66252
2025-08-20,Superior,30.13,7.66252
2025-08-21,Búnker,18.29,7.66018
2025-08-21,Diésel,26.58,7.66018
2025-08-21,GLP,110.0,7.66018
2025-08-21,Regular,28.65,7.66018
2025-08-21,Superior,30.13,7.66018
2025-08-22,Búnker,18.29,7.66004
2025-08-22,Diésel,26.58,7.66004
2025-08-22,GLP,110.0,7.66004
2025-08-22,Regular,28.65,7.66004
2025-08-22,Superior,30.13,7.66004
2025-08-23,Búnker,18.29,7.66004
2025-08-23,Diésel,26.58,7.66004
2025-08-23,GLP,110.0,7.66004
2025-08-23,Regular,28.65,7.66004
2025-08-23,Superior,30.13,7.66004
2025-08-24,Búnker,18.29,7.66004
2025-08-24,Diésel,26.58,7.66004
2025-08-24,GLP,110.0,7.66004
2025-08-24,Regular,28.65,7.66004
2025-08-24,Superior,30.13,7.66004
2025-08-25,Búnker,18.29,7.65717
2025-08-25,Diésel,26.06,7.65717
2025-08-25,GLP,110.0,7.65717
2025-08-25,Regular,28.54,7.65717
2025-08-25,Superior,30.04,7.65717
2025-08-26,Búnker,18.29,7.65724
2025-08-26,Diésel,26.06,7.65724
2025-08-26,GLP,110.0,7.65724
2025-08-26,Regular,28.54,7.65724
2025-08-26,Superior,30.04,7.65724
2025-08-27,Búnker,18.29,7.65956
2025-08-27,Diésel,26.06,7.65956
2025-08-27,GLP,110.0,7.65956
2025-08-27,Regular,28.54,7.65956
2025-08-27,Superior,30.04,7.65956
2025-08-28,Búnker,18.29,7.65985
2025-08-28,Diésel,26.06,7.65985
2025-08-28,GLP,110.0,7.65985
2025-08-28,Regular,28.54,7.65985
2025-08-28,Superior,30.04,7.65985
2025-08-29,Búnker,18.29,7.66073
2025-08-29,Diésel,26.06,7.66073
2025-08-29,GLP,110.0,7.66073
2025-08-29,Regular,28.54,7.66073
2025-08-29,Superior,30.04,7.66073
2025-08-30,Búnker,18.29,7.66073
2025-08-30,Diésel,26.06,7.66073
2025-08-30,GLP,110.0,7.66073
2025-08-30,Regular,28.54,7.66073
2025-08-30,Superior,30.04,7.66073
2025-08-31,Búnker,18.29,7.66073
2025-08-31,Diésel,26.06,7.66073
2025-08-31,GLP,110.0,7.66073
2025-08-31,Regular,28.54,7.66073
2025-08-31,Superior,30.04,7.66073
2025-09-01,Búnker,18.29,7.65577
2025-09-01,Diésel,26.01,7.65577
2025-09-01,GLP,110.0,7.65577
2025-09-01,Regular,28.56,7.65577
2025-09-01,Superior,30.04,7.65577
2025-09-02,Búnker,18.29,7.66363
2025-09-02,Diésel,26.01,7.66363
2025-09-02,GLP,110.0,7.66363
2025-09-02,Regular,28.56,7.66363
2025-09-02,Superior,30.04,7.66363
2025-09-03,Búnker,18.29,7.66205
2025-09-03,Diésel,26.01,7.66205
2025-09-03,GLP,110.0,7.66205
2025-09-03,Regular,28.56,7.66205
2025-09-03,Superior,30.04,7.66205
2025-09-04,Búnker,18.29,7.66171
2025-09-04,Diésel,26.01,7.66171
2025-09-04,GLP,110.0,7.66171
2025-09-04,Regular,28.56,7.66171
2025-09-04,Superior,30.04,7.66171
2025-09-05,Búnker,18.29,7.66091
2025-09-05,Diésel,26.01,7.66091
2025-09-05,GLP,110.0,7.66091
2025-09-05,Regular,28.56,7.66091
2025-09-05,Superior,30.04,7.66091
2025-09-06,Búnker,18.29,7.66091
2025-09-06,Diésel,26.01,7.66091
2025-09-06,GLP,110.0,7.66091
2025-09-06,Regular,28.56,7.66091
2025-09-06,Superior,30.04,7.66091
2025-09-07,Búnker,18.29,7.66091
2025-09-07,Diésel,26.01,7.66091
2025-09-07,GLP,110.0,7.66091
2025-09-07,Regular,28.56,7.66091
2025-09-07,Superior,30.04,7.66091
2025-09-08,Búnker,18.29,7.65734
2025-09-08,Diésel,26.02,7.65734
2025-09-08,GLP,110.0,7.65734
2025-09-08,Regular,28.56,7.65734
2025-09-08,Superior,30.06,7.65734
2025-09-09,Búnker,18.29,7.65783
2025-09-09,Diésel,26.02,7.65783
2025-09-09,GLP,110.0,7.65783
2025-09-09,Regular,28.56,7.65783
2025-09-09,Superior,30.06,7.65783
2025-09-10,Búnker,18.29,7.65865
2025-09-10,Diésel,26.02,7.65865
2025-09-10,GLP,110.0,7.65865
2025-09-10,Regular,28.56,7.65865
2025-09-10,Superior,30.06,7.65865
2025-09-11,Búnker,18.29,7.65671
2025-09-11,Diésel,26.02,7.65671
2025-09-11,GLP,110.0,7.65671
2025-09-11,Regular,28.56,7.65671
2025-09-11,Superior,30.06,7.65671
2025-09-12,Búnker,18.29,7.6568
2025-09-12,Diésel,26.02,7.6568
2025-09-12,GLP,110.0,7.6568
2025-09-12,Regular,28.56,7.6568
2025-09-12,Superior,30.06,7.6568
2025-09-13,Búnker,18.29,7.6568
2025-09-13,Diésel,26.02,7.6568
2025-09-13,GLP,110.0,7.6568
2025-09-13,Regular,28.56,7.6568
2025-09-13,Superior,30.06,7.6568
2025-09-14,Búnker,18.29,7.6568
2025-09-14,Diésel,26.02,7.6568
2025-09-14,GLP,110.0,7.6568
2025-09-14,Regular,28.56,7.6568
2025-09-14,Superior,30.06,7.6568
2025-09-15,Búnker,18.29,7.6568
2025-09-15,Diésel,26.02,7.6568
2025-09-15,GLP,110.0,7.6568
2025-09-15,Regular,28.56,7.6568
2025-09-15,Superior,30.06,7.6568
2025-09-16,Búnker,18.29,7.65177
2025-09-16,Diésel,25.99,7.65177
2025-09-16,GLP,110.0,7.65177
2025-09-16,Regular,28.48,7.65177
2025-09-16,Superior,29.97,7.65177
2025-09-17,Búnker,18.29,7.65199
2025-09-17,Diésel,25.99,7.65199
2025-09-17,GLP,110.0,7.65199
2025-09-17,Regular,28.48,7.65199
2025-09-17,Superior,29.97,7.65199
2025-09-18,Búnker,18.29,7.65876
2025-09-18,Diésel,25.99,7.65876
2025-09-18,GLP,110.0,7.65876
2025-09-18,Regular,28.48,7.65876
2025-09-18,Superior,29.97,7.65876
2025-09-19,Búnker,18.29,7.65887
2025-09-19,Diésel,25.99,7.65887
2025-09-19,GLP,110.0,7.65887
2025-09-19,Regular,28.48,7.65887
2025-09-19,Superior,29.97,7.65887
2025-09-20,Búnker,18.29,7.65887
2025-09-20,Diésel,25.99,7.65887
2025-09-20,GLP,110.0,7.65887
2025-09-20,Regular,28.48,7.65887
2025-09-20,Superior,29.97,7.65887
2025-09-21,Búnker,18.29,7.65887
2025-09-21,Diésel,25.99,7.65887
2025-09-21,GLP,110.0,7.65887
2025-09-21,Regular,28.48,7.65887
2025-09-21,Superior,29.97,7.65887
2025-09-22,Búnker,18.29,7.65392
2025-09-22,Diésel,26.39,7.65392
2025-09-22,GLP,110.0,7.65392
2025-09-22,Regular,28.45,7.65392
2025-09-22,Superior,29.94,7.65392
2025-09-23,Búnker,18.29,7.65343
2025-09-23,Diésel,26.39,7.65343
2025-09-23,GLP,110.0,7.65343
2025-09-23,Regular,28.45,7.65343
2025-09-23,Superior,29.94,7.65343
2025-09-24,Búnker,18.29,7.65732
2025-09-24,Diésel,26.39,7.65732
2025-09-24,GLP,110.0,7.65732
2025-09-24,Regular,28.45,7.65732
2025-09-24,Superior,29.94,7.65732
2025-09-25,Búnker,18.29,7.66162
2025-09-25,Diésel,26.39,7.66162
2025-09-25,GLP,110.0,7.66162
2025-09-25,Regular,28.45,7.66162
2025-09-25,Superior,29.94,7.66162
2025-09-26,Búnker,18.29,7.65589
2025-09-26,Diésel,26.39,7.65589
2025-09-26,GLP,110.0,7.65589
2025-09-26,Regular,28.45,7.65589
2025-09-26,Superior,29.94,7.65589
2025-09-27,Búnker,18.29,7.65589
2025-09-27,Diésel,26.39,7.65589
2025-09-27,GLP,110.0,7.65589
2025-09-27,Regular,28.45,7.65589
2025-09-27,Superior,29.94,7.65589
2025-09-28,Búnker,18.29,7.65589
2025-09-28,Diésel,26.39,7.65589
2025-09-28,GLP,110.0,7.65589
2025-09-28,Regular,28.45,7.65589
2025-09-28,Superior,29.94,7.65589
2025-09-29,Búnker,18.29,7.65597
2025-09-29,Diésel,26.38,7.65597
2025-09-29,GLP,110.0,7.65597
2025-09-29,Regular,28.45,7.65597
2025-09-29,Superior,29.95,7.65597
2025-09-30,Búnker,18.29,7.65709
2025-09-30,Diésel,26.38,7.65709
2025-09-30,GLP,110.0,7.65709
2025-09-30,Regular,28.45,7.65709
2025-09-30,Superior,29.95,7.65709
2025-10-01,Búnker,18.29,7.65872
2025-10-01,Diésel,26.38,7.65872
2025-10-01,GLP,110.0,7.65872
2025-10-01,Regular,28.45,7.65872
2025-10-01,Superior,29.95,7.65872
2025-10-02,Búnker,18.29,7.66046
2025-10-02,Diésel,26.38,7.66046
2025-10-02,GLP,110.0,7.66046
2025-10-02,Regular,28.45,7.66046
2025-10-02,Superior,29.95,7.66046
2025-10-03,Búnker,18.29,7.65919
2025-10-03,Diésel,26.38,7.65919
2025-10-03,GLP,110.0,7.65919
2025-10-03,Regular,28.45,7.65919
2025-10-03,Superior,29.95,7.65919
2025-10-04,Búnker,18.29,7.65919
2025-10-04,Diésel,26.38,7.65919
2025-10-04,GLP,110.0,7.65919
2025-10-04,Regular,28.45,7.65919
2025-10-04,Superior,29.95,7.65919
2025-10-05,Búnker,18.29,7.65919
2025-10-05,Diésel,26.38,7.65919
2025-10-05,GLP,110.0,7.65919
2025-10-05,Regular,28.45,7.65919
2025-10-05,Superior,29.95,7.65919
2025-10-06,Búnker,18.29,7.65446
2025-10-06,Diésel,26.38,7.65446
2025-10-06,GLP,110.0,7.65446
2025-10-06,Regular,28.46,7.65446
2025-10-06,Superior,29.96,7.65446
2025-10-07,Búnker,18.29,7.65596
2025-10-07,Diésel,26.38,7.65596
2025-10-07,GLP,110.0,7.65596
2025-10-07,Regular,28.46,7.65596
2025-10-07,Superior,29.96,7.65596
2025-10-08,Búnker,18.29,7.65843
2025-10-08,Diésel,26.38,7.65843
2025-10-08,GLP,110.0,7.65843
2025-10-08,Regular,28.46,7.65843
2025-10-08,Superior,29.96,7.65843
2025-10-09,Búnker,18.29,7.65726
2025-10-09,Diésel,26.38,7.65726
2025-10-09,GLP,110.0,7.65726
2025-10-09,Regular,28.46,7.65726
2025-10-09,Superior,29.96,7.65726
2025-10-10,Búnker,18.29,7.65731
2025-10-10,Diésel,26.38,7.65731
2025-10-10,GLP,110.0,7.65731
2025-10-10,Regular,28.46,7.65731
2025-10-10,Superior,29.96,7.65731
2025-10-11,Búnker,18.29,7.65731
2025-10-11,Diésel,26.38,7.65731
2025-10-11,GLP,110.0,7.65731
2025-10-11,Regular,28.46,7.65731
2025-10-11,Superior,29.96,7.65731
2025-10-12,Búnker,18.29,7.65731
2025-10-12,Diésel,26.38,7.65731
2025-10-12,GLP,110.0,7.65731
2025-10-12,Regular,28.46,7.65731
2025-10-12,Superior,29.96,7.65731
2025-10-13,Búnker,18.29,7.65731
2025-10-13,Diésel,25.97,7.65731
2025-10-13,GLP,110.0,7.65731
2025-10-13,Regular,28.05,7.65731
2025-10-13,Superior,29.55,7.65731
2025-10-14,Búnker,18.29,7.65379
2025-10-14,Diésel,25.97,7.65379
2025-10-14,GLP,110.0,7.65379
2025-10-14,Regular,28.05,7.65379
2025-10-14,Superior,29.55,7.65379
2025-10-15,Búnker,18.29,7.65425
2025-10-15,Diésel,25.97,7.65425
2025-10-15,GLP,110.0,7.65425
2025-10-15,Regular,28.05,7.65425
2025-10-15,Superior,29.55,7.65425
2025-10-16,Búnker,18.29,7.65561
2025-10-16,Diésel,25.97,7.65561
2025-10-16,GLP,110.0,7.65561
2025-10-16,Regular,28.05,7.65561
2025-10-16,Superior,29.55,7.65561
2025-10-17,Búnker,18.29,7.65616
2025-10-17,Diésel,25.97,7.65616
2025-10-17,GLP,110.0,7.65616
2025-10-17,Regular,28.05,7.65616
2025-10-17,Superior,29.55,7.65616
2025-10-18,Búnker,18.29,7.65616
2025-10-18,Diésel,25.97,7.65616
2025-10-18,GLP,110.0,7.65616
2025-10-18,Regular,28.05,7.65616
2025-10-18,Superior,29.55,7.65616
2025-10-19,Búnker,18.29,7.65616
2025-10-19,Diésel,25.97,7.65616
2025-10-19,GLP,110.0,7.65616
2025-10-19,Regular,28.05,7.65616
2025-10-19,Superior,29.55,7.65616
2025-10-20,Búnker,18.29,7.65616
2025-10-20,Diésel,25.97,7.65616
2025-10-20,GLP,110.0,7.65616
2025-10-20,Regular,28.05,7.65616
2025-10-20,Superior,29.55,7.65616
2025-10-21,Búnker,17.29,7.65173
2025-10-21,Diésel,25.89,7.65173
2025-10-21,GLP,110.0,7.65173
2025-10-21,Regular,27.58,7.65173
2025-10-21,Superior,29.09,7.65173
2025-10-22,Búnker,17.29,7.65459
2025-10-22,Diésel,25.89,7.65459
2025-10-22,GLP,110.0,7.65459
2025-10-22,Regular,27.58,7.65459
2025-10-22,Superior,29.09,7.65459
2025-10-23,Búnker,17.29,7.65449
2025-10-23,Diésel,25.89,7.65449
2025-10-23,GLP,110.0,7.65449
2025-10-23,Regular,27.58,7.65449
2025-10-23,Superior,29.09,7.65449
2025-10-24,Búnker,17.29,7.6566
2025-10-24,Diésel,25.89,7.6566
2025-10-24,GLP,110.0,7.6566
2025-10-24,Regular,27.58,7.6566
2025-10-24,Superior,29.09,7.6566
2025-10-25,Búnker,17.29,7.6566
2025-10-25,Diésel,25.89,7.6566
2025-10-25,GLP,110.0,7.6566
2025-10-25,Regular,27.58,7.6566
2025-10-25,Superior,29.09,7.6566
2025-10-26,Búnker,17.29,7.6566
2025-10-26,Diésel,25.89,7.6566
2025-10-26,GLP,110.0,7.6566
2025-10-26,Regular,27.58,7.6566
2025-10-26,Superior,29.09,7.6566
2025-10-27,Búnker,16.79,7.65554
2025-10-27,Diésel,25.36,7.65554
2025-10-27,GLP,110.0,7.65554
2025-10-27,Regular,26.83,7.65554
2025-10-27,Superior,28.32,7.65554
2025-10-28,Búnker,16.79,7.6544
2025-10-28,Diésel,25.36,7.6544
2025-10-28,GLP,110.0,7.6544
2025-10-28,Regular,26.83,7.6544
2025-10-28,Superior,28.32,7.6544
2025-10-29,Búnker,16.79,7.65789
2025-10-29,Diésel,25.36,7.65789
2025-10-29,GLP,110.0,7.65789
2025-10-29,Regular,26.83,7.65789
2025-10-29,Superior,28.32,7.65789
2025-10-30,Búnker,16.79,7.65844
2025-10-30,Diésel,25.36,7.65844
2025-10-30,GLP,110.0,7.65844
2025-10-30,Regular,26.83,7.65844
2025-10-30,Superior,28.32,7.65844
2025-10-31,Búnker,16.79,7.65671
2025-10-31,Diésel,25.36,7.65671
2025-10-31,GLP,110.0,7.65671
2025-10-31,Regular,26.83,7.65671
2025-10-31,Superior,28.32,7.65671
2025-11-01,Búnker,16.79,7.65671
2025-11-01,Diésel,25.36,7.65671
2025-11-01,GLP,110.0,7.65671
2025-11-01,Regular,26.83,7.65671
2025-11-01,Superior,28.32,7.65671
2025-11-02,Búnker,16.79,7.65671
2025-11-02,Diésel,25.36,7.65671
2025-11-02,GLP,110.0,7.65671
2025-11-02,Regular,26.83,7.65671
2025-11-02,Superior,28.32,7.65671
2025-11-03,Búnker,16.79,7.65671
2025-11-03,Diésel,26.21,7.65671
2025-11-03,GLP,110.0,7.65671
2025-11-03,Regular,26.69,7.65671
2025-11-03,Superior,28.2,7.65671
2025-11-04,Búnker,16.79,7.65211
2025-11-04,Diésel,26.21,7.65211
2025-11-04,GLP,110.0,7.65211
2025-11-04,Regular,26.69,7.65211
2025-11-04,Superior,28.2,7.65211
2025-11-05,Búnker,16.79,7.65741
2025-11-05,Diésel,26.21,7.65741
2025-11-05,GLP,110.0,7.65741
2025-11-05,Regular,26.69,7.65741
2025-11-05,Superior,28.2,7.65741
2025-11-06,Búnker,16.79,7.6557
2025-11-06,Diésel,26.21,7.6557
2025-11-06,GLP,110.0,7.6557
2025-11-06,Regular,26.69,7.6557
2025-11-06,Superior,28.2,7.6557
2025-11-07,Búnker,16.79,7.65624
2025-11-07,Diésel,26.21,7.65624
2025-11-07,GLP,110.0,7.65624
2025-11-07,Regular,26.69,7.65624
2025-11-07,Superior,28.2,7.65624
2025-11-08,Búnker,16.79,7.65624
2025-11-08,Diésel,26.21,7.65624
2025-11-08,GLP,110.0,7.65624
2025-11-08,Regular,26.69,7.65624
2025-11-08,Superior,28.2,7.65624
2025-11-09,Búnker,16.79,7.65624
2025-11-09,Diésel,26.21,7.65624
2025-11-09,GLP,110.0,7.65624
2025-11-09,Regular,26.69,7.65624
2025-11-09,Superior,28.2,7.65624
2025-11-10,Búnker,16.79,7.65475
2025-11-10,Diésel,26.96,7.65475
2025-11-10,GLP,110.0,7.65475
2025-11-10,Regular,27.45,7.65475
2025-11-10,Superior,28.46,7.65475
2025-11-11,Búnker,16.79,7.65417
2025-11-11,Diésel,26.96,7.65417
2025-11-11,GLP,110.0,7.65417
2025-11-11,Regular,27.45,7.65417
2025-11-11,Superior,28.46,7.65417
2025-11-12,Búnker,16.79,7.65893
2025-11-12,Diésel,26.96,7.65893
2025-11-12,GLP,110.0,7.65893
2025-11-12,Regular,27.45,7.65893
2025-11-12,Superior,28.46,7.65893
2025-11-13,Búnker,16.79,7.65691
2025-11-13,Diésel,26.96,7.65691
2025-11-13,GLP,110.0,7.65691
2025-11-13,Regular,27.45,7.65691
2025-11-13,Superior,28.46,7.65691
2025-11-14,Búnker,16.79,7.65581
2025-11-14,Diésel,26.96,7.65581
2025-11-14,GLP,110.0,7.65581
2025-11-14,Regular,27.45,7.65581
2025-11-14,Superior,28.46,7.65581
2025-11-15,Búnker,16.79,7.65581
2025-11-15,Diésel,26.96,7.65581
2025-11-15,GLP,110.0,7.65581
2025-11-15,Regular,27.45,7.65581
2025-11-15,Superior,28.46,7.65581
2025-11-16,Búnker,16.79,7.65581
2025-11-16,Diésel,26.96,7.65581
2025-11-16,GLP,110.0,7.65581
2025-11-16,Regular,27.45,7.65581
2025-11-16,Superior,28.46,7.65581
2025-11-17,Búnker,16.49,7.65182
2025-11-17,Diésel,27.49,7.65182
2025-11-17,GLP,110.0,7.65182
2025-11-17,Regular,28.42,7.65182
2025-11-17,Superior,29.43,7.65182
2025-11-18,Búnker,16.49,7.65102
2025-11-18,Diésel,27.49,7.65102
2025-11-18,GLP,110.0,7.65102
2025-11-18,Regular,28.42,7.65102
2025-11-18,Superior,29.43,7.65102
2025-11-19,Búnker,16.49,7.65449
2025-11-19,Diésel,27.49,7.65449
2025-11-19,GLP,110.0,7.65449
2025-11-19,Regular,28.42,7.65449
2025-11-19,Superior,29.43,7.65449
2025-11-20,Búnker,16.49,7.65528
2025-11-20,Diésel,27.49,7.65528
2025-11-20,GLP,110.0,7.65528
2025-11-20,Regular,28.42,7.65528
2025-11-20,Superior,29.43,7.65528
2025-11-21,Búnker,16.49,7.65581
2025-11-21,Diésel,27.49,7.65581
2025-11-21,GLP,110.0,7.65581
2025-11-21,Regular,28.42,7.65581
2025-11-21,Superior,29.43,7.65581
2025-11-22,Búnker,16.49,7.65581
2025-11-22,Diésel,27.49,7.65581
2025-11-22,GLP,110.0,7.65581
2025-11-22,Regular,28.42,7.65581
2025-11-22,Superior,29.43,7.65581
2025-11-23,Búnker,16.49,7.65581
2025-11-23,Diésel,27.49,7.65581
2025-11-23,GLP,110.0,7.65581
2025-11-23,Regular,28.42,7.65581
2025-11-23,Superior,29.43,7.65581
2025-11-24,Búnker,16.19,7.65369
2025-11-24,Diésel,27.43,7.65369
2025-11-24,GLP,110.0,7.65369
2025-11-24,Regular,28.42,7.65369
2025-11-24,Superior,29.43,7.65369
2025-11-25,Búnker,16.19,7.6525
2025-11-25,Diésel,27.43,7.6525
2025-11-25,GLP,110.0,7.6525
2025-11-25,Regular,28.42,7.6525
2025-11-25,Superior,29.43,7.6525
2025-11-26,Búnker,16.19,7.65446
2025-11-26,Diésel,27.43,7.65446
2025-11-26,GLP,110.0,7.65446
2025-11-26,Regular,28.42,7.65446
2025-11-26,Superior,29.43,7.65446
2025-11-27,Búnker,16.19,7.65596
2025-11-27,Diésel,27.43,7.65596
2025-11-27,GLP,110.0,7.65596
2025-11-27,Regular,28.42,7.65596
2025-11-27,Superior,29.43,7.65596
2025-11-28,Búnker,16.19,7.65854
2025-11-28,Diésel,27.43,7.65854
2025-11-28,GLP,110.0,7.65854
2025-11-28,Regular,28.42,7.65854
2025-11-28,Superior,29.43,7.65854
2025-11-29,Búnker,16.19,7.65854
2025-11-29,Diésel,27.43,7.65854
2025-11-29,GLP,110.0,7.65854
2025-11-29,Regular,28.42,7.65854
2025-11-29,Superior,29.43,7.65854
2025-11-30,Búnker,16.19,7.65854
2025-11-30,Diésel,27.43,7.65854
2025-11-30,GLP,110.0,7.65854
2025-11-30,Regular,28.42,7.65854
2025-11-30,Superior,29.43,7.65854
2025-12-01,Búnker,16.19,7.65176
2025-12-01,Diésel,26.99,7.65176
2025-12-01,GLP,110.0,7.65176
2025-12-01,Regular,27.54,7.65176
2025-12-01,Superior,28.55,7.65176
2025-12-02,Búnker,16.19,7.65481
2025-12-02,Diésel,26.99,7.65481
2025-12-02,GLP,110.0,7.65481
2025-12-02,Regular,27.54,7.65481
2025-12-02,Superior,28.55,7.65481
2025-12-03,Búnker,16.19,7.65611
2025-12-03,Diésel,26.99,7.65611
2025-12-03,GLP,110.0,7.65611
2025-12-03,Regular,27.54,7.65611
2025-12-03,Superior,28.55,7.65611
2025-12-04,Búnker,16.19,7.65467
2025-12-04,Diésel,26.99,7.65467
2025-12-04,GLP,110.0,7.65467
2025-12-04,Regular,27.54,7.65467
2025-12-04,Superior,28.55,7.65467
2025-12-05,Búnker,16.19,7.65517
2025-12-05,Diésel,26.99,7.65517
2025-12-05,GLP,110.0,7.65517
2025-12-05,Regular,27.54,7.65517
2025-12-05,Superior,28.55,7.65517
2025-12-06,Búnker,16.19,7.65517
2025-12-06,Diésel,26.99,7.65517
2025-12-06,GLP,110.0,7.65517
2025-12-06,Regular,27.54,7.65517
2025-12-06,Superior,28.55,7.65517
2025-12-07,Búnker,16.19,7.65517
2025-12-07,Diésel,26.99,7.65517
2025-12-07,GLP,110.0,7.65517
2025-12-07,Regular,27.54,7.65517
2025-12-07,Superior,28.55,7.65517
2025-12-08,Búnker,16.19,7.65479
2025-12-08,Diésel,26.38,7.65479
2025-12-08,GLP,110.0,7.65479
2025-12-08,Regular,27.42,7.65479
2025-12-08,Superior,28.41,7.65479
2025-12-09,Búnker,16.19,7.65146
2025-12-09,Diésel,26.38,7.65146
2025-12-09,GLP,110.0,7.65146
2025-12-09,Regular,27.42,7.65146
2025-12-09,Superior,28.41,7.65146
2025-12-10,Búnker,16.19,7.65438
2025-12-10,Diésel,26.38,7.65438
2025-12-10,GLP,110.0,7.65438
2025-12-10,Regular,27.42,7.65438
2025-12-10,Superior,28.41,7.65438
2025-12-11,Búnker,16.19,7.65465
2025-12-11,Diésel,26.38,7.65465
2025-12-11,GLP,110.0,7.65465
2025-12-11,Regular,27.42,7.65465
2025-12-11,Superior,28.41,7.65465
2025-12-12,Búnker,16.19,7.65572
2025-12-12,Diésel,26.38,7.65572
2025-12-12,GLP,110.0,7.65572
2025-12-12,Regular,27.42,7.65572
2025-12-12,Superior,28.41,7.65572
2025-12-13,Búnker,16.19,7.65572
2025-12-13,Diésel,26.38,7.65572
2025-12-13,GLP,110.0,7.65572
2025-12-13,Regular,27.42,7.65572
2025-12-13,Superior,28.41,7.65572
2025-12-14,Búnker,16.19,7.65572
2025-12-14,Diésel,26.38,7.65572
2025-12-14,GLP,110.0,7.65572
2025-12-14,Regular,27.42,7.65572
2025-12-14,Superior,28.41,7.65572
2025-12-15,Búnker,17.19,7.65292
2025-12-15,Diésel,25.85,7.65292
2025-12-15,GLP,110.0,7.65292
2025-12-15,Regular,27.22,7.65292
2025-12-15,Superior,28.22,7.65292
2025-12-16,Búnker,17.19,7.65371
2025-12-16,Diésel,25.85,7.65371
2025-12-16,GLP,110.0,7.65371
2025-12-16,Regular,27.22,7.65371
2025-12-16,Superior,28.22,7.65371
2025-12-17,Búnker,17.19,7.65605
2025-12-17,Diésel,25.85,7.65605
2025-12-17,GLP,110.0,7.65605
2025-12-17,Regular,27.22,7.65605
2025-12-17,Superior,28.22,7.65605
2025-12-18,Búnker,17.19,7.65802
2025-12-18,Diésel,25.85,7.65802
2025-12-18,GLP,98.0,7.65802
2025-12-18,Regular,27.22,7.65802
2025-12-18,Superior,28.22,7.65802
2025-12-19,Búnker,17.19,7.65772
2025-12-19,Diésel,25.85,7.65772
2025-12-19,GLP,98.0,7.65772
2025-12-19,Regular,27.22,7.65772
2025-12-19,Superior,28.22,7.65772
2025-12-20,Búnker,17.19,7.65772
2025-12-20,Diésel,25.85,7.65772
2025-12-20,GLP,98.0,7.65772
2025-12-20,Regular,27.22,7.65772
2025-12-20,Superior,28.22,7.65772
2025-12-21,Búnker,17.19,7.65772
2025-12-21,Diésel,25.85,7.65772
2025-12-21,GLP,98.0,7.65772
2025-12-21,Regular,27.22,7.65772
2025-12-21,Superior,28.22,7.65772
2025-12-22,Búnker,17.19,7.65245
2025-12-22,Diésel,25.41,7.65245
2025-12-22,GLP,98.0,7.65245
2025-12-22,Regular,26.51,7.65245
2025-12-22,Superior,27.51,7.65245
2025-12-23,Búnker,17.19,7.65553
2025-12-23,Diésel,25.41,7.65553
2025-12-23,GLP,98.0,7.65553
2025-12-23,Regular,26.51,7.65553
2025-12-23,Superior,27.51,7.65553
2025-12-24,Búnker,17.19,7.65698
2025-12-24,Diésel,25.41,7.65698
2025-12-24,GLP,98.0,7.65698
2025-12-24,Regular,26.51,7.65698
2025-12-24,Superior,27.51,7.65698
2025-12-25,Búnker,17.19,7.65698
2025-12-25,Diésel,25.41,7.65698
2025-12-25,GLP,98.0,7.65698
2025-12-25,Regular,26.51,7.65698
2025-12-25,Superior,27.51,7.65698
2025-12-26,Búnker,17.19,7.66417
2025-12-26,Diésel,25.41,7.66417
2025-12-26,GLP,98.0,7.66417
2025-12-26,Regular,26.51,7.66417
2025-12-26,Superior,27.51,7.66417
2025-12-27,Búnker,17.19,7.66417
2025-12-27,Diésel,25.41,7.66417
2025-12-27,GLP,98.0,7.66417
2025-12-27,Regular,26.51,7.66417
2025-12-27,Superior,27.51,7.66417
2025-12-28,Búnker,17.19,7.66417
2025-12-28,Diésel,25.41,7.66417
2025-12-28,GLP,98.0,7.66417
2025-12-28,Regular,26.51,7.66417
2025-12-28,Superior,27.51,7.66417
2025-12-29,Búnker,17.19,7.65916
2025-12-29,Diésel,24.92,7.65916
2025-12-29,GLP,98.0,7.65916
2025-12-29,Regular,26.3,7.65916
2025-12-29,Superior,27.3,7.65916
2025-12-30,Búnker,17.19,7.66451
2025-12-30,Diésel,24.92,7.66451
2025-12-30,GLP,98.0,7.66451
2025-12-30,Regular,26.3,7.66451
2025-12-30,Superior,27.3,7.66451
2025-12-31,Búnker,17.19,7.66451
2025-12-31,Diésel,24.92,7.66451
2025-12-31,GLP,98.0,7.66451
2025-12-31,Regular,26.3,7.66451
2025-12-31,Superior,27.3,7.66451
2026-01-01,Búnker,17.19,7.66451
2026-01-01,Diésel,24.92,7.66451
2026-01-01,GLP,98.0,7.66451
2026-01-01,Regular,26.3,7.66451
2026-01-01,Superior,27.3,7.66451
2026-01-02,Búnker,17.19,7.66536
2026-01-02,Diésel,24.92,7.66536
2026-01-02,GLP,98.0,7.66536
2026-01-02,Regular,26.3,7.66536
2026-01-02,Superior,27.3,7.66536
2026-01-03,Búnker,17.19,7.66536
2026-01-03,Diésel,24.92,7.66536
2026-01-03,GLP,98.0,7.66536
2026-01-03,Regular,26.3,7.66536
2026-01-03,Superior,27.3,7.66536
2026-01-04,Búnker,17.19,7.66536
2026-01-04,Diésel,24.92,7.66536
2026-01-04,GLP,98.0,7.66536
2026-01-04,Regular,26.3,7.66536
2026-01-04,Superior,27.3,7.66536
2026-01-05,Búnker,15.69,7.6597
2026-01-05,Diésel,24.89,7.6597
2026-01-05,GLP,98.0,7.6597
2026-01-05,Regular,26.29,7.6597
2026-01-05,Superior,27.29,7.6597
2026-01-06,Búnker,15.69,7.66244
2026-01-06,Diésel,24.89,7.66244
2026-01-06,GLP,98.0,7.66244
2026-01-06,Regular,26.29,7.66244
2026-01-06,Superior,27.29,7.66244
2026-01-07,Búnker,15.69,7.66482
2026-01-07,Diésel,24.89,7.66482
2026-01-07,GLP,98.0,7.66482
2026-01-07,Regular,26.29,7.66482
2026-01-07,Superior,27.29,7.66482
2026-01-08,Búnker,15.69,7.66571
2026-01-08,Diésel,24.89,7.66571
2026-01-08,GLP,98.0,7.66571
2026-01-08,Regular,26.29,7.66571
2026-01-08,Superior,27.29,7.66571
2026-01-09,Búnker,15.69,7.66604
2026-01-09,Diésel,24.89,7.66604
2026-01-09,GLP,98.0,7.66604
2026-01-09,Regular,26.29,7.66604
2026-01-09,Superior,27.29,7.66604
2026-01-10,Búnker,15.69,7.66604
2026-01-10,Diésel,24.89,7.66604
2026-01-10,GLP,98.0,7.66604
2026-01-10,Regular,26.29,7.66604
2026-01-10,Superior,27.29,7.66604
2026-01-11,Búnker,15.69,7.66604
2026-01-11,Diésel,24.89,7.66604
2026-01-11,GLP,98.0,7.66604
2026-01-11,Regular,26.29,7.66604
2026-01-11,Superior,27.29,7.66604
2026-01-12,Búnker,15.69,7.66415
2026-01-12,Diésel,24.89,7.66415
2026-01-12,GLP,98.0,7.66415
2026-01-12,Regular,26.29,7.66415
2026-01-12,Superior,27.29,7.66415
2026-01-13,Búnker,15.69,7.66315
2026-01-13,Diésel,24.89,7.66315
2026-01-13,GLP,98.0,7.66315
2026-01-13,Regular,26.29,7.66315
2026-01-13,Superior,27.29,7.66315
2026-01-14,Búnker,15.69,7.66519
2026-01-14,Diésel,24.89,7.66519
2026-01-14,GLP,98.0,7.66519
2026-01-14,Regular,26.29,7.66519
2026-01-14,Superior,27.29,7.66519
2026-01-15,Búnker,15.69,7.66567
2026-01-15,Diésel,24.89,7.66567
2026-01-15,GLP,98.0,7.66567
2026-01-15,Regular,26.29,7.66567
2026-01-15,Superior,27.29,7.66567
2026-01-16,Búnker,15.69,7.66386
2026-01-16,Diésel,24.89,7.66386
2026-01-16,GLP,98.0,7.66386
2026-01-16,Regular,26.29,7.66386
2026-01-16,Superior,27.29,7.66386
2026-01-17,Búnker,15.69,7.66386
2026-01-17,Diésel,24.89,7.66386
2026-01-17,GLP,98.0,7.66386
2026-01-17,Regular,26.29,7.66386
2026-01-17,Superior,27.29,7.66386
2026-01-18,Búnker,15.69,7.66386
2026-01-18,Diésel,24.89,7.66386
2026-01-18,GLP,98.0,7.66386
2026-01-18,Regular,26.29,7.66386
2026-01-18,Superior,27.29,7.66386
2026-01-19,Búnker,15.69,7.6621
2026-01-19,Diésel,25.1,7.6621
2026-01-19,GLP,98.0,7.6621
2026-01-19,Regular,26.53,7.6621
2026-01-19,Superior,27.49,7.6621
2026-01-20,Búnker,15.69,7.66827
2026-01-20,Diésel,25.1,7.66827
2026-01-20,GLP,98.0,7.66827
2026-01-20,Regular,26.53,7.66827
2026-01-20,Superior,27.49,7.66827
2026-01-21,Búnker,15.69,7.665
2026-01-21,Diésel,25.1,7.665
2026-01-21,GLP,98.0,7.665
2026-01-21,Regular,26.53,7.665
2026-01-21,Superior,27.49,7.665
2026-01-22,Búnker,15.69,7.66794
2026-01-22,Diésel,25.1,7.66794
2026-01-22,GLP,98.0,7.66794
2026-01-22,Regular,26.53,7.66794
2026-01-22,Superior,27.49,7.66794
2026-01-23,Búnker,15.69,7.66802
2026-01-23,Diésel,25.1,7.66802
2026-01-23,GLP,98.0,7.66802
2026-01-23,Regular,26.53,7.66802
2026-01-23,Superior,27.49,7.66802
2026-01-24,Búnker,15.69,7.66802
2026-01-24,Diésel,25.1,7.66802
2026-01-24,GLP,98.0,7.66802
2026-01-24,Regular,26.53,7.66802
2026-01-24,Superior,27.49,7.66802
2026-01-25,Búnker,15.69,7.66802
2026-01-25,Diésel,25.1,7.66802
2026-01-25,GLP,98.0,7.66802
2026-01-25,Regular,26.53,7.66802
2026-01-25,Superior,27.49,7.66802
2026-01-26,Búnker,16.49,7.66412
2026-01-26,Diésel,25.59,7.66412
2026-01-26,GLP,98.0,7.66412
2026-01-26,Regular,27.0,7.66412
2026-01-26,Superior,28.0,7.66412
2026-01-27,Búnker,16.49,7.66336
2026-01-27,Diésel,25.59,7.66336
2026-01-27,GLP,98.0,7.66336
2026-01-27,Regular,27.0,7.66336
2026-01-27,Superior,28.0,7.66336
2026-01-28,Búnker,16.49,7.66752
2026-01-28,Diésel,25.59,7.66752
2026-01-28,GLP,98.0,7.66752
2026-01-28,Regular,27.0,7.66752
2026-01-28,Superior,28.0,7.66752
2026-01-29,Búnker,16.49,7.66777
2026-01-29,Diésel,25.59,7.66777
2026-01-29,GLP,98.0,7.66777
2026-01-29,Regular,27.0,7.66777
2026-01-29,Superior,28.0,7.66777
2026-01-30,Búnker,16.49,7.66614
2026-01-30,Diésel,25.59,7.66614
2026-01-30,GLP,98.0,7.66614
2026-01-30,Regular,27.0,7.66614
2026-01-30,Superior,28.0,7.66614
2026-01-31,Búnker,16.49,7.66614
2026-01-31,Diésel,25.59,7.66614
2026-01-31,GLP,98.0,7.66614
2026-01-31,Regular,27.0,7.66614
2026-01-31,Superior,28.0,7.66614
2026-02-01,Búnker,16.49,7.66614
2026-02-01,Diésel,25.59,7.66614
2026-02-01,GLP,98.0,7.66614
2026-02-01,Regular,27.0,7.66614
2026-02-01,Superior,28.0,7.66614
2026-02-02,Búnker,16.79,7.66326
2026-02-02,Diésel,26.74,7.66326
2026-02-02,GLP,98.0,7.66326
2026-02-02,Regular,28.04,7.66326
2026-02-02,Superior,29.04,7.66326
2026-02-03,Búnker,16.79,7.66598
2026-02-03,Diésel,26.74,7.66598
2026-02-03,GLP,98.0,7.66598
2026-02-03,Regular,28.04,7.66598
2026-02-03,Superior,29.04,7.66598
2026-02-04,Búnker,16.79,7.66678
2026-02-04,Diésel,26.74,7.66678
2026-02-04,GLP,98.0,7.66678
2026-02-04,Regular,28.04,7.66678
2026-02-04,Superior,29.04,7.66678
2026-02-05,Búnker,16.79,7.66569
2026-02-05,Diésel,26.74,7.66569
2026-02-05,GLP,98.0,7.66569
2026-02-05,Regular,28.04,7.66569
2026-02-05,Superior,29.04,7.66569
2026-02-06,Búnker,16.79,7.66721
2026-02-06,Diésel,26.74,7.66721
2026-02-06,GLP,98.0,7.66721
2026-02-06,Regular,28.04,7.66721
2026-02-06,Superior,29.04,7.66721
2026-02-07,Búnker,16.79,7.66721
2026-02-07,Diésel,26.74,7.66721
2026-02-07,GLP,98.0,7.66721
2026-02-07,Regular,28.04,7.66721
2026-02-07,Superior,29.04,7.66721
2026-02-08,Búnker,16.79,7.66721
2026-02-08,Diésel,26.74,7.66721
2026-02-08,GLP,98.0,7.66721
2026-02-08,Regular,28.04,7.66721
2026-02-08,Superior,29.04,7.66721
2026-02-09,Búnker,17.29,7.66397
2026-02-09,Diésel,26.8,7.66397
2026-02-09,GLP,98.0,7.66397
2026-02-09,Regular,28.08,7.66397
2026-02-09,Superior,29.08,7.66397
2026-02-10,Búnker,17.29,7.66387
2026-02-10,Diésel,26.8,7.66387
2026-02-10,GLP,98.0,7.66387
2026-02-10,Regular,28.08,7.66387
2026-02-10,Superior,29.08,7.66387
2026-02-11,Búnker,17.29,7.66387
2026-02-11,Diésel,26.8,7.66387
2026-02-11,GLP,98.0,7.66387
2026-02-11,Regular,28.08,7.66387
2026-02-11,Superior,29.08,7.66387
2026-02-12,Búnker,17.29,7.66507
2026-02-12,Diésel,26.8,7.66507
2026-02-12,GLP,98.0,7.66507
2026-02-12,Regular,28.08,7.66507
2026-02-12,Superior,29.08,7.66507
2026-02-13,Búnker,17.29,7.66287
2026-02-13,Diésel,26.8,7.66287
2026-02-13,GLP,98.0,7.66287
2026-02-13,Regular,28.08,7.66287
2026-02-13,Superior,29.08,7.66287
2026-02-14,Búnker,17.29,7.66287
2026-02-14,Diésel,26.8,7.66287
2026-02-14,GLP,98.0,7.66287
2026-02-14,Regular,28.08,7.66287
2026-02-14,Superior,29.08,7.66287
2026-02-15,Búnker,17.29,7.66287
2026-02-15,Diésel,26.8,7.66287
2026-02-15,GLP,98.0,7.66287
2026-02-15,Regular,28.08,7.66287
2026-02-15,Superior,29.08,7.66287
2026-02-16,Búnker,17.29,7.663
2026-02-16,Diésel,26.8,7.663
2026-02-16,GLP,98.0,7.663
2026-02-16,Regular,28.1,7.663
2026-02-16,Superior,29.1,7.663
2026-02-17,Búnker,17.29,7.66739
2026-02-17,Diésel,26.8,7.66739
2026-02-17,GLP,98.0,7.66739
2026-02-17,Regular,28.1,7.66739
2026-02-17,Superior,29.1,7.66739
2026-02-18,Búnker,17.29,7.66449
2026-02-18,Diésel,26.8,7.66449
2026-02-18,GLP,98.0,7.66449
2026-02-18,Regular,28.1,7.66449
2026-02-18,Superior,29.1,7.66449
2026-02-19,Búnker,17.29,7.66561
2026-02-19,Diésel,26.8,7.66561
2026-02-19,GLP,98.0,7.66561
2026-02-19,Regular,28.1,7.66561
2026-02-19,Superior,29.1,7.66561
2026-02-20,Búnker,17.29,7.66349
2026-02-20,Diésel,26.8,7.66349
2026-02-20,GLP,98.0,7.66349
2026-02-20,Regular,28.1,7.66349
2026-02-20,Superior,29.1,7.66349
2026-02-21,Búnker,17.29,7.66349
2026-02-21,Diésel,26.8,7.66349
2026-02-21,GLP,98.0,7.66349
2026-02-21,Regular,28.1,7.66349
2026-02-21,Superior,29.1,7.66349
2026-02-22,Búnker,17.29,7.66349
2026-02-22,Diésel,26.8,7.66349
2026-02-22,GLP,98.0,7.66349
2026-02-22,Regular,28.1,7.66349
2026-02-22,Superior,29.1,7.66349
2026-02-23,Búnker,17.39,7.66432
2026-02-23,Diésel,27.75,7.66432
2026-02-23,GLP,98.0,7.66432
2026-02-23,Regular,28.57,7.66432
2026-02-23,Superior,29.57,7.66432
2026-02-24,Búnker,17.39,7.66434
2026-02-24,Diésel,27.75,7.66434
2026-02-24,GLP,98.0,7.66434
2026-02-24,Regular,28.57,7.66434
2026-02-24,Superior,29.57,7.66434
2026-02-25,Búnker,17.39,7.66607
2026-02-25,Diésel,27.75,7.66607
2026-02-25,GLP,98.0,7.66607
2026-02-25,Regular,28.57,7.66607
2026-02-25,Superior,29.57,7.66607
2026-02-26,Búnker,17.39,7.66496
2026-02-26,Diésel,27.75,7.66496
2026-02-26,GLP,98.0,7.66496
2026-02-26,Regular,28.57,7.66496
2026-02-26,Superior,29.57,7.66496
2026-02-27,Búnker,17.39,7.66476
2026-02-27,Diésel,27.75,7.66476
2026-02-27,GLP,98.0,7.66476
2026-02-27,Regular,28.57,7.66476
2026-02-27,Superior,29.57,7.66476
2026-02-28,Búnker,17.39,7.66476
2026-02-28,Diésel,27.75,7.66476
2026-02-28,GLP,98.0,7.66476
2026-02-28,Regular,28.57,7.66476
2026-02-28,Superior,29.57,7.66476
2026-03-01,Búnker,17.39,7.66476
2026-03-01,Diésel,27.75,7.66476
2026-03-01,GLP,98.0,7.66476
2026-03-01,Regular,28.57,7.66476
2026-03-01,Superior,29.57,7.66476
2026-03-02,Búnker,18.19,7.66143
2026-03-02,Diésel,28.28,7.66143
2026-03-02,GLP,98.0,7.66143
2026-03-02,Regular,29.53,7.66143
2026-03-02,Superior,30.54,7.66143
2026-03-03,Búnker,18.19,7.6658
2026-03-03,Diésel,28.28,7.6658
2026-03-03,GLP,98.0,7.6658
2026-03-03,Regular,29.53,7.6658
2026-03-03,Superior,30.54,7.6658
2026-03-04,Búnker,18.19,7.66344
2026-03-04,Diésel,28.28,7.66344
2026-03-04,GLP,98.0,7.66344
2026-03-04,Regular,29.53,7.66344
2026-03-04,Superior,30.54,7.66344
2026-03-05,Búnker,18.19,7.66314
2026-03-05,Diésel,28.28,7.66314
2026-03-05,GLP,98.0,7.66314
2026-03-05,Regular,29.53,7.66314
2026-03-05,Superior,30.54,7.66314
2026-03-06,Búnker,18.19,7.66271
2026-03-06,Diésel,28.28,7.66271
2026-03-06,GLP,98.0,7.66271
2026-03-06,Regular,29.53,7.66271
2026-03-06,Superior,30.54,7.66271
2026-03-07,Búnker,18.19,7.66271
2026-03-07,Diésel,28.28,7.66271
2026-03-07,GLP,98.0,7.66271
2026-03-07,Regular,29.53,7.66271
2026-03-07,Superior,30.54,7.66271
2026-03-08,Búnker,18.19,7.66271
2026-03-08,Diésel,28.28,7.66271
2026-03-08,GLP,98.0,7.66271
2026-03-08,Regular,29.53,7.66271
2026-03-08,Superior,30.54,7.66271
2026-03-09,Búnker,23.19,7.65904
2026-03-09,Diésel,31.81,7.65904
2026-03-09,GLP,98.0,7.65904
2026-03-09,Regular,31.88,7.65904
2026-03-09,Superior,33.0,7.65904
2026-03-10,Búnker,23.19,7.65857
2026-03-10,Diésel,31.81,7.65857
2026-03-10,GLP,98.0,7.65857
2026-03-10,Regular,31.88,7.65857
2026-03-10,Superior,33.0,7.65857
2026-03-11,Búnker,23.19,7.66069
2026-03-11,Diésel,31.81,7.66069
2026-03-11,GLP,98.0,7.66069
2026-03-11,Regular,31.88,7.66069
2026-03-11,Superior,33.0,7.66069
2026-03-12,Búnker,23.19,7.6605
2026-03-12,Diésel,35.16,7.6605
2026-03-12,GLP,98.0,7.6605
2026-03-12,Regular,33.97,7.6605
2026-03-12,Superior,34.92,7.6605
2026-03-13,Búnker,23.19,7.65814
2026-03-13,Diésel,35.16,7.65814
2026-03-13,GLP,98.0,7.65814
2026-03-13,Regular,33.97,7.65814
2026-03-13,Superior,34.92,7.65814
2026-03-14,Búnker,23.19,7.65814
2026-03-14,Diésel,35.16,7.65814
2026-03-14,GLP,98.0,7.65814
2026-03-14,Regular,33.97,7.65814
2026-03-14,Superior,34.92,7.65814
2026-03-15,Búnker,23.19,7.65814
2026-03-15,Diésel,35.16,7.65814
2026-03-15,GLP,98.0,7.65814
2026-03-15,Regular,33.97,7.65814
2026-03-15,Superior,34.92,7.65814
2026-03-16,Búnker,23.19,7.65284
2026-03-16,Diésel,37.3,7.65284
2026-03-16,GLP,98.0,7.65284
2026-03-16,Regular,35.47,7.65284
2026-03-16,Superior,36.48,7.65284
2026-03-17,Búnker,23.19,7.65213
2026-03-17,Diésel,37.3,7.65213
2026-03-17,GLP,98.0,7.65213
2026-03-17,Regular,35.47,7.65213
2026-03-17,Superior,36.48,7.65213
2026-03-18,Búnker,23.19,7.65267
2026-03-18,Diésel,37.3,7.65267
2026-03-18,GLP,98.0,7.65267
2026-03-18,Regular,35.47,7.65267
2026-03-18,Superior,36.48,7.65267
2026-03-19,Búnker,23.19,7.65445
2026-03-19,Diésel,39.5,7.65445
2026-03-19,GLP,98.0,7.65445
2026-03-19,Regular,36.48,7.65445
2026-03-19,Superior,37.48,7.65445
2026-03-20,Búnker,23.19,7.65366
2026-03-20,Diésel,39.5,7.65366
2026-03-20,GLP,98.0,7.65366
2026-03-20,Regular,36.48,7.65366
2026-03-20,Superior,37.48,7.65366
2026-03-21,Búnker,23.19,7.65366
2026-03-21,Diésel,39.5,7.65366
2026-03-21,GLP,98.0,7.65366
2026-03-21,Regular,36.48,7.65366
2026-03-21,Superior,37.48,7.65366
2026-03-22,Búnker,23.19,7.65366
2026-03-22,Diésel,39.5,7.65366
2026-03-22,GLP,98.0,7.65366
2026-03-22,Regular,36.48,7.65366
2026-03-22,Superior,37.48,7.65366
2026-03-23,Búnker,26.19,7.64871
2026-03-23,Diésel,41.48,7.64871
2026-03-23,GLP,98.0,7.64871
2026-03-23,Regular,38.47,7.64871
2026-03-23,Superior,39.47,7.64871
2026-03-24,Búnker,26.19,7.64664
2026-03-24,Diésel,41.48,7.64664
2026-03-24,GLP,98.0,7.64664
2026-03-24,Regular,38.47,7.64664
2026-03-24,Superior,39.47,7.64664
2026-03-25,Búnker,26.19,7.64911
2026-03-25,Diésel,41.48,7.64911
2026-03-25,GLP,98.0,7.64911
2026-03-25,Regular,38.47,7.64911
2026-03-25,Superior,39.47,7.64911
2026-03-26,Búnker,26.19,7.65053
2026-03-26,Diésel,41.46,7.65053
2026-03-26,GLP,98.0,7.65053
2026-03-26,Regular,38.47,7.65053
2026-03-26,Superior,39.48,7.65053
2026-03-27,Búnker,26.19,7.65053
2026-03-27,Diésel,41.46,7.65053
2026-03-27,GLP,98.0,7.65053
2026-03-27,Regular,38.47,7.65053
2026-03-27,Superior,39.48,7.65053
2026-03-28,Búnker,26.19,7.65053
2026-03-28,Diésel,41.46,7.65053
2026-03-28,GLP,98.0,7.65053
2026-03-28,Regular,38.47,7.65053
2026-03-28,Superior,39.48,7.65053
2026-03-29,Búnker,26.19,7.65053
2026-03-29,Diésel,41.46,7.65053
2026-03-29,GLP,98.0,7.65053
2026-03-29,Regular,38.47,7.65053
2026-03-29,Superior,39.48,7.65053
2026-03-30,Búnker,26.19,7.64548
2026-03-30,Diésel,42.43,7.64548
2026-03-30,GLP,98.0,7.64548
2026-03-30,Regular,38.48,7.64548
2026-03-30,Superior,39.48,7.64548
2026-03-31,Búnker,26.19,7.64677
2026-03-31,Diésel,42.43,7.64677
2026-03-31,GLP,98.0,7.64677
2026-03-31,Regular,38.48,7.64677
2026-03-31,Superior,39.48,7.64677
2026-04-01,Búnker,26.19,7.64121
2026-04-01,Diésel,42.43,7.64121
2026-04-01,GLP,98.0,7.64121
2026-04-01,Regular,38.48,7.64121
2026-04-01,Superior,39.48,7.64121
2026-04-02,Búnker,26.19,7.64121
2026-04-02,Diésel,42.43,7.64121
2026-04-02,GLP,98.0,7.64121
2026-04-02,Regular,38.48,7.64121
2026-04-02,Superior,39.48,7.64121
2026-04-03,Búnker,26.19,7.64121
2026-04-03,Diésel,42.43,7.64121
2026-04-03,GLP,98.0,7.64121
2026-04-03,Regular,38.48,7.64121
2026-04-03,Superior,39.48,7.64121
2026-04-04,Búnker,26.19,7.64121
2026-04-04,Diésel,42.43,7.64121
2026-04-04,GLP,98.0,7.64121
2026-04-04,Regular,38.48,7.64121
2026-04-04,Superior,39.48,7.64121
2026-04-05,Búnker,26.19,7.64121
2026-04-05,Diésel,42.43,7.64121
2026-04-05,GLP,98.0,7.64121
2026-04-05,Regular,38.48,7.64121
2026-04-05,Superior,39.48,7.64121
2026-04-06,Búnker,26.19,7.64294
2026-04-06,Diésel,43.69,7.64294
2026-04-06,GLP,98.0,7.64294
2026-04-06,Regular,39.48,7.64294
2026-04-06,Superior,40.48,7.64294
2026-04-07,Búnker,26.19,7.64175
2026-04-07,Diésel,43.69,7.64175
2026-04-07,GLP,98.0,7.64175
2026-04-07,Regular,39.48,7.64175
2026-04-07,Superior,40.48,7.64175
2026-04-08,Búnker,26.19,7.64356
2026-04-08,Diésel,43.69,7.64356
2026-04-08,GLP,98.0,7.64356
2026-04-08,Regular,39.48,7.64356
2026-04-08,Superior,40.48,7.64356
2026-04-09,Búnker,26.19,7.64245
2026-04-09,Diésel,43.65,7.64245
2026-04-09,GLP,98.0,7.64245
2026-04-09,Regular,39.44,7.64245
2026-04-09,Superior,40.44,7.64245
2026-04-10,Búnker,26.19,7.64268
2026-04-10,Diésel,43.65,7.64268
2026-04-10,GLP,98.0,7.64268
2026-04-10,Regular,39.44,7.64268
2026-04-10,Superior,40.44,7.64268
2026-04-11,Búnker,26.19,7.64268
2026-04-11,Diésel,43.65,7.64268
2026-04-11,GLP,98.0,7.64268
2026-04-11,Regular,39.44,7.64268
2026-04-11,Superior,40.44,7.64268
2026-04-12,Búnker,26.19,7.64268
2026-04-12,Diésel,43.65,7.64268
2026-04-12,GLP,98.0,7.64268
2026-04-12,Regular,39.44,7.64268
2026-04-12,Superior,40.44,7.64268
2026-04-13,Búnker,25.59,7.63886
2026-04-13,Diésel,43.19,7.63886
2026-04-13,GLP,98.0,7.63886
2026-04-13,Regular,38.98,7.63886
2026-04-13,Superior,39.98,7.63886
2026-04-14,Búnker,25.59,7.63809
2026-04-14,Diésel,43.19,7.63809
2026-04-14,GLP,98.0,7.63809
2026-04-14,Regular,38.98,7.63809
2026-04-14,Superior,39.98,7.63809
2026-04-15,Búnker,25.59,7.64079
2026-04-15,Diésel,43.19,7.64079
2026-04-15,GLP,98.0,7.64079
2026-04-15,Regular,38.98,7.64079
2026-04-15,Superior,39.98,7.64079
2026-04-16,Búnker,25.59,7.64035
2026-04-16,Diésel,42.03,7.64035
2026-04-16,GLP,98.0,7.64035
2026-04-16,Regular,38.21,7.64035
2026-04-16,Superior,39.21,7.64035
2026-04-17,Búnker,25.59,7.63962
2026-04-17,Diésel,42.03,7.63962
2026-04-17,GLP,98.0,7.63962
2026-04-17,Regular,38.21,7.63962
2026-04-17,Superior,39.21,7.63962
2026-04-18,Búnker,25.59,7.63962
2026-04-18,Diésel,42.03,7.63962
2026-04-18,GLP,98.0,7.63962
2026-04-18,Regular,38.21,7.63962
2026-04-18,Superior,39.21,7.63962
2026-04-19,Búnker,25.59,7.63962
2026-04-19,Diésel,42.03,7.63962
2026-04-19,GLP,98.0,7.63962
2026-04-19,Regular,38.21,7.63962
2026-04-19,Superior,39.21,7.63962
2026-04-20,Búnker,25.09,7.63709
2026-04-20,Diésel,41.16,7.63709
2026-04-20,GLP,110.0,7.63709
2026-04-20,Regular,37.99,7.63709
2026-04-20,Superior,38.99,7.63709
2026-04-21,Búnker,25.09,7.63568
2026-04-21,Diésel,41.16,7.63568
2026-04-21,GLP,110.0,7.63568
2026-04-21,Regular,37.99,7.63568
2026-04-21,Superior,38.99,7.63568
2026-04-22,Búnker,25.09,7.63726
2026-04-22,Diésel,41.16,7.63726
2026-04-22,GLP,110.0,7.63726
2026-04-22,Regular,37.99,7.63726
2026-04-22,Superior,38.99,7.63726
2026-04-23,Búnker,25.09,7.63875
2026-04-23,Diésel,41.12,7.63875
2026-04-23,GLP,110.0,7.63875
2026-04-23,Regular,38.81,7.63875
2026-04-23,Superior,39.81,7.63875
2026-04-24,Búnker,25.09,7.63867
2026-04-24,Diésel,41.12,7.63867
2026-04-24,GLP,110.0,7.63867
2026-04-24,Regular,38.81,7.63867
2026-04-24,Superior,39.81,7.63867
2026-04-25,Búnker,25.09,7.63867
2026-04-25,Diésel,41.12,7.63867
2026-04-25,GLP,110.0,7.63867
2026-04-25,Regular,38.81,7.63867
2026-04-25,Superior,39.81,7.63867
2026-04-26,Búnker,25.09,7.63867
2026-04-26,Diésel,41.12,7.63867
2026-04-26,GLP,110.0,7.63867
2026-04-26,Regular,38.81,7.63867
2026-04-26,Superior,39.81,7.63867
2026-04-27,Búnker,26.09,7.63378
2026-04-27,Diésel,42.24,7.63378
2026-04-27,GLP,110.0,7.63378
2026-04-27,Regular,40.31,7.63378
2026-04-27,Superior,41.33,7.63378
2026-04-28,Búnker,26.09,7.63391
2026-04-28,Diésel,34.32,7.63391
2026-04-28,GLP,110.0,7.63391
2026-04-28,Regular,35.76,7.63391
2026-04-28,Superior,36.76,7.63391
2026-04-29,Búnker,26.09,7.63476
2026-04-29,Diésel,34.32,7.63476
2026-04-29,GLP,110.0,7.63476
2026-04-29,Regular,35.76,7.63476
2026-04-29,Superior,36.76,7.63476
2026-04-30,Búnker,26.09,7.63627
2026-04-30,Diésel,34.32,7.63627
2026-04-30,GLP,110.0,7.63627
2026-04-30,Regular,35.76,7.63627
2026-04-30,Superior,36.76,7.63627
2026-05-01,Búnker,26.09,7.63627
2026-05-01,Diésel,34.32,7.63627
2026-05-01,GLP,110.0,7.63627
2026-05-01,Regular,35.76,7.63627
2026-05-01,Superior,36.76,7.63627
2026-05-02,Búnker,26.09,7.63627
2026-05-02,Diésel,34.32,7.63627
2026-05-02,GLP,110.0,7.63627
2026-05-02,Regular,35.76,7.63627
2026-05-02,Superior,36.76,7.63627
2026-05-03,Búnker,26.09,7.63627
2026-05-03,Diésel,34.32,7.63627
2026-05-03,GLP,110.0,7.63627
2026-05-03,Regular,35.76,7.63627
2026-05-03,Superior,36.76,7.63627
2026-05-04,Búnker,26.09,7.63079
2026-05-04,Diésel,34.32,7.63079
2026-05-04,GLP,110.0,7.63079
2026-05-04,Regular,35.76,7.63079
2026-05-04,Superior,36.76,7.63079
2026-05-05,Búnker,27.59,7.63017
2026-05-05,Diésel,35.93,7.63017
2026-05-05,GLP,110.0,7.63017
2026-05-05,Regular,38.33,7.63017
2026-05-05,Superior,39.33,7.63017
2026-05-06,Búnker,27.59,7.6312
2026-05-06,Diésel,35.93,7.6312
2026-05-06,GLP,110.0,7.6312
2026-05-06,Regular,38.33,7.6312
2026-05-06,Superior,39.33,7.6312
2026-05-07,Búnker,27.59,7.63027
2026-05-07,Diésel,35.93,7.63027
2026-05-07,GLP,110.0,7.63027
2026-05-07,Regular,38.33,7.63027
2026-05-07,Superior,39.33,7.63027
2026-05-08,Búnker,27.59,7.62929
2026-05-08,Diésel,35.93,7.62929
2026-05-08,GLP,110.0,7.62929
2026-05-08,Regular,38.33,7.62929
2026-05-08,Superior,39.33,7.62929
2026-05-09,Búnker,27.59,7.62929
2026-05-09,Diésel,35.93,7.62929
2026-05-09,GLP,110.0,7.62929
2026-05-09,Regular,38.33,7.62929
2026-05-09,Superior,39.33,7.62929
2026-05-10,Búnker,27.59,7.62929
2026-05-10,Diésel,35.93,7.62929
2026-05-10,GLP,110.0,7.62929
2026-05-10,Regular,38.33,7.62929
2026-05-10,Superior,39.33,7.62929
2026-05-11,Búnker,27.59,7.62478
2026-05-11,Diésel,35.93,7.62478
2026-05-11,GLP,110.0,7.62478
2026-05-11,Regular,38.33,7.62478
2026-05-11,Superior,39.33,7.62478
2026-05-12,Búnker,27.59,7.62488
2026-05-12,Diésel,33.81,7.62488
2026-05-12,GLP,110.0,7.62488
2026-05-12,Regular,36.56,7.62488
2026-05-12,Superior,37.56,7.62488
2026-05-13,Búnker,27.59,7.62421
2026-05-13,Diésel,33.81,7.62421
2026-05-13,GLP,110.0,7.62421
2026-05-13,Regular,36.56,7.62421
2026-05-13,Superior,37.56,7.62421
2026-05-14,Búnker,27.59,7.62525
2026-05-14,Diésel,33.81,7.62525
2026-05-14,GLP,110.0,7.62525
2026-05-14,Regular,36.56,7.62525
2026-05-14,Superior,37.56,7.62525
2026-05-15,Búnker,27.59,7.62326
2026-05-15,Diésel,33.81,7.62326
2026-05-15,GLP,110.0,7.62326
2026-05-15,Regular,36.56,7.62326
2026-05-15,Superior,37.56,7.62326
2026-05-16,Búnker,27.59,7.62326
2026-05-16,Diésel,33.81,7.62326
2026-05-16,GLP,110.0,7.62326
2026-05-16,Regular,36.56,7.62326
2026-05-16,Superior,37.56,7.62326
2026-05-17,Búnker,27.59,7.62326
2026-05-17,Diésel,33.81,7.62326
2026-05-17,GLP,110.0,7.62326
2026-05-17,Regular,36.56,7.62326
2026-05-17,Superior,37.56,7.62326
2026-05-18,Búnker,27.59,7.61963
2026-05-18,Diésel,33.81,7.61963
2026-05-18,GLP,110.0,7.61963
2026-05-18,Regular,36.56,7.61963
2026-05-18,Superior,37.56,7.61963
2026-05-19,Búnker,26.59,7.61971
2026-05-19,Diésel,33.96,7.61971
2026-05-19,GLP,110.0,7.61971
2026-05-19,Regular,37.64,7.61971
2026-05-19,Superior,38.64,7.61971
2026-05-20,Búnker,26.59,7.62313
2026-05-20,Diésel,33.96,7.62313
2026-05-20,GLP,110.0,7.62313
2026-05-20,Regular,37.64,7.62313
2026-05-20,Superior,38.64,7.62313
2026-05-21,Búnker,26.59,7.62184
2026-05-21,Diésel,33.96,7.62184
2026-05-21,GLP,110.0,7.62184
2026-05-21,Regular,37.64,7.62184
2026-05-21,Superior,38.64,7.62184
2026-05-22,Búnker,26.59,7.62106
2026-05-22,Diésel,33.96,7.62106
2026-05-22,GLP,110.0,7.62106
2026-05-22,Regular,37.64,7.62106
2026-05-22,Superior,38.64,7.62106
2026-05-23,Búnker,26.59,7.62106
2026-05-23,Diésel,33.96,7.62106
2026-05-23,GLP,110.0,7.62106
2026-05-23,Regular,37.64,7.62106
2026-05-23,Superior,38.64,7.62106
2026-05-24,Búnker,26.59,7.62106
2026-05-24,Diésel,33.96,7.62106
2026-05-24,GLP,110.0,7.62106
2026-05-24,Regular,37.64,7.62106
2026-05-24,Superior,38.64,7.62106
2026-05-25,Búnker,26.59,7.61679
2026-05-25,Diésel,33.96,7.61679
2026-05-25,GLP,110.0,7.61679
2026-05-25,Regular,37.64,7.61679
2026-05-25,Superior,38.64,7.61679
2026-05-26,Búnker,26.59,7.6226
2026-05-26,Diésel,33.26,7.6226
2026-05-26,GLP,110.0,7.6226
2026-05-26,Regular,36.35,7.6226
2026-05-26,Superior,37.35,7.6226
2026-05-27,Búnker,26.59,7.62099
2026-05-27,Diésel,33.26,7.62099
2026-05-27,GLP,110.0,7.62099
2026-05-27,Regular,36.35,7.62099
2026-05-27,Superior,37.35,7.62099
2026-05-28,Búnker,26.59,7.6243
2026-05-28,Diésel,33.26,7.6243
2026-05-28,GLP,110.0,7.6243
2026-05-28,Regular,36.35,7.6243
2026-05-28,Superior,37.35,7.6243
2026-05-29,Búnker,26.59,7.6224
2026-05-29,Diésel,33.26,7.6224
2026-05-29,GLP,110.0,7.6224
2026-05-29,Regular,36.35,7.6224
2026-05-29,Superior,37.35,7.6224
2026-05-30,Búnker,26.59,7.6224
2026-05-30,Diésel,33.26,7.6224
2026-05-30,GLP,110.0,7.6224
2026-05-30,Regular,36.35,7.6224
2026-05-30,Superior,37.35,7.6224
2026-05-31,Búnker,26.59,7.6224
2026-05-31,Diésel,33.26,7.6224
2026-05-31,GLP,110.0,7.6224
2026-05-31,Regular,36.35,7.6224
2026-05-31,Superior,37.35,7.6224
2026-06-01,Búnker,26.59,7.61831
2026-06-01,Diésel,33.26,7.61831
2026-06-01,GLP,110.0,7.61831
2026-06-01,Regular,36.35,7.61831
2026-06-01,Superior,37.35,7.61831
2026-06-02,Búnker,26.59,7.62068
2026-06-02,Diésel,30.64,7.62068
2026-06-02,GLP,110.0,7.62068
2026-06-02,Regular,32.91,7.62068
2026-06-02,Superior,33.91,7.62068
2026-06-03,Búnker,26.59,7.61815
2026-06-03,Diésel,30.64,7.61815
2026-06-03,GLP,110.0,7.61815
2026-06-03,Regular,32.91,7.61815
2026-06-03,Superior,33.91,7.61815
2026-06-04,Búnker,26.59,7.61774
2026-06-04,Diésel,30.64,7.61774
2026-06-04,GLP,110.0,7.61774
2026-06-04,Regular,32.91,7.61774
2026-06-04,Superior,33.91,7.61774
2026-06-05,Búnker,26.59,7.61933
2026-06-05,Diésel,30.64,7.61933
2026-06-05,GLP,110.0,7.61933
2026-06-05,Regular,32.91,7.61933
2026-06-05,Superior,33.91,7.61933
2026-06-06,Búnker,26.59,7.61933
2026-06-06,Diésel,30.64,7.61933
2026-06-06,GLP,110.0,7.61933
2026-06-06,Regular,32.91,7.61933
2026-06-06,Superior,33.91,7.61933
2026-06-07,Búnker,26.59,7.61933
2026-06-07,Diésel,30.64,7.61933
2026-06-07,GLP,113.33,7.61933
2026-06-07,Regular,32.91,7.61933
2026-06-07,Superior,33.91,7.61933
2026-06-08,Búnker,26.59,7.61505
2026-06-08,Diésel,30.64,7.61505
2026-06-08,GLP,113.33,7.61505
2026-06-08,Regular,32.91,7.61505
2026-06-08,Superior,33.91,7.61505
2026-06-09,Búnker,25.8,7.61545
2026-06-09,Diésel,32.22,7.61545
2026-06-09,GLP,115.0,7.61545
2026-06-09,Regular,33.07,7.61545
2026-06-09,Superior,34.07,7.61545
2026-06-10,Búnker,25.8,7.61633
2026-06-10,Diésel,32.22,7.61633
2026-06-10,GLP,115.0,7.61633
2026-06-10,Regular,33.07,7.61633
2026-06-10,Superior,34.07,7.61633
2026-06-11,Búnker,25.8,7.61523
2026-06-11,Diésel,32.22,7.61523
2026-06-11,GLP,115.0,7.61523
2026-06-11,Regular,33.07,7.61523
2026-06-11,Superior,34.07,7.61523
2026-06-12,Búnker,25.8,7.6149
2026-06-12,Diésel,32.22,7.6149
2026-06-12,GLP,115.0,7.6149
2026-06-12,Regular,33.07,7.6149
2026-06-12,Superior,34.07,7.6149
2026-06-13,Búnker,25.8,7.6149
2026-06-13,Diésel,32.22,7.6149
2026-06-13,GLP,115.0,7.6149
2026-06-13,Regular,33.07,7.6149
2026-06-13,Superior,34.07,7.6149
2026-06-14,Búnker,25.8,7.6149
2026-06-14,Diésel,32.22,7.6149
2026-06-14,GLP,115.0,7.6149
2026-06-14,Regular,33.07,7.6149
2026-06-14,Superior,34.07,7.6149
2026-06-15,Búnker,25.8,7.61388
2026-06-15,Diésel,32.22,7.61388
2026-06-15,GLP,115.0,7.61388
2026-06-15,Regular,33.07,7.61388
2026-06-15,Superior,34.07,7.61388
2026-06-16,Búnker,25.4,7.61364
2026-06-16,Diésel,30.25,7.61364
2026-06-16,GLP,115.0,7.61364
2026-06-16,Regular,32.85,7.61364
2026-06-16,Superior,33.85,7.61364
2026-06-17,Búnker,25.4,7.61843
2026-06-17,Diésel,30.25,7.61843
2026-06-17,GLP,115.0,7.61843
2026-06-17,Regular,32.85,7.61843
2026-06-17,Superior,33.85,7.61843
2026-06-18,Búnker,25.4,7.61946
2026-06-18,Diésel,30.25,7.61946
2026-06-18,GLP,115.0,7.61946
2026-06-18,Regular,32.85,7.61946
2026-06-18,Superior,33.85,7.61946
2026-06-19,Búnker,25.4,7.61553
2026-06-19,Diésel,30.25,7.61553
2026-06-19,GLP,115.0,7.61553
2026-06-19,Regular,32.85,7.61553
2026-06-19,Superior,33.85,7.61553
2026-06-20,Búnker,25.4,7.61553
2026-06-20,Diésel,30.25,7.61553
2026-06-20,GLP,115.0,7.61553
2026-06-20,Regular,32.85,7.61553
2026-06-20,Superior,33.85,7.61553
2026-06-21,Búnker,25.4,7.61553
2026-06-21,Diésel,30.25,7.61553
2026-06-21,GLP,115.0,7.61553
2026-06-21,Regular,32.85,7.61553
2026-06-21,Superior,33.85,7.61553
2026-06-22,Búnker,25.4,7.62308
2026-06-22,Diésel,30.25,7.62308
2026-06-22,GLP,115.0,7.62308
2026-06-22,Regular,32.85,7.62308
2026-06-22,Superior,33.85,7.62308
2026-06-23,Búnker,24.4,7.61982
2026-06-23,Diésel,27.3,7.61982
2026-06-23,GLP,115.0,7.61982
2026-06-23,Regular,31.14,7.61982
2026-06-23,Superior,32.14,7.61982
2026-06-24,Búnker,24.4,7.62327
2026-06-24,Diésel,27.3,7.62327
2026-06-24,GLP,115.0,7.62327
2026-06-24,Regular,31.14,7.62327
2026-06-24,Superior,32.14,7.62327
2026-06-25,Búnker,24.4,7.62313
2026-06-25,Diésel,27.3,7.62313
2026-06-25,GLP,115.0,7.62313
2026-06-25,Regular,31.14,7.62313
2026-06-25,Superior,32.14,7.62313
2026-06-26,Búnker,24.4,7.62313
2026-06-26,Diésel,27.3,7.62313
2026-06-26,GLP,115.0,7.62313
2026-06-26,Regular,31.14,7.62313
2026-06-26,Superior,32.14,7.62313
2026-06-27,Búnker,24.4,7.62313
2026-06-27,Diésel,27.3,7.62313
2026-06-27,GLP,115.0,7.62313
2026-06-27,Regular,31.14,7.62313
2026-06-27,Superior,32.14,7.62313
2026-06-28,Búnker,24.4,7.62313
2026-06-28,Diésel,27.3,7.62313
2026-06-28,GLP,115.0,7.62313
2026-06-28,Regular,31.14,7.62313
2026-06-28,Superior,32.14,7.62313
2026-06-29,Búnker,24.4,7.62313
2026-06-29,Diésel,27.3,7.62313
2026-06-29,GLP,115.0,7.62313
2026-06-29,Regular,31.14,7.62313
2026-06-29,Superior,32.14,7.62313
2026-06-30,Búnker,23.4,7.61812
2026-06-30,Diésel,27.29,7.61812
2026-06-30,GLP,115.0,7.61812
2026-06-30,Regular,31.09,7.61812
2026-06-30,Superior,32.09,7.61812
2026-07-01,Búnker,23.4,7.62415
2026-07-01,Diésel,27.29,7.62415
2026-07-01,GLP,115.0,7.62415
2026-07-01,Regular,31.09,7.62415
2026-07-01,Superior,32.09,7.62415
2026-07-02,Búnker,23.4,7.62342
2026-07-02,Diésel,27.29,7.62342
2026-07-02,GLP,115.0,7.62342
2026-07-02,Regular,31.09,7.62342
2026-07-02,Superior,32.09,7.62342
2026-07-03,Búnker,23.4,7.62032
2026-07-03,Diésel,27.29,7.62032
2026-07-03,GLP,115.0,7.62032
2026-07-03,Regular,31.09,7.62032
2026-07-03,Superior,32.09,7.62032
2026-07-04,Búnker,23.4,7.62032
2026-07-04,Diésel,27.29,7.62032
2026-07-04,GLP,115.0,7.62032
2026-07-04,Regular,31.09,7.62032
2026-07-04,Superior,32.09,7.62032
2026-07-05,Búnker,23.4,7.62032
2026-07-05,Diésel,27.29,7.62032
2026-07-05,GLP,115.0,7.62032
2026-07-05,Regular,31.09,7.62032
2026-07-05,Superior,32.09,7.62032
2026-07-06,Búnker,23.4,7.62394
2026-07-06,Diésel,35.17,7.62394
2026-07-06,GLP,115.0,7.62394
2026-07-06,Regular,36.01,7.62394
2026-07-06,Superior,37.01,7.62394
2026-07-07,Búnker,22.65,7.62074
2026-07-07,Diésel,35.17,7.62074
2026-07-07,GLP,115.0,7.62074
2026-07-07,Regular,36.01,7.62074
2026-07-07,Superior,37.01,7.62074
2026-07-08,Búnker,22.65,7.62112
2026-07-08,Diésel,35.17,7.62112
2026-07-08,GLP,115.0,7.62112
2026-07-08,Regular,36.01,7.62112
2026-07-08,Superior,37.01,7.62112
2026-07-09,Búnker,22.65,7.62129
2026-07-09,Diésel,35.17,7.62129
2026-07-09,GLP,115.0,7.62129
2026-07-09,Regular,36.01,7.62129
2026-07-09,Superior,37.01,7.62129
2026-07-10,Búnker,22.65,7.62551
2026-07-10,Diésel,35.17,7.62551
2026-07-10,GLP,115.0,7.62551
2026-07-10,Regular,36.01,7.62551
2026-07-10,Superior,37.01,7.62551
2026-07-11,Búnker,22.65,7.62551
2026-07-11,Diésel,35.17,7.62551
2026-07-11,GLP,115.0,7.62551
2026-07-11,Regular,36.01,7.62551
2026-07-11,Superior,37.01,7.62551
2026-07-12,Búnker,22.65,7.62551
2026-07-12,Diésel,35.17,7.62551
2026-07-12,GLP,115.0,7.62551
2026-07-12,Regular,36.01,7.62551
2026-07-12,Superior,37.01,7.62551
2026-07-13,Búnker,22.65,7.6178
2026-07-13,Diésel,37.58,7.6178
2026-07-13,GLP,115.0,7.6178
2026-07-13,Regular,38.07,7.6178
2026-07-13,Superior,39.06,7.6178
2026-07-14,Búnker,22.65,7.61766
2026-07-14,Diésel,37.58,7.61766
2026-07-14,GLP,115.0,7.61766
2026-07-14,Regular,38.07,7.61766
2026-07-14,Superior,39.06,7.61766
2026-07-15,Búnker,22.65,7.61989
2026-07-15,Diésel,37.58,7.61989
2026-07-15,GLP,115.0,7.61989
2026-07-15,Regular,38.07,7.61989
2026-07-15,Superior,39.06,7.61989
2026-07-16,Búnker,22.65,7.62091
2026-07-16,Diésel,37.58,7.62091
2026-07-16,GLP,115.0,7.62091
2026-07-16,Regular,38.07,7.62091
2026-07-16,Superior,39.06,7.62091
2026-07-17,Búnker,22.65,7.62311
2026-07-17,Diésel,37.58,7.62311
2026-07-17,GLP,115.0,7.62311
2026-07-17,Regular,38.07,7.62311
2026-07-17,Superior,39.06,7.62311
2026-07-18,Búnker,22.65,7.62311
2026-07-18,Diésel,37.58,7.62311
2026-07-18,GLP,115.0,7.62311
2026-07-18,Regular,38.07,7.62311
2026-07-18,Superior,39.06,7.62311
2026-07-19,Búnker,22.65,7.62311
2026-07-19,Diésel,37.58,7.62311
2026-07-19,GLP,115.0,7.62311
2026-07-19,Regular,38.07,7.62311
2026-07-19,Superior,39.06,7.62311
2026-07-20,Búnker,23.65,7.61911
2026-07-20,Diésel,39.54,7.61911
2026-07-20,GLP,115.0,7.61911
2026-07-20,Regular,38.56,7.61911
2026-07-20,Superior,39.56,7.61911
2026-07-21,Búnker,23.65,7.61923
2026-07-21,Diésel,39.54,7.61923
2026-07-21,GLP,115.0,7.61923
2026-07-21,Regular,38.56,7.61923
2026-07-21,Superior,39.56,7.61923
2026-07-22,Búnker,23.65,7.62466
2026-07-22,Diésel,42.26,7.62466
2026-07-22,GLP,115.0,7.62466
2026-07-22,Regular,40.07,7.62466
2026-07-22,Superior,41.07,7.62466
2026-07-23,Búnker,23.65,7.62355
2026-07-23,Diésel,42.26,7.62355
2026-07-23,GLP,115.0,7.62355
2026-07-23,Regular,40.07,7.62355
2026-07-23,Superior,41.07,7.62355
2026-07-24,Búnker,23.65,7.62581
2026-07-24,Diésel,42.26,7.62581
2026-07-24,GLP,115.0,7.62581
2026-07-24,Regular,40.07,7.62581
2026-07-24,Superior,41.07,7.62581
2026-07-25,Búnker,23.65,7.62581
2026-07-25,Diésel,42.26,7.62581
2026-07-25,GLP,115.0,7.62581
2026-07-25,Regular,40.07,7.62581
2026-07-25,Superior,41.07,7.62581
2026-07-26,Búnker,23.65,7.62581
2026-07-26,Diésel,42.26,7.62581
2026-07-26,GLP,115.0,7.62581
2026-07-26,Regular,40.07,7.62581
2026-07-26,Superior,41.07,7.62581
2026-07-27,Búnker,24.15,7.61893
2026-07-27,Diésel,43.72,7.61893
2026-07-27,GLP,115.0,7.61893
2026-07-27,Regular,41.03,7.61893
2026-07-27,Superior,42.03,7.61893
2026-07-28,Búnker,20.745,7.62149
2026-07-28,Diésel,43.72,7.62149
2026-07-28,GLP,115.0,7.62149
2026-07-28,Regular,41.03,7.62149
2026-07-28,Superior,42.03,7.62149
2026-07-29,Búnker,24.15,7.62445
2026-07-29,Diésel,43.72,7.62445
2026-07-29,GLP,115.0,7.62445
2026-07-29,Regular,41.03,7.62445
2026-07-29,Superior,42.03,7.62445
2026-07-30,Búnker,20.745,7.62552
2026-07-30,Diésel,43.72,7.62552
2026-07-30,GLP,115.0,7.62552
2026-07-30,Regular,41.03,7.62552
2026-07-30,Superior,42.03,7.62552
2026-07-31,Búnker,20.75,7.62484
2026-07-31,Diésel,43.72,7.62484
2026-07-31,GLP,115.0,7.62484
2026-07-31,Regular,41.03,7.62484
2026-07-31,Superior,42.03,7.62484
2026-08-01,Búnker,20.75,7.62484
2026-08-01,Diésel,43.72,7.62484
2026-08-01,GLP,115.0,7.62484
2026-08-01,Regular,41.03,7.62484
2026-08-01,Superior,42.03,7.62484
2026-08-02,Búnker,20.75,7.62484
2026-08-02,Diésel,43.72,7.62484
2026-08-02,GLP,115.0,7.62484
2026-08-02,Regular,41.03,7.62484
2026-08-02,Superior,42.03,7.62484
2026-08-03,Búnker,20.75,7.6188
2026-08-03,Diésel,43.8,7.6188
2026-08-03,GLP,115.0,7.6188
2026-08-03,Regular,41.08,7.6188
2026-08-03,Superior,42.08,7.6188
2026-08-04,Búnker,20.75,7.6206
2026-08-04,Diésel,43.8,7.6206
2026-08-04,GLP,115.0,7.6206
2026-08-04,Regular,41.08,7.6206
2026-08-04,Superior,42.08,7.6206
2026-08-05,Búnker,20.75,7.62541
2026-08-05,Diésel,43.8,7.62541
2026-08-05,GLP,115.0,7.62541
2026-08-05,Regular,41.08,7.62541
2026-08-05,Superior,42.08,7.62541
2026-08-06,Búnker,24.15,7.62394
2026-08-06,Diésel,43.8,7.62394
2026-08-06,GLP,115.0,7.62394
2026-08-06,Regular,41.08,7.62394
2026-08-06,Superior,42.08,7.62394
2026-08-07,Búnker,20.25,7.62354
2026-08-07,Diésel,43.8,7.62354
2026-08-07,GLP,115.0,7.62354
2026-08-07,Regular,41.08,7.62354
2026-08-07,Superior,42.08,7.62354
2026-08-08,Búnker,20.25,7.62354
2026-08-08,Diésel,43.8,7.62354
2026-08-08,GLP,115.0,7.62354
2026-08-08,Regular,41.08,7.62354
2026-08-08,Superior,42.08,7.62354
2026-08-09,Búnker,20.25,7.62354
2026-08-09,Diésel,43.8,7.62354
2026-08-09,GLP,115.0,7.62354
2026-08-09,Regular,41.08,7.62354
2026-08-09,Superior,42.08,7.62354
2026-08-10,Búnker,20.25,7.61901
2026-08-10,Diésel,42.28,7.61901
2026-08-10,GLP,115.0,7.61901
2026-08-10,Regular,38.36,7.61901
2026-08-10,Superior,39.39,7.61901
2026-08-11,Búnker,23.45,7.6182
2026-08-11,Diésel,42.28,7.6182
2026-08-11,GLP,115.0,7.6182
2026-08-11,Regular,38.36,7.6182
2026-08-11,Superior,39.39,7.6182
2026-08-12,Búnker,23.45,7.62365
2026-08-12,Diésel,42.28,7.62365
2026-08-12,GLP,115.0,7.62365
2026-08-12,Regular,38.36,7.62365
2026-08-12,Superior,39.39,7.62365
2026-08-13,Búnker,23.65,7.6231
2026-08-13,Diésel,42.28,7.6231
2026-08-13,GLP,115.0,7.6231
2026-08-13,Regular,38.36,7.6231
2026-08-13,Superior,39.39,7.6231
2026-08-14,Búnker,23.65,7.6231
2026-08-14,Diésel,42.28,7.6231
2026-08-14,GLP,115.0,7.6231
2026-08-14,Regular,38.36,7.6231
2026-08-14,Superior,39.39,7.6231
2026-08-15,Búnker,23.45,7.6231
2026-08-15,Diésel,42.28,7.6231
2026-08-15,GLP,115.0,7.6231
2026-08-15,Regular,38.36,7.6231
2026-08-15,Superior,39.39,7.6231
2026-08-16,Búnker,23.45,7.6231
2026-08-16,Diésel,42.28,7.6231
2026-08-16,GLP,115.0,7.6231
2026-08-16,Regular,38.36,7.6231
2026-08-16,Superior,39.39,7.6231
2026-08-17,Búnker,23.45,7.61992
2026-08-17,Diésel,43.92,7.61992
2026-08-17,GLP,115.0,7.61992
2026-08-17,Regular,38.91,7.61992
2026-08-17,Superior,39.91,7.61992
2026-08-18,Búnker,23.45,7.62157
2026-08-18,Diésel,43.92,7.62157
2026-08-18,GLP,115.0,7.62157
2026-08-18,Regular,38.91,7.62157
2026-08-18,Superior,39.91,7.62157
2026-08-19,Búnker,23.45,7.62413
2026-08-19,Diésel,43.92,7.62413
2026-08-19,GLP,115.0,7.62413
2026-08-19,Regular,38.91,7.62413
2026-08-19,Superior,39.91,7.62413
2026-08-20,Búnker,23.45,7.62365
2026-08-20,Diésel,43.92,7.62365
2026-08-20,GLP,115.0,7.62365
2026-08-20,Regular,38.91,7.62365
2026-08-20,Superior,39.91,7.62365
2026-08-21,Búnker,23.45,7.62415
2026-08-21,Diésel,43.92,7.62415
2026-08-21,GLP,115.0,7.62415
2026-08-21,Regular,38.91,7.62415
2026-08-21,Superior,39.91,7.62415
2026-08-22,Búnker,23.45,7.62415
2026-08-22,Diésel,43.92,7.62415
2026-08-22,GLP,115.0,7.62415
2026-08-22,Regular,38.91,7.62415
2026-08-22,Superior,39.91,7.62415
2026-08-23,Búnker,23.45,7.62415
2026-08-23,Diésel,43.92,7.62415
2026-08-23,GLP,115.0,7.62415
2026-08-23,Regular,38.91,7.62415
2026-08-23,Superior,39.91,7.62415
2026-08-24,Búnker,24.45,7.62117
2026-08-24,Diésel,45.33,7.62117
2026-08-24,GLP,115.0,7.62117
2026-08-24,Regular,39.23,7.62117
2026-08-24,Superior,40.56,7.62117
2026-08-25,Búnker,24.45,7.62033
2026-08-25,Diésel,45.33,7.62033
2026-08-25,GLP,115.0,7.62033
2026-08-25,Regular,39.23,7.62033
2026-08-25,Superior,40.56,7.62033
2026-08-26,Búnker,24.45,7.62463
2026-08-26,Diésel,45.33,7.62463
2026-08-26,GLP,115.0,7.62463
2026-08-26,Regular,39.23,7.62463
2026-08-26,Superior,40.56,7.62463
2026-08-27,Búnker,24.45,7.62708
2026-08-27,Diésel,45.33,7.62708
2026-08-27,GLP,115.0,7.62708
2026-08-27,Regular,39.23,7.62708
2026-08-27,Superior,40.56,7.62708
2026-08-28,Búnker,23.45,7.62422
2026-08-28,Diésel,45.37,7.62422
2026-08-28,GLP,115.0,7.62422
2026-08-28,Regular,38.76,7.62422
2026-08-28,Superior,40.58,7.62422
2026-08-29,Búnker,24.45,7.62422
2026-08-29,Diésel,45.37,7.62422
2026-08-29,GLP,115.0,7.62422
2026-08-29,Regular,38.76,7.62422
2026-08-29,Superior,40.58,7.62422
2026-08-30,Búnker,24.45,7.62422
2026-08-30,Diésel,45.37,7.62422
2026-08-30,GLP,115.0,7.62422
2026-08-30,Regular,38.76,7.62422
2026-08-30,Superior,40.58,7.62422
2026-08-31,Búnker,23.46,7.62235
2026-08-31,Diésel,44.71,7.62235
2026-08-31,GLP,115.0,7.62235
2026-08-31,Regular,38.64,7.62235
2026-08-31,Superior,40.58,7.62235
2026-09-01,Búnker,23.45,7.62479
2026-09-01,Diésel,44.71,7.62479
2026-09-01,GLP,115.0,7.62479
2026-09-01,Regular,38.64,7.62479
2026-09-01,Superior,40.58,7.62479
